sequence_id,speaker_id,sequence_index,utterance_ids,window_files,labels,sequence_label,escalation_label,split
seq_000000,10,0,"[""10_03-01-01-01-01-01-10"", ""10_03-01-01-01-01-02-10"", ""10_03-01-01-01-02-01-10"", ""10_03-01-01-01-02-02-10""]","[""data/processed/audio/train/10_03-01-01-01-01-01-10_win0.wav"", ""data/processed/audio/train/10_03-01-01-01-01-02-10_win0.wav"", ""data/processed/audio/train/10_03-01-01-01-02-01-10_win0.wav"", ""data/processed/audio/train/10_03-01-01-01-02-02-10_win0.wav""]","[0, 0, 0, 0]",0,0,train
seq_000001,10,1,"[""10_03-01-01-01-01-02-10"", ""10_03-01-01-01-02-01-10"", ""10_03-01-01-01-02-02-10"", ""10_03-01-02-01-01-01-10""]","[""data/processed/audio/train/10_03-01-01-01-01-02-10_win0.wav"", ""data/processed/audio/train/10_03-01-01-01-02-01-10_win0.wav"", ""data/processed/audio/train/10_03-01-01-01-02-02-10_win0.wav"", ""data/processed/audio/train/10_03-01-02-01-01-01-10_win0.wav""]","[0, 0, 0, 0]",0,0,train
seq_000002,10,2,"[""10_03-01-01-01-02-01-10"", ""10_03-01-01-01-02-02-10"", ""10_03-01-02-01-01-01-10"", ""10_03-01-02-01-01-02-10""]","[""data/processed/audio/train/10_03-01-01-01-02-01-10_win0.wav"", ""data/processed/audio/train/10_03-01-01-01-02-02-10_win0.wav"", ""data/processed/audio/train/10_03-01-02-01-01-01-10_win0.wav"", ""data/processed/audio/train/10_03-01-02-01-01-02-10_win0.wav""]","[0, 0, 0, 0]",0,0,train
seq_000003,10,3,"[""10_03-01-01-01-02-02-10"", ""10_03-01-02-01-01-01-10"", ""10_03-01-02-01-01-02-10"", ""10_03-01-02-01-02-01-10""]","[""data/processed/audio/train/10_03-01-01-01-02-02-10_win0.wav"", ""data/processed/audio/train/10_03-01-02-01-01-01-10_win0.wav"", ""data/processed/audio/train/10_03-01-02-01-01-02-10_win0.wav"", ""data/processed/audio/train/10_03-01-02-01-02-01-10_win0.wav""]","[0, 0, 0, 0]",0,0,train
seq_000004,10,4,"[""10_03-01-02-01-01-01-10"", ""10_03-01-02-01-01-02-10"", ""10_03-01-02-01-02-01-10"", ""10_03-01-02-01-02-02-10""]","[""data/processed/audio/train/10_03-01-02-01-01-01-10_win0.wav"", ""data/processed/audio/train/10_03-01-02-01-01-02-10_win0.wav"", ""data/processed/audio/train/10_03-01-02-01-02-01-10_win0.wav"", ""data/processed/audio/train/10_03-01-02-01-02-02-10_win0.wav""]","[0, 0, 0, 0]",0,0,train
seq_000005,10,5,"[""10_03-01-02-01-01-02-10"", ""10_03-01-02-01-02-01-10"", ""10_03-01-02-01-02-02-10"", ""10_03-01-02-02-01-01-10""]","[""data/processed/audio/train/10_03-01-02-01-01-02-10_win0.wav"", ""data/processed/audio/train/10_03-01-02-01-02-01-10_win0.wav"", ""data/processed/audio/train/10_03-01-02-01-02-02-10_win0.wav"", ""data/processed/audio/train/10_03-01-02-02-01-01-10_win0.wav""]","[0, 0, 0, 0]",0,0,train
seq_000006,10,6,"[""10_03-01-02-01-02-01-10"", ""10_03-01-02-01-02-02-10"", ""10_03-01-02-02-01-01-10"", ""10_03-01-02-02-01-02-10""]","[""data/processed/audio/train/10_03-01-02-01-02-01-10_win0.wav"", ""data/processed/audio/train/10_03-01-02-01-02-02-10_win0.wav"", ""data/processed/audio/train/10_03-01-02-02-01-01-10_win0.wav"", ""data/processed/audio/train/10_03-01-02-02-01-02-10_win0.wav""]","[0, 0, 0, 0]",0,0,train
seq_000007,10,7,"[""10_03-01-02-01-02-02-10"", ""10_03-01-02-02-01-01-10"", ""10_03-01-02-02-01-02-10"", ""10_03-01-02-02-02-01-10""]","[""data/processed/audio/train/10_03-01-02-01-02-02-10_win0.wav"", ""data/processed/audio/train/10_03-01-02-02-01-01-10_win0.wav"", ""data/processed/audio/train/10_03-01-02-02-01-02-10_win0.wav"", ""data/processed/audio/train/10_03-01-02-02-02-01-10_win0.wav""]","[0, 0, 0, 0]",0,0,train
seq_000008,10,8,"[""10_03-01-02-02-01-01-10"", ""10_03-01-02-02-01-02-10"", ""10_03-01-02-02-02-01-10"", ""10_03-01-02-02-02-02-10""]","[""data/processed/audio/train/10_03-01-02-02-01-01-10_win0.wav"", ""data/processed/audio/train/10_03-01-02-02-01-02-10_win0.wav"", ""data/processed/audio/train/10_03-01-02-02-02-01-10_win0.wav"", ""data/processed/audio/train/10_03-01-02-02-02-02-10_win0.wav""]","[0, 0, 0, 0]",0,0,train
seq_000009,10,9,"[""10_03-01-02-02-01-02-10"", ""10_03-01-02-02-02-01-10"", ""10_03-01-02-02-02-02-10"", ""10_03-01-03-01-01-01-10""]","[""data/processed/audio/train/10_03-01-02-02-01-02-10_win0.wav"", ""data/processed/audio/train/10_03-01-02-02-02-01-10_win0.wav"", ""data/processed/audio/train/10_03-01-02-02-02-02-10_win0.wav"", ""data/processed/audio/train/10_03-01-03-01-01-01-10_win0.wav""]","[0, 0, 0, 0]",0,0,train
seq_000010,10,10,"[""10_03-01-02-02-02-01-10"", ""10_03-01-02-02-02-02-10"", ""10_03-01-03-01-01-01-10"", ""10_03-01-03-01-01-02-10""]","[""data/processed/audio/train/10_03-01-02-02-02-01-10_win0.wav"", ""data/processed/audio/train/10_03-01-02-02-02-02-10_win0.wav"", ""data/processed/audio/train/10_03-01-03-01-01-01-10_win0.wav"", ""data/processed/audio/train/10_03-01-03-01-01-02-10_win0.wav""]","[0, 0, 0, 0]",0,0,train
seq_000011,10,11,"[""10_03-01-02-02-02-02-10"", ""10_03-01-03-01-01-01-10"", ""10_03-01-03-01-01-02-10"", ""10_03-01-03-01-02-01-10""]","[""data/processed/audio/train/10_03-01-02-02-02-02-10_win0.wav"", ""data/processed/audio/train/10_03-01-03-01-01-01-10_win0.wav"", ""data/processed/audio/train/10_03-01-03-01-01-02-10_win0.wav"", ""data/processed/audio/train/10_03-01-03-01-02-01-10_win0.wav""]","[0, 0, 0, 0]",0,0,train
seq_000012,10,12,"[""10_03-01-03-01-01-01-10"", ""10_03-01-03-01-01-02-10"", ""10_03-01-03-01-02-01-10"", ""10_03-01-03-01-02-02-10""]","[""data/processed/audio/train/10_03-01-03-01-01-01-10_win0.wav"", ""data/processed/audio/train/10_03-01-03-01-01-02-10_win0.wav"", ""data/processed/audio/train/10_03-01-03-01-02-01-10_win0.wav"", ""data/processed/audio/train/10_03-01-03-01-02-02-10_win0.wav""]","[0, 0, 0, 0]",0,0,train
seq_000013,10,13,"[""10_03-01-03-01-01-02-10"", ""10_03-01-03-01-02-01-10"", ""10_03-01-03-01-02-02-10"", ""10_03-01-03-02-01-01-10""]","[""data/processed/audio/train/10_03-01-03-01-01-02-10_win0.wav"", ""data/processed/audio/train/10_03-01-03-01-02-01-10_win0.wav"", ""data/processed/audio/train/10_03-01-03-01-02-02-10_win0.wav"", ""data/processed/audio/train/10_03-01-03-02-01-01-10_win0.wav""]","[0, 0, 0, 0]",0,0,train
seq_000014,10,14,"[""10_03-01-03-01-02-01-10"", ""10_03-01-03-01-02-02-10"", ""10_03-01-03-02-01-01-10"", ""10_03-01-03-02-01-02-10""]","[""data/processed/audio/train/10_03-01-03-01-02-01-10_win0.wav"", ""data/processed/audio/train/10_03-01-03-01-02-02-10_win0.wav"", ""data/processed/audio/train/10_03-01-03-02-01-01-10_win0.wav"", ""data/processed/audio/train/10_03-01-03-02-01-02-10_win0.wav""]","[0, 0, 0, 0]",0,0,train
seq_000015,10,15,"[""10_03-01-03-01-02-02-10"", ""10_03-01-03-02-01-01-10"", ""10_03-01-03-02-01-02-10"", ""10_03-01-03-02-02-01-10""]","[""data/processed/audio/train/10_03-01-03-01-02-02-10_win0.wav"", ""data/processed/audio/train/10_03-01-03-02-01-01-10_win0.wav"", ""data/processed/audio/train/10_03-01-03-02-01-02-10_win0.wav"", ""data/processed/audio/train/10_03-01-03-02-02-01-10_win0.wav""]","[0, 0, 0, 0]",0,0,train
seq_000016,10,16,"[""10_03-01-03-02-01-01-10"", ""10_03-01-03-02-01-02-10"", ""10_03-01-03-02-02-01-10"", ""10_03-01-03-02-02-02-10""]","[""data/processed/audio/train/10_03-01-03-02-01-01-10_win0.wav"", ""data/processed/audio/train/10_03-01-03-02-01-02-10_win0.wav"", ""data/processed/audio/train/10_03-01-03-02-02-01-10_win0.wav"", ""data/processed/audio/train/10_03-01-03-02-02-02-10_win0.wav""]","[0, 0, 0, 0]",0,0,train
seq_000017,10,17,"[""10_03-01-03-02-01-02-10"", ""10_03-01-03-02-02-01-10"", ""10_03-01-03-02-02-02-10"", ""10_03-01-04-01-01-01-10""]","[""data/processed/audio/train/10_03-01-03-02-01-02-10_win0.wav"", ""data/processed/audio/train/10_03-01-03-02-02-01-10_win0.wav"", ""data/processed/audio/train/10_03-01-03-02-02-02-10_win0.wav"", ""data/processed/audio/train/10_03-01-04-01-01-01-10_win0.wav""]","[0, 0, 0, 0]",0,0,train
seq_000018,10,18,"[""10_03-01-03-02-02-01-10"", ""10_03-01-03-02-02-02-10"", ""10_03-01-04-01-01-01-10"", ""10_03-01-04-01-01-02-10""]","[""data/processed/audio/train/10_03-01-03-02-02-01-10_win0.wav"", ""data/processed/audio/train/10_03-01-03-02-02-02-10_win0.wav"", ""data/processed/audio/train/10_03-01-04-01-01-01-10_win0.wav"", ""data/processed/audio/train/10_03-01-04-01-01-02-10_win0.wav""]","[0, 0, 0, 0]",0,0,train
seq_000019,10,19,"[""10_03-01-03-02-02-02-10"", ""10_03-01-04-01-01-01-10"", ""10_03-01-04-01-01-02-10"", ""10_03-01-04-01-02-01-10""]","[""data/processed/audio/train/10_03-01-03-02-02-02-10_win0.wav"", ""data/processed/audio/train/10_03-01-04-01-01-01-10_win0.wav"", ""data/processed/audio/train/10_03-01-04-01-01-02-10_win0.wav"", ""data/processed/audio/train/10_03-01-04-01-02-01-10_win0.wav""]","[0, 0, 0, 0]",0,0,train
seq_000020,10,20,"[""10_03-01-04-01-01-01-10"", ""10_03-01-04-01-01-02-10"", ""10_03-01-04-01-02-01-10"", ""10_03-01-04-01-02-02-10""]","[""data/processed/audio/train/10_03-01-04-01-01-01-10_win0.wav"", ""data/processed/audio/train/10_03-01-04-01-01-02-10_win0.wav"", ""data/processed/audio/train/10_03-01-04-01-02-01-10_win0.wav"", ""data/processed/audio/train/10_03-01-04-01-02-02-10_win0.wav""]","[0, 0, 0, 0]",0,0,train
seq_000021,10,21,"[""10_03-01-04-01-01-02-10"", ""10_03-01-04-01-02-01-10"", ""10_03-01-04-01-02-02-10"", ""10_03-01-04-02-01-01-10""]","[""data/processed/audio/train/10_03-01-04-01-01-02-10_win0.wav"", ""data/processed/audio/train/10_03-01-04-01-02-01-10_win0.wav"", ""data/processed/audio/train/10_03-01-04-01-02-02-10_win0.wav"", ""data/processed/audio/train/10_03-01-04-02-01-01-10_win0.wav""]","[0, 0, 0, 0]",0,0,train
seq_000022,10,22,"[""10_03-01-04-01-02-01-10"", ""10_03-01-04-01-02-02-10"", ""10_03-01-04-02-01-01-10"", ""10_03-01-04-02-01-02-10""]","[""data/processed/audio/train/10_03-01-04-01-02-01-10_win0.wav"", ""data/processed/audio/train/10_03-01-04-01-02-02-10_win0.wav"", ""data/processed/audio/train/10_03-01-04-02-01-01-10_win0.wav"", ""data/processed/audio/train/10_03-01-04-02-01-02-10_win0.wav""]","[0, 0, 0, 0]",0,0,train
seq_000023,10,23,"[""10_03-01-04-01-02-02-10"", ""10_03-01-04-02-01-01-10"", ""10_03-01-04-02-01-02-10"", ""10_03-01-04-02-02-01-10""]","[""data/processed/audio/train/10_03-01-04-01-02-02-10_win0.wav"", ""data/processed/audio/train/10_03-01-04-02-01-01-10_win0.wav"", ""data/processed/audio/train/10_03-01-04-02-01-02-10_win0.wav"", ""data/processed/audio/train/10_03-01-04-02-02-01-10_win0.wav""]","[0, 0, 0, 0]",0,0,train
seq_000024,10,24,"[""10_03-01-04-02-01-01-10"", ""10_03-01-04-02-01-02-10"", ""10_03-01-04-02-02-01-10"", ""10_03-01-04-02-02-02-10""]","[""data/processed/audio/train/10_03-01-04-02-01-01-10_win0.wav"", ""data/processed/audio/train/10_03-01-04-02-01-02-10_win0.wav"", ""data/processed/audio/train/10_03-01-04-02-02-01-10_win0.wav"", ""data/processed/audio/train/10_03-01-04-02-02-02-10_win0.wav""]","[0, 0, 0, 0]",0,0,train
seq_000025,10,25,"[""10_03-01-04-02-01-02-10"", ""10_03-01-04-02-02-01-10"", ""10_03-01-04-02-02-02-10"", ""10_03-01-05-01-01-01-10""]","[""data/processed/audio/train/10_03-01-04-02-01-02-10_win0.wav"", ""data/processed/audio/train/10_03-01-04-02-02-01-10_win0.wav"", ""data/processed/audio/train/10_03-01-04-02-02-02-10_win0.wav"", ""data/processed/audio/train/10_03-01-05-01-01-01-10_win0.wav""]","[0, 0, 0, 1]",1,0,train
seq_000026,10,26,"[""10_03-01-04-02-02-01-10"", ""10_03-01-04-02-02-02-10"", ""10_03-01-05-01-01-01-10"", ""10_03-01-05-01-01-02-10""]","[""data/processed/audio/train/10_03-01-04-02-02-01-10_win0.wav"", ""data/processed/audio/train/10_03-01-04-02-02-02-10_win0.wav"", ""data/processed/audio/train/10_03-01-05-01-01-01-10_win0.wav"", ""data/processed/audio/train/10_03-01-05-01-01-02-10_win0.wav""]","[0, 0, 1, 1]",1,1,train
seq_000027,10,27,"[""10_03-01-04-02-02-02-10"", ""10_03-01-05-01-01-01-10"", ""10_03-01-05-01-01-02-10"", ""10_03-01-05-01-02-01-10""]","[""data/processed/audio/train/10_03-01-04-02-02-02-10_win0.wav"", ""data/processed/audio/train/10_03-01-05-01-01-01-10_win0.wav"", ""data/processed/audio/train/10_03-01-05-01-01-02-10_win0.wav"", ""data/processed/audio/train/10_03-01-05-01-02-01-10_win0.wav""]","[0, 1, 1, 1]",1,1,train
seq_000028,10,28,"[""10_03-01-05-01-01-01-10"", ""10_03-01-05-01-01-02-10"", ""10_03-01-05-01-02-01-10"", ""10_03-01-05-01-02-02-10""]","[""data/processed/audio/train/10_03-01-05-01-01-01-10_win0.wav"", ""data/processed/audio/train/10_03-01-05-01-01-02-10_win0.wav"", ""data/processed/audio/train/10_03-01-05-01-02-01-10_win0.wav"", ""data/processed/audio/train/10_03-01-05-01-02-02-10_win0.wav""]","[1, 1, 1, 1]",1,0,train
seq_000029,10,29,"[""10_03-01-05-01-01-02-10"", ""10_03-01-05-01-02-01-10"", ""10_03-01-05-01-02-02-10"", ""10_03-01-05-02-01-01-10""]","[""data/processed/audio/train/10_03-01-05-01-01-02-10_win0.wav"", ""data/processed/audio/train/10_03-01-05-01-02-01-10_win0.wav"", ""data/processed/audio/train/10_03-01-05-01-02-02-10_win0.wav"", ""data/processed/audio/train/10_03-01-05-02-01-01-10_win0.wav""]","[1, 1, 1, 1]",1,0,train
seq_000030,10,30,"[""10_03-01-05-01-02-01-10"", ""10_03-01-05-01-02-02-10"", ""10_03-01-05-02-01-01-10"", ""10_03-01-05-02-01-02-10""]","[""data/processed/audio/train/10_03-01-05-01-02-01-10_win0.wav"", ""data/processed/audio/train/10_03-01-05-01-02-02-10_win0.wav"", ""data/processed/audio/train/10_03-01-05-02-01-01-10_win0.wav"", ""data/processed/audio/train/10_03-01-05-02-01-02-10_win0.wav""]","[1, 1, 1, 1]",1,0,train
seq_000031,10,31,"[""10_03-01-05-01-02-02-10"", ""10_03-01-05-02-01-01-10"", ""10_03-01-05-02-01-02-10"", ""10_03-01-05-02-02-01-10""]","[""data/processed/audio/train/10_03-01-05-01-02-02-10_win0.wav"", ""data/processed/audio/train/10_03-01-05-02-01-01-10_win0.wav"", ""data/processed/audio/train/10_03-01-05-02-01-02-10_win0.wav"", ""data/processed/audio/train/10_03-01-05-02-02-01-10_win0.wav""]","[1, 1, 1, 1]",1,0,train
seq_000032,10,32,"[""10_03-01-05-02-01-01-10"", ""10_03-01-05-02-01-02-10"", ""10_03-01-05-02-02-01-10"", ""10_03-01-05-02-02-02-10""]","[""data/processed/audio/train/10_03-01-05-02-01-01-10_win0.wav"", ""data/processed/audio/train/10_03-01-05-02-01-02-10_win0.wav"", ""data/processed/audio/train/10_03-01-05-02-02-01-10_win0.wav"", ""data/processed/audio/train/10_03-01-05-02-02-02-10_win0.wav""]","[1, 1, 1, 1]",1,0,train
seq_000033,10,33,"[""10_03-01-05-02-01-02-10"", ""10_03-01-05-02-02-01-10"", ""10_03-01-05-02-02-02-10"", ""10_03-01-06-01-01-01-10""]","[""data/processed/audio/train/10_03-01-05-02-01-02-10_win0.wav"", ""data/processed/audio/train/10_03-01-05-02-02-01-10_win0.wav"", ""data/processed/audio/train/10_03-01-05-02-02-02-10_win0.wav"", ""data/processed/audio/train/10_03-01-06-01-01-01-10_win0.wav""]","[1, 1, 1, 1]",1,0,train
seq_000034,10,34,"[""10_03-01-05-02-02-01-10"", ""10_03-01-05-02-02-02-10"", ""10_03-01-06-01-01-01-10"", ""10_03-01-06-01-01-02-10""]","[""data/processed/audio/train/10_03-01-05-02-02-01-10_win0.wav"", ""data/processed/audio/train/10_03-01-05-02-02-02-10_win0.wav"", ""data/processed/audio/train/10_03-01-06-01-01-01-10_win0.wav"", ""data/processed/audio/train/10_03-01-06-01-01-02-10_win0.wav""]","[1, 1, 1, 1]",1,0,train
seq_000035,10,35,"[""10_03-01-05-02-02-02-10"", ""10_03-01-06-01-01-01-10"", ""10_03-01-06-01-01-02-10"", ""10_03-01-06-01-02-01-10""]","[""data/processed/audio/train/10_03-01-05-02-02-02-10_win0.wav"", ""data/processed/audio/train/10_03-01-06-01-01-01-10_win0.wav"", ""data/processed/audio/train/10_03-01-06-01-01-02-10_win0.wav"", ""data/processed/audio/train/10_03-01-06-01-02-01-10_win0.wav""]","[1, 1, 1, 1]",1,0,train
seq_000036,10,36,"[""10_03-01-06-01-01-01-10"", ""10_03-01-06-01-01-02-10"", ""10_03-01-06-01-02-01-10"", ""10_03-01-06-01-02-02-10""]","[""data/processed/audio/train/10_03-01-06-01-01-01-10_win0.wav"", ""data/processed/audio/train/10_03-01-06-01-01-02-10_win0.wav"", ""data/processed/audio/train/10_03-01-06-01-02-01-10_win0.wav"", ""data/processed/audio/train/10_03-01-06-01-02-02-10_win0.wav""]","[1, 1, 1, 1]",1,0,train
seq_000037,10,37,"[""10_03-01-06-01-01-02-10"", ""10_03-01-06-01-02-01-10"", ""10_03-01-06-01-02-02-10"", ""10_03-01-06-02-01-01-10""]","[""data/processed/audio/train/10_03-01-06-01-01-02-10_win0.wav"", ""data/processed/audio/train/10_03-01-06-01-02-01-10_win0.wav"", ""data/processed/audio/train/10_03-01-06-01-02-02-10_win0.wav"", ""data/processed/audio/train/10_03-01-06-02-01-01-10_win0.wav""]","[1, 1, 1, 1]",1,0,train
seq_000038,10,38,"[""10_03-01-06-01-02-01-10"", ""10_03-01-06-01-02-02-10"", ""10_03-01-06-02-01-01-10"", ""10_03-01-06-02-01-02-10""]","[""data/processed/audio/train/10_03-01-06-01-02-01-10_win0.wav"", ""data/processed/audio/train/10_03-01-06-01-02-02-10_win0.wav"", ""data/processed/audio/train/10_03-01-06-02-01-01-10_win0.wav"", ""data/processed/audio/train/10_03-01-06-02-01-02-10_win0.wav""]","[1, 1, 1, 1]",1,0,train
seq_000039,10,39,"[""10_03-01-06-01-02-02-10"", ""10_03-01-06-02-01-01-10"", ""10_03-01-06-02-01-02-10"", ""10_03-01-06-02-02-01-10""]","[""data/processed/audio/train/10_03-01-06-01-02-02-10_win0.wav"", ""data/processed/audio/train/10_03-01-06-02-01-01-10_win0.wav"", ""data/processed/audio/train/10_03-01-06-02-01-02-10_win0.wav"", ""data/processed/audio/train/10_03-01-06-02-02-01-10_win0.wav""]","[1, 1, 1, 1]",1,0,train
seq_000040,10,40,"[""10_03-01-06-02-01-01-10"", ""10_03-01-06-02-01-02-10"", ""10_03-01-06-02-02-01-10"", ""10_03-01-06-02-02-02-10""]","[""data/processed/audio/train/10_03-01-06-02-01-01-10_win0.wav"", ""data/processed/audio/train/10_03-01-06-02-01-02-10_win0.wav"", ""data/processed/audio/train/10_03-01-06-02-02-01-10_win0.wav"", ""data/processed/audio/train/10_03-01-06-02-02-02-10_win0.wav""]","[1, 1, 1, 1]",1,0,train
seq_000041,10,41,"[""10_03-01-06-02-01-02-10"", ""10_03-01-06-02-02-01-10"", ""10_03-01-06-02-02-02-10"", ""10_03-01-07-01-01-01-10""]","[""data/processed/audio/train/10_03-01-06-02-01-02-10_win0.wav"", ""data/processed/audio/train/10_03-01-06-02-02-01-10_win0.wav"", ""data/processed/audio/train/10_03-01-06-02-02-02-10_win0.wav"", ""data/processed/audio/train/10_03-01-07-01-01-01-10_win0.wav""]","[1, 1, 1, 1]",1,0,train
seq_000042,10,42,"[""10_03-01-06-02-02-01-10"", ""10_03-01-06-02-02-02-10"", ""10_03-01-07-01-01-01-10"", ""10_03-01-07-01-01-02-10""]","[""data/processed/audio/train/10_03-01-06-02-02-01-10_win0.wav"", ""data/processed/audio/train/10_03-01-06-02-02-02-10_win0.wav"", ""data/processed/audio/train/10_03-01-07-01-01-01-10_win0.wav"", ""data/processed/audio/train/10_03-01-07-01-01-02-10_win0.wav""]","[1, 1, 1, 1]",1,0,train
seq_000043,10,43,"[""10_03-01-06-02-02-02-10"", ""10_03-01-07-01-01-01-10"", ""10_03-01-07-01-01-02-10"", ""10_03-01-07-01-02-01-10""]","[""data/processed/audio/train/10_03-01-06-02-02-02-10_win0.wav"", ""data/processed/audio/train/10_03-01-07-01-01-01-10_win0.wav"", ""data/processed/audio/train/10_03-01-07-01-01-02-10_win0.wav"", ""data/processed/audio/train/10_03-01-07-01-02-01-10_win0.wav""]","[1, 1, 1, 1]",1,0,train
seq_000044,10,44,"[""10_03-01-07-01-01-01-10"", ""10_03-01-07-01-01-02-10"", ""10_03-01-07-01-02-01-10"", ""10_03-01-07-01-02-02-10""]","[""data/processed/audio/train/10_03-01-07-01-01-01-10_win0.wav"", ""data/processed/audio/train/10_03-01-07-01-01-02-10_win0.wav"", ""data/processed/audio/train/10_03-01-07-01-02-01-10_win0.wav"", ""data/processed/audio/train/10_03-01-07-01-02-02-10_win0.wav""]","[1, 1, 1, 1]",1,0,train
seq_000045,10,45,"[""10_03-01-07-01-01-02-10"", ""10_03-01-07-01-02-01-10"", ""10_03-01-07-01-02-02-10"", ""10_03-01-07-02-01-01-10""]","[""data/processed/audio/train/10_03-01-07-01-01-02-10_win0.wav"", ""data/processed/audio/train/10_03-01-07-01-02-01-10_win0.wav"", ""data/processed/audio/train/10_03-01-07-01-02-02-10_win0.wav"", ""data/processed/audio/train/10_03-01-07-02-01-01-10_win0.wav""]","[1, 1, 1, 1]",1,0,train
seq_000046,10,46,"[""10_03-01-07-01-02-01-10"", ""10_03-01-07-01-02-02-10"", ""10_03-01-07-02-01-01-10"", ""10_03-01-07-02-01-02-10""]","[""data/processed/audio/train/10_03-01-07-01-02-01-10_win0.wav"", ""data/processed/audio/train/10_03-01-07-01-02-02-10_win0.wav"", ""data/processed/audio/train/10_03-01-07-02-01-01-10_win0.wav"", ""data/processed/audio/train/10_03-01-07-02-01-02-10_win0.wav""]","[1, 1, 1, 1]",1,0,train
seq_000047,10,47,"[""10_03-01-07-01-02-02-10"", ""10_03-01-07-02-01-01-10"", ""10_03-01-07-02-01-02-10"", ""10_03-01-07-02-02-01-10""]","[""data/processed/audio/train/10_03-01-07-01-02-02-10_win0.wav"", ""data/processed/audio/train/10_03-01-07-02-01-01-10_win0.wav"", ""data/processed/audio/train/10_03-01-07-02-01-02-10_win0.wav"", ""data/processed/audio/train/10_03-01-07-02-02-01-10_win0.wav""]","[1, 1, 1, 1]",1,0,train
seq_000048,10,48,"[""10_03-01-07-02-01-01-10"", ""10_03-01-07-02-01-02-10"", ""10_03-01-07-02-02-01-10"", ""10_03-01-07-02-02-02-10""]","[""data/processed/audio/train/10_03-01-07-02-01-01-10_win0.wav"", ""data/processed/audio/train/10_03-01-07-02-01-02-10_win0.wav"", ""data/processed/audio/train/10_03-01-07-02-02-01-10_win0.wav"", ""data/processed/audio/train/10_03-01-07-02-02-02-10_win0.wav""]","[1, 1, 1, 1]",1,0,train
seq_000049,11,0,"[""11_03-01-01-01-01-01-11"", ""11_03-01-01-01-01-02-11"", ""11_03-01-01-01-02-01-11"", ""11_03-01-01-01-02-02-11""]","[""data/processed/audio/train/11_03-01-01-01-01-01-11_win0.wav"", ""data/processed/audio/train/11_03-01-01-01-01-02-11_win0.wav"", ""data/processed/audio/train/11_03-01-01-01-02-01-11_win0.wav"", ""data/processed/audio/train/11_03-01-01-01-02-02-11_win0.wav""]","[0, 0, 0, 0]",0,0,train
seq_000050,11,1,"[""11_03-01-01-01-01-02-11"", ""11_03-01-01-01-02-01-11"", ""11_03-01-01-01-02-02-11"", ""11_03-01-02-01-01-01-11""]","[""data/processed/audio/train/11_03-01-01-01-01-02-11_win0.wav"", ""data/processed/audio/train/11_03-01-01-01-02-01-11_win0.wav"", ""data/processed/audio/train/11_03-01-01-01-02-02-11_win0.wav"", ""data/processed/audio/train/11_03-01-02-01-01-01-11_win0.wav""]","[0, 0, 0, 0]",0,0,train
seq_000051,11,2,"[""11_03-01-01-01-02-01-11"", ""11_03-01-01-01-02-02-11"", ""11_03-01-02-01-01-01-11"", ""11_03-01-02-01-01-02-11""]","[""data/processed/audio/train/11_03-01-01-01-02-01-11_win0.wav"", ""data/processed/audio/train/11_03-01-01-01-02-02-11_win0.wav"", ""data/processed/audio/train/11_03-01-02-01-01-01-11_win0.wav"", ""data/processed/audio/train/11_03-01-02-01-01-02-11_win0.wav""]","[0, 0, 0, 0]",0,0,train
seq_000052,11,3,"[""11_03-01-01-01-02-02-11"", ""11_03-01-02-01-01-01-11"", ""11_03-01-02-01-01-02-11"", ""11_03-01-02-01-02-01-11""]","[""data/processed/audio/train/11_03-01-01-01-02-02-11_win0.wav"", ""data/processed/audio/train/11_03-01-02-01-01-01-11_win0.wav"", ""data/processed/audio/train/11_03-01-02-01-01-02-11_win0.wav"", ""data/processed/audio/train/11_03-01-02-01-02-01-11_win0.wav""]","[0, 0, 0, 0]",0,0,train
seq_000053,11,4,"[""11_03-01-02-01-01-01-11"", ""11_03-01-02-01-01-02-11"", ""11_03-01-02-01-02-01-11"", ""11_03-01-02-01-02-02-11""]","[""data/processed/audio/train/11_03-01-02-01-01-01-11_win0.wav"", ""data/processed/audio/train/11_03-01-02-01-01-02-11_win0.wav"", ""data/processed/audio/train/11_03-01-02-01-02-01-11_win0.wav"", ""data/processed/audio/train/11_03-01-02-01-02-02-11_win0.wav""]","[0, 0, 0, 0]",0,0,train
seq_000054,11,5,"[""11_03-01-02-01-01-02-11"", ""11_03-01-02-01-02-01-11"", ""11_03-01-02-01-02-02-11"", ""11_03-01-02-02-01-01-11""]","[""data/processed/audio/train/11_03-01-02-01-01-02-11_win0.wav"", ""data/processed/audio/train/11_03-01-02-01-02-01-11_win0.wav"", ""data/processed/audio/train/11_03-01-02-01-02-02-11_win0.wav"", ""data/processed/audio/train/11_03-01-02-02-01-01-11_win0.wav""]","[0, 0, 0, 0]",0,0,train
seq_000055,11,6,"[""11_03-01-02-01-02-01-11"", ""11_03-01-02-01-02-02-11"", ""11_03-01-02-02-01-01-11"", ""11_03-01-02-02-01-02-11""]","[""data/processed/audio/train/11_03-01-02-01-02-01-11_win0.wav"", ""data/processed/audio/train/11_03-01-02-01-02-02-11_win0.wav"", ""data/processed/audio/train/11_03-01-02-02-01-01-11_win0.wav"", ""data/processed/audio/train/11_03-01-02-02-01-02-11_win0.wav""]","[0, 0, 0, 0]",0,0,train
seq_000056,11,7,"[""11_03-01-02-01-02-02-11"", ""11_03-01-02-02-01-01-11"", ""11_03-01-02-02-01-02-11"", ""11_03-01-02-02-02-01-11""]","[""data/processed/audio/train/11_03-01-02-01-02-02-11_win0.wav"", ""data/processed/audio/train/11_03-01-02-02-01-01-11_win0.wav"", ""data/processed/audio/train/11_03-01-02-02-01-02-11_win0.wav"", ""data/processed/audio/train/11_03-01-02-02-02-01-11_win0.wav""]","[0, 0, 0, 0]",0,0,train
seq_000057,11,8,"[""11_03-01-02-02-01-01-11"", ""11_03-01-02-02-01-02-11"", ""11_03-01-02-02-02-01-11"", ""11_03-01-02-02-02-02-11""]","[""data/processed/audio/train/11_03-01-02-02-01-01-11_win0.wav"", ""data/processed/audio/train/11_03-01-02-02-01-02-11_win0.wav"", ""data/processed/audio/train/11_03-01-02-02-02-01-11_win0.wav"", ""data/processed/audio/train/11_03-01-02-02-02-02-11_win0.wav""]","[0, 0, 0, 0]",0,0,train
seq_000058,11,9,"[""11_03-01-02-02-01-02-11"", ""11_03-01-02-02-02-01-11"", ""11_03-01-02-02-02-02-11"", ""11_03-01-03-01-01-01-11""]","[""data/processed/audio/train/11_03-01-02-02-01-02-11_win0.wav"", ""data/processed/audio/train/11_03-01-02-02-02-01-11_win0.wav"", ""data/processed/audio/train/11_03-01-02-02-02-02-11_win0.wav"", ""data/processed/audio/train/11_03-01-03-01-01-01-11_win0.wav""]","[0, 0, 0, 0]",0,0,train
seq_000059,11,10,"[""11_03-01-02-02-02-01-11"", ""11_03-01-02-02-02-02-11"", ""11_03-01-03-01-01-01-11"", ""11_03-01-03-01-01-02-11""]","[""data/processed/audio/train/11_03-01-02-02-02-01-11_win0.wav"", ""data/processed/audio/train/11_03-01-02-02-02-02-11_win0.wav"", ""data/processed/audio/train/11_03-01-03-01-01-01-11_win0.wav"", ""data/processed/audio/train/11_03-01-03-01-01-02-11_win0.wav""]","[0, 0, 0, 0]",0,0,train
seq_000060,11,11,"[""11_03-01-02-02-02-02-11"", ""11_03-01-03-01-01-01-11"", ""11_03-01-03-01-01-02-11"", ""11_03-01-03-01-02-01-11""]","[""data/processed/audio/train/11_03-01-02-02-02-02-11_win0.wav"", ""data/processed/audio/train/11_03-01-03-01-01-01-11_win0.wav"", ""data/processed/audio/train/11_03-01-03-01-01-02-11_win0.wav"", ""data/processed/audio/train/11_03-01-03-01-02-01-11_win0.wav""]","[0, 0, 0, 0]",0,0,train
seq_000061,11,12,"[""11_03-01-03-01-01-01-11"", ""11_03-01-03-01-01-02-11"", ""11_03-01-03-01-02-01-11"", ""11_03-01-03-01-02-02-11""]","[""data/processed/audio/train/11_03-01-03-01-01-01-11_win0.wav"", ""data/processed/audio/train/11_03-01-03-01-01-02-11_win0.wav"", ""data/processed/audio/train/11_03-01-03-01-02-01-11_win0.wav"", ""data/processed/audio/train/11_03-01-03-01-02-02-11_win0.wav""]","[0, 0, 0, 0]",0,0,train
seq_000062,11,13,"[""11_03-01-03-01-01-02-11"", ""11_03-01-03-01-02-01-11"", ""11_03-01-03-01-02-02-11"", ""11_03-01-03-02-01-01-11""]","[""data/processed/audio/train/11_03-01-03-01-01-02-11_win0.wav"", ""data/processed/audio/train/11_03-01-03-01-02-01-11_win0.wav"", ""data/processed/audio/train/11_03-01-03-01-02-02-11_win0.wav"", ""data/processed/audio/train/11_03-01-03-02-01-01-11_win0.wav""]","[0, 0, 0, 0]",0,0,train
seq_000063,11,14,"[""11_03-01-03-01-02-01-11"", ""11_03-01-03-01-02-02-11"", ""11_03-01-03-02-01-01-11"", ""11_03-01-03-02-01-02-11""]","[""data/processed/audio/train/11_03-01-03-01-02-01-11_win0.wav"", ""data/processed/audio/train/11_03-01-03-01-02-02-11_win0.wav"", ""data/processed/audio/train/11_03-01-03-02-01-01-11_win0.wav"", ""data/processed/audio/train/11_03-01-03-02-01-02-11_win0.wav""]","[0, 0, 0, 0]",0,0,train
seq_000064,11,15,"[""11_03-01-03-01-02-02-11"", ""11_03-01-03-02-01-01-11"", ""11_03-01-03-02-01-02-11"", ""11_03-01-03-02-02-01-11""]","[""data/processed/audio/train/11_03-01-03-01-02-02-11_win0.wav"", ""data/processed/audio/train/11_03-01-03-02-01-01-11_win0.wav"", ""data/processed/audio/train/11_03-01-03-02-01-02-11_win0.wav"", ""data/processed/audio/train/11_03-01-03-02-02-01-11_win0.wav""]","[0, 0, 0, 0]",0,0,train
seq_000065,11,16,"[""11_03-01-03-02-01-01-11"", ""11_03-01-03-02-01-02-11"", ""11_03-01-03-02-02-01-11"", ""11_03-01-03-02-02-02-11""]","[""data/processed/audio/train/11_03-01-03-02-01-01-11_win0.wav"", ""data/processed/audio/train/11_03-01-03-02-01-02-11_win0.wav"", ""data/processed/audio/train/11_03-01-03-02-02-01-11_win0.wav"", ""data/processed/audio/train/11_03-01-03-02-02-02-11_win0.wav""]","[0, 0, 0, 0]",0,0,train
seq_000066,11,17,"[""11_03-01-03-02-01-02-11"", ""11_03-01-03-02-02-01-11"", ""11_03-01-03-02-02-02-11"", ""11_03-01-04-01-01-01-11""]","[""data/processed/audio/train/11_03-01-03-02-01-02-11_win0.wav"", ""data/processed/audio/train/11_03-01-03-02-02-01-11_win0.wav"", ""data/processed/audio/train/11_03-01-03-02-02-02-11_win0.wav"", ""data/processed/audio/train/11_03-01-04-01-01-01-11_win0.wav""]","[0, 0, 0, 0]",0,0,train
seq_000067,11,18,"[""11_03-01-03-02-02-01-11"", ""11_03-01-03-02-02-02-11"", ""11_03-01-04-01-01-01-11"", ""11_03-01-04-01-01-02-11""]","[""data/processed/audio/train/11_03-01-03-02-02-01-11_win0.wav"", ""data/processed/audio/train/11_03-01-03-02-02-02-11_win0.wav"", ""data/processed/audio/train/11_03-01-04-01-01-01-11_win0.wav"", ""data/processed/audio/train/11_03-01-04-01-01-02-11_win0.wav""]","[0, 0, 0, 0]",0,0,train
seq_000068,11,19,"[""11_03-01-03-02-02-02-11"", ""11_03-01-04-01-01-01-11"", ""11_03-01-04-01-01-02-11"", ""11_03-01-04-01-02-01-11""]","[""data/processed/audio/train/11_03-01-03-02-02-02-11_win0.wav"", ""data/processed/audio/train/11_03-01-04-01-01-01-11_win0.wav"", ""data/processed/audio/train/11_03-01-04-01-01-02-11_win0.wav"", ""data/processed/audio/train/11_03-01-04-01-02-01-11_win0.wav""]","[0, 0, 0, 0]",0,0,train
seq_000069,11,20,"[""11_03-01-04-01-01-01-11"", ""11_03-01-04-01-01-02-11"", ""11_03-01-04-01-02-01-11"", ""11_03-01-04-01-02-02-11""]","[""data/processed/audio/train/11_03-01-04-01-01-01-11_win0.wav"", ""data/processed/audio/train/11_03-01-04-01-01-02-11_win0.wav"", ""data/processed/audio/train/11_03-01-04-01-02-01-11_win0.wav"", ""data/processed/audio/train/11_03-01-04-01-02-02-11_win0.wav""]","[0, 0, 0, 0]",0,0,train
seq_000070,11,21,"[""11_03-01-04-01-01-02-11"", ""11_03-01-04-01-02-01-11"", ""11_03-01-04-01-02-02-11"", ""11_03-01-04-02-01-01-11""]","[""data/processed/audio/train/11_03-01-04-01-01-02-11_win0.wav"", ""data/processed/audio/train/11_03-01-04-01-02-01-11_win0.wav"", ""data/processed/audio/train/11_03-01-04-01-02-02-11_win0.wav"", ""data/processed/audio/train/11_03-01-04-02-01-01-11_win0.wav""]","[0, 0, 0, 0]",0,0,train
seq_000071,11,22,"[""11_03-01-04-01-02-01-11"", ""11_03-01-04-01-02-02-11"", ""11_03-01-04-02-01-01-11"", ""11_03-01-04-02-01-02-11""]","[""data/processed/audio/train/11_03-01-04-01-02-01-11_win0.wav"", ""data/processed/audio/train/11_03-01-04-01-02-02-11_win0.wav"", ""data/processed/audio/train/11_03-01-04-02-01-01-11_win0.wav"", ""data/processed/audio/train/11_03-01-04-02-01-02-11_win0.wav""]","[0, 0, 0, 0]",0,0,train
seq_000072,11,23,"[""11_03-01-04-01-02-02-11"", ""11_03-01-04-02-01-01-11"", ""11_03-01-04-02-01-02-11"", ""11_03-01-04-02-02-01-11""]","[""data/processed/audio/train/11_03-01-04-01-02-02-11_win0.wav"", ""data/processed/audio/train/11_03-01-04-02-01-01-11_win0.wav"", ""data/processed/audio/train/11_03-01-04-02-01-02-11_win0.wav"", ""data/processed/audio/train/11_03-01-04-02-02-01-11_win0.wav""]","[0, 0, 0, 0]",0,0,train
seq_000073,11,24,"[""11_03-01-04-02-01-01-11"", ""11_03-01-04-02-01-02-11"", ""11_03-01-04-02-02-01-11"", ""11_03-01-04-02-02-02-11""]","[""data/processed/audio/train/11_03-01-04-02-01-01-11_win0.wav"", ""data/processed/audio/train/11_03-01-04-02-01-02-11_win0.wav"", ""data/processed/audio/train/11_03-01-04-02-02-01-11_win0.wav"", ""data/processed/audio/train/11_03-01-04-02-02-02-11_win0.wav""]","[0, 0, 0, 0]",0,0,train
seq_000074,11,25,"[""11_03-01-04-02-01-02-11"", ""11_03-01-04-02-02-01-11"", ""11_03-01-04-02-02-02-11"", ""11_03-01-05-01-01-01-11""]","[""data/processed/audio/train/11_03-01-04-02-01-02-11_win0.wav"", ""data/processed/audio/train/11_03-01-04-02-02-01-11_win0.wav"", ""data/processed/audio/train/11_03-01-04-02-02-02-11_win0.wav"", ""data/processed/audio/train/11_03-01-05-01-01-01-11_win0.wav""]","[0, 0, 0, 1]",1,0,train
seq_000075,11,26,"[""11_03-01-04-02-02-01-11"", ""11_03-01-04-02-02-02-11"", ""11_03-01-05-01-01-01-11"", ""11_03-01-05-01-01-02-11""]","[""data/processed/audio/train/11_03-01-04-02-02-01-11_win0.wav"", ""data/processed/audio/train/11_03-01-04-02-02-02-11_win0.wav"", ""data/processed/audio/train/11_03-01-05-01-01-01-11_win0.wav"", ""data/processed/audio/train/11_03-01-05-01-01-02-11_win0.wav""]","[0, 0, 1, 1]",1,1,train
seq_000076,11,27,"[""11_03-01-04-02-02-02-11"", ""11_03-01-05-01-01-01-11"", ""11_03-01-05-01-01-02-11"", ""11_03-01-05-01-02-01-11""]","[""data/processed/audio/train/11_03-01-04-02-02-02-11_win0.wav"", ""data/processed/audio/train/11_03-01-05-01-01-01-11_win0.wav"", ""data/processed/audio/train/11_03-01-05-01-01-02-11_win0.wav"", ""data/processed/audio/train/11_03-01-05-01-02-01-11_win0.wav""]","[0, 1, 1, 1]",1,1,train
seq_000077,11,28,"[""11_03-01-05-01-01-01-11"", ""11_03-01-05-01-01-02-11"", ""11_03-01-05-01-02-01-11"", ""11_03-01-05-01-02-02-11""]","[""data/processed/audio/train/11_03-01-05-01-01-01-11_win0.wav"", ""data/processed/audio/train/11_03-01-05-01-01-02-11_win0.wav"", ""data/processed/audio/train/11_03-01-05-01-02-01-11_win0.wav"", ""data/processed/audio/train/11_03-01-05-01-02-02-11_win0.wav""]","[1, 1, 1, 1]",1,0,train
seq_000078,11,29,"[""11_03-01-05-01-01-02-11"", ""11_03-01-05-01-02-01-11"", ""11_03-01-05-01-02-02-11"", ""11_03-01-05-02-01-01-11""]","[""data/processed/audio/train/11_03-01-05-01-01-02-11_win0.wav"", ""data/processed/audio/train/11_03-01-05-01-02-01-11_win0.wav"", ""data/processed/audio/train/11_03-01-05-01-02-02-11_win0.wav"", ""data/processed/audio/train/11_03-01-05-02-01-01-11_win0.wav""]","[1, 1, 1, 1]",1,0,train
seq_000079,11,30,"[""11_03-01-05-01-02-01-11"", ""11_03-01-05-01-02-02-11"", ""11_03-01-05-02-01-01-11"", ""11_03-01-05-02-01-02-11""]","[""data/processed/audio/train/11_03-01-05-01-02-01-11_win0.wav"", ""data/processed/audio/train/11_03-01-05-01-02-02-11_win0.wav"", ""data/processed/audio/train/11_03-01-05-02-01-01-11_win0.wav"", ""data/processed/audio/train/11_03-01-05-02-01-02-11_win0.wav""]","[1, 1, 1, 1]",1,0,train
seq_000080,11,31,"[""11_03-01-05-01-02-02-11"", ""11_03-01-05-02-01-01-11"", ""11_03-01-05-02-01-02-11"", ""11_03-01-05-02-02-01-11""]","[""data/processed/audio/train/11_03-01-05-01-02-02-11_win0.wav"", ""data/processed/audio/train/11_03-01-05-02-01-01-11_win0.wav"", ""data/processed/audio/train/11_03-01-05-02-01-02-11_win0.wav"", ""data/processed/audio/train/11_03-01-05-02-02-01-11_win0.wav""]","[1, 1, 1, 1]",1,0,train
seq_000081,11,32,"[""11_03-01-05-02-01-01-11"", ""11_03-01-05-02-01-02-11"", ""11_03-01-05-02-02-01-11"", ""11_03-01-05-02-02-02-11""]","[""data/processed/audio/train/11_03-01-05-02-01-01-11_win0.wav"", ""data/processed/audio/train/11_03-01-05-02-01-02-11_win0.wav"", ""data/processed/audio/train/11_03-01-05-02-02-01-11_win0.wav"", ""data/processed/audio/train/11_03-01-05-02-02-02-11_win0.wav""]","[1, 1, 1, 1]",1,0,train
seq_000082,11,33,"[""11_03-01-05-02-01-02-11"", ""11_03-01-05-02-02-01-11"", ""11_03-01-05-02-02-02-11"", ""11_03-01-06-01-01-01-11""]","[""data/processed/audio/train/11_03-01-05-02-01-02-11_win0.wav"", ""data/processed/audio/train/11_03-01-05-02-02-01-11_win0.wav"", ""data/processed/audio/train/11_03-01-05-02-02-02-11_win0.wav"", ""data/processed/audio/train/11_03-01-06-01-01-01-11_win0.wav""]","[1, 1, 1, 1]",1,0,train
seq_000083,11,34,"[""11_03-01-05-02-02-01-11"", ""11_03-01-05-02-02-02-11"", ""11_03-01-06-01-01-01-11"", ""11_03-01-06-01-01-02-11""]","[""data/processed/audio/train/11_03-01-05-02-02-01-11_win0.wav"", ""data/processed/audio/train/11_03-01-05-02-02-02-11_win0.wav"", ""data/processed/audio/train/11_03-01-06-01-01-01-11_win0.wav"", ""data/processed/audio/train/11_03-01-06-01-01-02-11_win0.wav""]","[1, 1, 1, 1]",1,0,train
seq_000084,11,35,"[""11_03-01-05-02-02-02-11"", ""11_03-01-06-01-01-01-11"", ""11_03-01-06-01-01-02-11"", ""11_03-01-06-01-02-01-11""]","[""data/processed/audio/train/11_03-01-05-02-02-02-11_win0.wav"", ""data/processed/audio/train/11_03-01-06-01-01-01-11_win0.wav"", ""data/processed/audio/train/11_03-01-06-01-01-02-11_win0.wav"", ""data/processed/audio/train/11_03-01-06-01-02-01-11_win0.wav""]","[1, 1, 1, 1]",1,0,train
seq_000085,11,36,"[""11_03-01-06-01-01-01-11"", ""11_03-01-06-01-01-02-11"", ""11_03-01-06-01-02-01-11"", ""11_03-01-06-01-02-02-11""]","[""data/processed/audio/train/11_03-01-06-01-01-01-11_win0.wav"", ""data/processed/audio/train/11_03-01-06-01-01-02-11_win0.wav"", ""data/processed/audio/train/11_03-01-06-01-02-01-11_win0.wav"", ""data/processed/audio/train/11_03-01-06-01-02-02-11_win0.wav""]","[1, 1, 1, 1]",1,0,train
seq_000086,11,37,"[""11_03-01-06-01-01-02-11"", ""11_03-01-06-01-02-01-11"", ""11_03-01-06-01-02-02-11"", ""11_03-01-06-02-01-01-11""]","[""data/processed/audio/train/11_03-01-06-01-01-02-11_win0.wav"", ""data/processed/audio/train/11_03-01-06-01-02-01-11_win0.wav"", ""data/processed/audio/train/11_03-01-06-01-02-02-11_win0.wav"", ""data/processed/audio/train/11_03-01-06-02-01-01-11_win0.wav""]","[1, 1, 1, 1]",1,0,train
seq_000087,11,38,"[""11_03-01-06-01-02-01-11"", ""11_03-01-06-01-02-02-11"", ""11_03-01-06-02-01-01-11"", ""11_03-01-06-02-01-02-11""]","[""data/processed/audio/train/11_03-01-06-01-02-01-11_win0.wav"", ""data/processed/audio/train/11_03-01-06-01-02-02-11_win0.wav"", ""data/processed/audio/train/11_03-01-06-02-01-01-11_win0.wav"", ""data/processed/audio/train/11_03-01-06-02-01-02-11_win0.wav""]","[1, 1, 1, 1]",1,0,train
seq_000088,11,39,"[""11_03-01-06-01-02-02-11"", ""11_03-01-06-02-01-01-11"", ""11_03-01-06-02-01-02-11"", ""11_03-01-06-02-02-01-11""]","[""data/processed/audio/train/11_03-01-06-01-02-02-11_win0.wav"", ""data/processed/audio/train/11_03-01-06-02-01-01-11_win0.wav"", ""data/processed/audio/train/11_03-01-06-02-01-02-11_win0.wav"", ""data/processed/audio/train/11_03-01-06-02-02-01-11_win0.wav""]","[1, 1, 1, 1]",1,0,train
seq_000089,11,40,"[""11_03-01-06-02-01-01-11"", ""11_03-01-06-02-01-02-11"", ""11_03-01-06-02-02-01-11"", ""11_03-01-06-02-02-02-11""]","[""data/processed/audio/train/11_03-01-06-02-01-01-11_win0.wav"", ""data/processed/audio/train/11_03-01-06-02-01-02-11_win0.wav"", ""data/processed/audio/train/11_03-01-06-02-02-01-11_win0.wav"", ""data/processed/audio/train/11_03-01-06-02-02-02-11_win0.wav""]","[1, 1, 1, 1]",1,0,train
seq_000090,11,41,"[""11_03-01-06-02-01-02-11"", ""11_03-01-06-02-02-01-11"", ""11_03-01-06-02-02-02-11"", ""11_03-01-07-01-01-01-11""]","[""data/processed/audio/train/11_03-01-06-02-01-02-11_win0.wav"", ""data/processed/audio/train/11_03-01-06-02-02-01-11_win0.wav"", ""data/processed/audio/train/11_03-01-06-02-02-02-11_win0.wav"", ""data/processed/audio/train/11_03-01-07-01-01-01-11_win0.wav""]","[1, 1, 1, 1]",1,0,train
seq_000091,11,42,"[""11_03-01-06-02-02-01-11"", ""11_03-01-06-02-02-02-11"", ""11_03-01-07-01-01-01-11"", ""11_03-01-07-01-01-02-11""]","[""data/processed/audio/train/11_03-01-06-02-02-01-11_win0.wav"", ""data/processed/audio/train/11_03-01-06-02-02-02-11_win0.wav"", ""data/processed/audio/train/11_03-01-07-01-01-01-11_win0.wav"", ""data/processed/audio/train/11_03-01-07-01-01-02-11_win0.wav""]","[1, 1, 1, 1]",1,0,train
seq_000092,11,43,"[""11_03-01-06-02-02-02-11"", ""11_03-01-07-01-01-01-11"", ""11_03-01-07-01-01-02-11"", ""11_03-01-07-01-02-01-11""]","[""data/processed/audio/train/11_03-01-06-02-02-02-11_win0.wav"", ""data/processed/audio/train/11_03-01-07-01-01-01-11_win0.wav"", ""data/processed/audio/train/11_03-01-07-01-01-02-11_win0.wav"", ""data/processed/audio/train/11_03-01-07-01-02-01-11_win0.wav""]","[1, 1, 1, 1]",1,0,train
seq_000093,11,44,"[""11_03-01-07-01-01-01-11"", ""11_03-01-07-01-01-02-11"", ""11_03-01-07-01-02-01-11"", ""11_03-01-07-01-02-02-11""]","[""data/processed/audio/train/11_03-01-07-01-01-01-11_win0.wav"", ""data/processed/audio/train/11_03-01-07-01-01-02-11_win0.wav"", ""data/processed/audio/train/11_03-01-07-01-02-01-11_win0.wav"", ""data/processed/audio/train/11_03-01-07-01-02-02-11_win0.wav""]","[1, 1, 1, 1]",1,0,train
seq_000094,11,45,"[""11_03-01-07-01-01-02-11"", ""11_03-01-07-01-02-01-11"", ""11_03-01-07-01-02-02-11"", ""11_03-01-07-02-01-01-11""]","[""data/processed/audio/train/11_03-01-07-01-01-02-11_win0.wav"", ""data/processed/audio/train/11_03-01-07-01-02-01-11_win0.wav"", ""data/processed/audio/train/11_03-01-07-01-02-02-11_win0.wav"", ""data/processed/audio/train/11_03-01-07-02-01-01-11_win0.wav""]","[1, 1, 1, 1]",1,0,train
seq_000095,11,46,"[""11_03-01-07-01-02-01-11"", ""11_03-01-07-01-02-02-11"", ""11_03-01-07-02-01-01-11"", ""11_03-01-07-02-01-02-11""]","[""data/processed/audio/train/11_03-01-07-01-02-01-11_win0.wav"", ""data/processed/audio/train/11_03-01-07-01-02-02-11_win0.wav"", ""data/processed/audio/train/11_03-01-07-02-01-01-11_win0.wav"", ""data/processed/audio/train/11_03-01-07-02-01-02-11_win0.wav""]","[1, 1, 1, 1]",1,0,train
seq_000096,11,47,"[""11_03-01-07-01-02-02-11"", ""11_03-01-07-02-01-01-11"", ""11_03-01-07-02-01-02-11"", ""11_03-01-07-02-02-01-11""]","[""data/processed/audio/train/11_03-01-07-01-02-02-11_win0.wav"", ""data/processed/audio/train/11_03-01-07-02-01-01-11_win0.wav"", ""data/processed/audio/train/11_03-01-07-02-01-02-11_win0.wav"", ""data/processed/audio/train/11_03-01-07-02-02-01-11_win0.wav""]","[1, 1, 1, 1]",1,0,train
seq_000097,11,48,"[""11_03-01-07-02-01-01-11"", ""11_03-01-07-02-01-02-11"", ""11_03-01-07-02-02-01-11"", ""11_03-01-07-02-02-02-11""]","[""data/processed/audio/train/11_03-01-07-02-01-01-11_win0.wav"", ""data/processed/audio/train/11_03-01-07-02-01-02-11_win0.wav"", ""data/processed/audio/train/11_03-01-07-02-02-01-11_win0.wav"", ""data/processed/audio/train/11_03-01-07-02-02-02-11_win0.wav""]","[1, 1, 1, 1]",1,0,train
seq_000098,12,0,"[""12_03-01-01-01-01-01-12"", ""12_03-01-01-01-01-02-12"", ""12_03-01-01-01-02-01-12"", ""12_03-01-01-01-02-02-12""]","[""data/processed/audio/train/12_03-01-01-01-01-01-12_win0.wav"", ""data/processed/audio/train/12_03-01-01-01-01-02-12_win0.wav"", ""data/processed/audio/train/12_03-01-01-01-02-01-12_win0.wav"", ""data/processed/audio/train/12_03-01-01-01-02-02-12_win0.wav""]","[0, 0, 0, 0]",0,0,train
seq_000099,12,1,"[""12_03-01-01-01-01-02-12"", ""12_03-01-01-01-02-01-12"", ""12_03-01-01-01-02-02-12"", ""12_03-01-02-01-01-01-12""]","[""data/processed/audio/train/12_03-01-01-01-01-02-12_win0.wav"", ""data/processed/audio/train/12_03-01-01-01-02-01-12_win0.wav"", ""data/processed/audio/train/12_03-01-01-01-02-02-12_win0.wav"", ""data/processed/audio/train/12_03-01-02-01-01-01-12_win0.wav""]","[0, 0, 0, 0]",0,0,train
seq_000100,12,2,"[""12_03-01-01-01-02-01-12"", ""12_03-01-01-01-02-02-12"", ""12_03-01-02-01-01-01-12"", ""12_03-01-02-01-01-02-12""]","[""data/processed/audio/train/12_03-01-01-01-02-01-12_win0.wav"", ""data/processed/audio/train/12_03-01-01-01-02-02-12_win0.wav"", ""data/processed/audio/train/12_03-01-02-01-01-01-12_win0.wav"", ""data/processed/audio/train/12_03-01-02-01-01-02-12_win0.wav""]","[0, 0, 0, 0]",0,0,train
seq_000101,12,3,"[""12_03-01-01-01-02-02-12"", ""12_03-01-02-01-01-01-12"", ""12_03-01-02-01-01-02-12"", ""12_03-01-02-01-02-01-12""]","[""data/processed/audio/train/12_03-01-01-01-02-02-12_win0.wav"", ""data/processed/audio/train/12_03-01-02-01-01-01-12_win0.wav"", ""data/processed/audio/train/12_03-01-02-01-01-02-12_win0.wav"", ""data/processed/audio/train/12_03-01-02-01-02-01-12_win0.wav""]","[0, 0, 0, 0]",0,0,train
seq_000102,12,4,"[""12_03-01-02-01-01-01-12"", ""12_03-01-02-01-01-02-12"", ""12_03-01-02-01-02-01-12"", ""12_03-01-02-01-02-02-12""]","[""data/processed/audio/train/12_03-01-02-01-01-01-12_win0.wav"", ""data/processed/audio/train/12_03-01-02-01-01-02-12_win0.wav"", ""data/processed/audio/train/12_03-01-02-01-02-01-12_win0.wav"", ""data/processed/audio/train/12_03-01-02-01-02-02-12_win0.wav""]","[0, 0, 0, 0]",0,0,train
seq_000103,12,5,"[""12_03-01-02-01-01-02-12"", ""12_03-01-02-01-02-01-12"", ""12_03-01-02-01-02-02-12"", ""12_03-01-02-02-01-01-12""]","[""data/processed/audio/train/12_03-01-02-01-01-02-12_win0.wav"", ""data/processed/audio/train/12_03-01-02-01-02-01-12_win0.wav"", ""data/processed/audio/train/12_03-01-02-01-02-02-12_win0.wav"", ""data/processed/audio/train/12_03-01-02-02-01-01-12_win0.wav""]","[0, 0, 0, 0]",0,0,train
seq_000104,12,6,"[""12_03-01-02-01-02-01-12"", ""12_03-01-02-01-02-02-12"", ""12_03-01-02-02-01-01-12"", ""12_03-01-02-02-01-02-12""]","[""data/processed/audio/train/12_03-01-02-01-02-01-12_win0.wav"", ""data/processed/audio/train/12_03-01-02-01-02-02-12_win0.wav"", ""data/processed/audio/train/12_03-01-02-02-01-01-12_win0.wav"", ""data/processed/audio/train/12_03-01-02-02-01-02-12_win0.wav""]","[0, 0, 0, 0]",0,0,train
seq_000105,12,7,"[""12_03-01-02-01-02-02-12"", ""12_03-01-02-02-01-01-12"", ""12_03-01-02-02-01-02-12"", ""12_03-01-02-02-02-01-12""]","[""data/processed/audio/train/12_03-01-02-01-02-02-12_win0.wav"", ""data/processed/audio/train/12_03-01-02-02-01-01-12_win0.wav"", ""data/processed/audio/train/12_03-01-02-02-01-02-12_win0.wav"", ""data/processed/audio/train/12_03-01-02-02-02-01-12_win0.wav""]","[0, 0, 0, 0]",0,0,train
seq_000106,12,8,"[""12_03-01-02-02-01-01-12"", ""12_03-01-02-02-01-02-12"", ""12_03-01-02-02-02-01-12"", ""12_03-01-02-02-02-02-12""]","[""data/processed/audio/train/12_03-01-02-02-01-01-12_win0.wav"", ""data/processed/audio/train/12_03-01-02-02-01-02-12_win0.wav"", ""data/processed/audio/train/12_03-01-02-02-02-01-12_win0.wav"", ""data/processed/audio/train/12_03-01-02-02-02-02-12_win0.wav""]","[0, 0, 0, 0]",0,0,train
seq_000107,12,9,"[""12_03-01-02-02-01-02-12"", ""12_03-01-02-02-02-01-12"", ""12_03-01-02-02-02-02-12"", ""12_03-01-03-01-01-01-12""]","[""data/processed/audio/train/12_03-01-02-02-01-02-12_win0.wav"", ""data/processed/audio/train/12_03-01-02-02-02-01-12_win0.wav"", ""data/processed/audio/train/12_03-01-02-02-02-02-12_win0.wav"", ""data/processed/audio/train/12_03-01-03-01-01-01-12_win0.wav""]","[0, 0, 0, 0]",0,0,train
seq_000108,12,10,"[""12_03-01-02-02-02-01-12"", ""12_03-01-02-02-02-02-12"", ""12_03-01-03-01-01-01-12"", ""12_03-01-03-01-01-02-12""]","[""data/processed/audio/train/12_03-01-02-02-02-01-12_win0.wav"", ""data/processed/audio/train/12_03-01-02-02-02-02-12_win0.wav"", ""data/processed/audio/train/12_03-01-03-01-01-01-12_win0.wav"", ""data/processed/audio/train/12_03-01-03-01-01-02-12_win0.wav""]","[0, 0, 0, 0]",0,0,train
seq_000109,12,11,"[""12_03-01-02-02-02-02-12"", ""12_03-01-03-01-01-01-12"", ""12_03-01-03-01-01-02-12"", ""12_03-01-03-01-02-01-12""]","[""data/processed/audio/train/12_03-01-02-02-02-02-12_win0.wav"", ""data/processed/audio/train/12_03-01-03-01-01-01-12_win0.wav"", ""data/processed/audio/train/12_03-01-03-01-01-02-12_win0.wav"", ""data/processed/audio/train/12_03-01-03-01-02-01-12_win0.wav""]","[0, 0, 0, 0]",0,0,train
seq_000110,12,12,"[""12_03-01-03-01-01-01-12"", ""12_03-01-03-01-01-02-12"", ""12_03-01-03-01-02-01-12"", ""12_03-01-03-01-02-02-12""]","[""data/processed/audio/train/12_03-01-03-01-01-01-12_win0.wav"", ""data/processed/audio/train/12_03-01-03-01-01-02-12_win0.wav"", ""data/processed/audio/train/12_03-01-03-01-02-01-12_win0.wav"", ""data/processed/audio/train/12_03-01-03-01-02-02-12_win0.wav""]","[0, 0, 0, 0]",0,0,train
seq_000111,12,13,"[""12_03-01-03-01-01-02-12"", ""12_03-01-03-01-02-01-12"", ""12_03-01-03-01-02-02-12"", ""12_03-01-03-02-01-01-12""]","[""data/processed/audio/train/12_03-01-03-01-01-02-12_win0.wav"", ""data/processed/audio/train/12_03-01-03-01-02-01-12_win0.wav"", ""data/processed/audio/train/12_03-01-03-01-02-02-12_win0.wav"", ""data/processed/audio/train/12_03-01-03-02-01-01-12_win0.wav""]","[0, 0, 0, 0]",0,0,train
seq_000112,12,14,"[""12_03-01-03-01-02-01-12"", ""12_03-01-03-01-02-02-12"", ""12_03-01-03-02-01-01-12"", ""12_03-01-03-02-01-02-12""]","[""data/processed/audio/train/12_03-01-03-01-02-01-12_win0.wav"", ""data/processed/audio/train/12_03-01-03-01-02-02-12_win0.wav"", ""data/processed/audio/train/12_03-01-03-02-01-01-12_win0.wav"", ""data/processed/audio/train/12_03-01-03-02-01-02-12_win0.wav""]","[0, 0, 0, 0]",0,0,train
seq_000113,12,15,"[""12_03-01-03-01-02-02-12"", ""12_03-01-03-02-01-01-12"", ""12_03-01-03-02-01-02-12"", ""12_03-01-03-02-02-01-12""]","[""data/processed/audio/train/12_03-01-03-01-02-02-12_win0.wav"", ""data/processed/audio/train/12_03-01-03-02-01-01-12_win0.wav"", ""data/processed/audio/train/12_03-01-03-02-01-02-12_win0.wav"", ""data/processed/audio/train/12_03-01-03-02-02-01-12_win0.wav""]","[0, 0, 0, 0]",0,0,train
seq_000114,12,16,"[""12_03-01-03-02-01-01-12"", ""12_03-01-03-02-01-02-12"", ""12_03-01-03-02-02-01-12"", ""12_03-01-03-02-02-02-12""]","[""data/processed/audio/train/12_03-01-03-02-01-01-12_win0.wav"", ""data/processed/audio/train/12_03-01-03-02-01-02-12_win0.wav"", ""data/processed/audio/train/12_03-01-03-02-02-01-12_win0.wav"", ""data/processed/audio/train/12_03-01-03-02-02-02-12_win0.wav""]","[0, 0, 0, 0]",0,0,train
seq_000115,12,17,"[""12_03-01-03-02-01-02-12"", ""12_03-01-03-02-02-01-12"", ""12_03-01-03-02-02-02-12"", ""12_03-01-04-01-01-01-12""]","[""data/processed/audio/train/12_03-01-03-02-01-02-12_win0.wav"", ""data/processed/audio/train/12_03-01-03-02-02-01-12_win0.wav"", ""data/processed/audio/train/12_03-01-03-02-02-02-12_win0.wav"", ""data/processed/audio/train/12_03-01-04-01-01-01-12_win0.wav""]","[0, 0, 0, 0]",0,0,train
seq_000116,12,18,"[""12_03-01-03-02-02-01-12"", ""12_03-01-03-02-02-02-12"", ""12_03-01-04-01-01-01-12"", ""12_03-01-04-01-01-02-12""]","[""data/processed/audio/train/12_03-01-03-02-02-01-12_win0.wav"", ""data/processed/audio/train/12_03-01-03-02-02-02-12_win0.wav"", ""data/processed/audio/train/12_03-01-04-01-01-01-12_win0.wav"", ""data/processed/audio/train/12_03-01-04-01-01-02-12_win0.wav""]","[0, 0, 0, 0]",0,0,train
seq_000117,12,19,"[""12_03-01-03-02-02-02-12"", ""12_03-01-04-01-01-01-12"", ""12_03-01-04-01-01-02-12"", ""12_03-01-04-01-02-01-12""]","[""data/processed/audio/train/12_03-01-03-02-02-02-12_win0.wav"", ""data/processed/audio/train/12_03-01-04-01-01-01-12_win0.wav"", ""data/processed/audio/train/12_03-01-04-01-01-02-12_win0.wav"", ""data/processed/audio/train/12_03-01-04-01-02-01-12_win0.wav""]","[0, 0, 0, 0]",0,0,train
seq_000118,12,20,"[""12_03-01-04-01-01-01-12"", ""12_03-01-04-01-01-02-12"", ""12_03-01-04-01-02-01-12"", ""12_03-01-04-01-02-02-12""]","[""data/processed/audio/train/12_03-01-04-01-01-01-12_win0.wav"", ""data/processed/audio/train/12_03-01-04-01-01-02-12_win0.wav"", ""data/processed/audio/train/12_03-01-04-01-02-01-12_win0.wav"", ""data/processed/audio/train/12_03-01-04-01-02-02-12_win0.wav""]","[0, 0, 0, 0]",0,0,train
seq_000119,12,21,"[""12_03-01-04-01-01-02-12"", ""12_03-01-04-01-02-01-12"", ""12_03-01-04-01-02-02-12"", ""12_03-01-04-02-01-01-12""]","[""data/processed/audio/train/12_03-01-04-01-01-02-12_win0.wav"", ""data/processed/audio/train/12_03-01-04-01-02-01-12_win0.wav"", ""data/processed/audio/train/12_03-01-04-01-02-02-12_win0.wav"", ""data/processed/audio/train/12_03-01-04-02-01-01-12_win0.wav""]","[0, 0, 0, 0]",0,0,train
seq_000120,12,22,"[""12_03-01-04-01-02-01-12"", ""12_03-01-04-01-02-02-12"", ""12_03-01-04-02-01-01-12"", ""12_03-01-04-02-01-02-12""]","[""data/processed/audio/train/12_03-01-04-01-02-01-12_win0.wav"", ""data/processed/audio/train/12_03-01-04-01-02-02-12_win0.wav"", ""data/processed/audio/train/12_03-01-04-02-01-01-12_win0.wav"", ""data/processed/audio/train/12_03-01-04-02-01-02-12_win0.wav""]","[0, 0, 0, 0]",0,0,train
seq_000121,12,23,"[""12_03-01-04-01-02-02-12"", ""12_03-01-04-02-01-01-12"", ""12_03-01-04-02-01-02-12"", ""12_03-01-04-02-02-01-12""]","[""data/processed/audio/train/12_03-01-04-01-02-02-12_win0.wav"", ""data/processed/audio/train/12_03-01-04-02-01-01-12_win0.wav"", ""data/processed/audio/train/12_03-01-04-02-01-02-12_win0.wav"", ""data/processed/audio/train/12_03-01-04-02-02-01-12_win0.wav""]","[0, 0, 0, 0]",0,0,train
seq_000122,12,24,"[""12_03-01-04-02-01-01-12"", ""12_03-01-04-02-01-02-12"", ""12_03-01-04-02-02-01-12"", ""12_03-01-04-02-02-02-12""]","[""data/processed/audio/train/12_03-01-04-02-01-01-12_win0.wav"", ""data/processed/audio/train/12_03-01-04-02-01-02-12_win0.wav"", ""data/processed/audio/train/12_03-01-04-02-02-01-12_win0.wav"", ""data/processed/audio/train/12_03-01-04-02-02-02-12_win0.wav""]","[0, 0, 0, 0]",0,0,train
seq_000123,12,25,"[""12_03-01-04-02-01-02-12"", ""12_03-01-04-02-02-01-12"", ""12_03-01-04-02-02-02-12"", ""12_03-01-05-01-01-01-12""]","[""data/processed/audio/train/12_03-01-04-02-01-02-12_win0.wav"", ""data/processed/audio/train/12_03-01-04-02-02-01-12_win0.wav"", ""data/processed/audio/train/12_03-01-04-02-02-02-12_win0.wav"", ""data/processed/audio/train/12_03-01-05-01-01-01-12_win0.wav""]","[0, 0, 0, 1]",1,0,train
seq_000124,12,26,"[""12_03-01-04-02-02-01-12"", ""12_03-01-04-02-02-02-12"", ""12_03-01-05-01-01-01-12"", ""12_03-01-05-01-01-02-12""]","[""data/processed/audio/train/12_03-01-04-02-02-01-12_win0.wav"", ""data/processed/audio/train/12_03-01-04-02-02-02-12_win0.wav"", ""data/processed/audio/train/12_03-01-05-01-01-01-12_win0.wav"", ""data/processed/audio/train/12_03-01-05-01-01-02-12_win0.wav""]","[0, 0, 1, 1]",1,1,train
seq_000125,12,27,"[""12_03-01-04-02-02-02-12"", ""12_03-01-05-01-01-01-12"", ""12_03-01-05-01-01-02-12"", ""12_03-01-05-01-02-01-12""]","[""data/processed/audio/train/12_03-01-04-02-02-02-12_win0.wav"", ""data/processed/audio/train/12_03-01-05-01-01-01-12_win0.wav"", ""data/processed/audio/train/12_03-01-05-01-01-02-12_win0.wav"", ""data/processed/audio/train/12_03-01-05-01-02-01-12_win0.wav""]","[0, 1, 1, 1]",1,1,train
seq_000126,12,28,"[""12_03-01-05-01-01-01-12"", ""12_03-01-05-01-01-02-12"", ""12_03-01-05-01-02-01-12"", ""12_03-01-05-01-02-02-12""]","[""data/processed/audio/train/12_03-01-05-01-01-01-12_win0.wav"", ""data/processed/audio/train/12_03-01-05-01-01-02-12_win0.wav"", ""data/processed/audio/train/12_03-01-05-01-02-01-12_win0.wav"", ""data/processed/audio/train/12_03-01-05-01-02-02-12_win0.wav""]","[1, 1, 1, 1]",1,0,train
seq_000127,12,29,"[""12_03-01-05-01-01-02-12"", ""12_03-01-05-01-02-01-12"", ""12_03-01-05-01-02-02-12"", ""12_03-01-05-02-01-01-12""]","[""data/processed/audio/train/12_03-01-05-01-01-02-12_win0.wav"", ""data/processed/audio/train/12_03-01-05-01-02-01-12_win0.wav"", ""data/processed/audio/train/12_03-01-05-01-02-02-12_win0.wav"", ""data/processed/audio/train/12_03-01-05-02-01-01-12_win0.wav""]","[1, 1, 1, 1]",1,0,train
seq_000128,12,30,"[""12_03-01-05-01-02-01-12"", ""12_03-01-05-01-02-02-12"", ""12_03-01-05-02-01-01-12"", ""12_03-01-05-02-01-02-12""]","[""data/processed/audio/train/12_03-01-05-01-02-01-12_win0.wav"", ""data/processed/audio/train/12_03-01-05-01-02-02-12_win0.wav"", ""data/processed/audio/train/12_03-01-05-02-01-01-12_win0.wav"", ""data/processed/audio/train/12_03-01-05-02-01-02-12_win0.wav""]","[1, 1, 1, 1]",1,0,train
seq_000129,12,31,"[""12_03-01-05-01-02-02-12"", ""12_03-01-05-02-01-01-12"", ""12_03-01-05-02-01-02-12"", ""12_03-01-05-02-02-01-12""]","[""data/processed/audio/train/12_03-01-05-01-02-02-12_win0.wav"", ""data/processed/audio/train/12_03-01-05-02-01-01-12_win0.wav"", ""data/processed/audio/train/12_03-01-05-02-01-02-12_win0.wav"", ""data/processed/audio/train/12_03-01-05-02-02-01-12_win0.wav""]","[1, 1, 1, 1]",1,0,train
seq_000130,12,32,"[""12_03-01-05-02-01-01-12"", ""12_03-01-05-02-01-02-12"", ""12_03-01-05-02-02-01-12"", ""12_03-01-05-02-02-02-12""]","[""data/processed/audio/train/12_03-01-05-02-01-01-12_win0.wav"", ""data/processed/audio/train/12_03-01-05-02-01-02-12_win0.wav"", ""data/processed/audio/train/12_03-01-05-02-02-01-12_win0.wav"", ""data/processed/audio/train/12_03-01-05-02-02-02-12_win0.wav""]","[1, 1, 1, 1]",1,0,train
seq_000131,12,33,"[""12_03-01-05-02-01-02-12"", ""12_03-01-05-02-02-01-12"", ""12_03-01-05-02-02-02-12"", ""12_03-01-06-01-01-01-12""]","[""data/processed/audio/train/12_03-01-05-02-01-02-12_win0.wav"", ""data/processed/audio/train/12_03-01-05-02-02-01-12_win0.wav"", ""data/processed/audio/train/12_03-01-05-02-02-02-12_win0.wav"", ""data/processed/audio/train/12_03-01-06-01-01-01-12_win0.wav""]","[1, 1, 1, 1]",1,0,train
seq_000132,12,34,"[""12_03-01-05-02-02-01-12"", ""12_03-01-05-02-02-02-12"", ""12_03-01-06-01-01-01-12"", ""12_03-01-06-01-01-02-12""]","[""data/processed/audio/train/12_03-01-05-02-02-01-12_win0.wav"", ""data/processed/audio/train/12_03-01-05-02-02-02-12_win0.wav"", ""data/processed/audio/train/12_03-01-06-01-01-01-12_win0.wav"", ""data/processed/audio/train/12_03-01-06-01-01-02-12_win0.wav""]","[1, 1, 1, 1]",1,0,train
seq_000133,12,35,"[""12_03-01-05-02-02-02-12"", ""12_03-01-06-01-01-01-12"", ""12_03-01-06-01-01-02-12"", ""12_03-01-06-01-02-01-12""]","[""data/processed/audio/train/12_03-01-05-02-02-02-12_win0.wav"", ""data/processed/audio/train/12_03-01-06-01-01-01-12_win0.wav"", ""data/processed/audio/train/12_03-01-06-01-01-02-12_win0.wav"", ""data/processed/audio/train/12_03-01-06-01-02-01-12_win0.wav""]","[1, 1, 1, 1]",1,0,train
seq_000134,12,36,"[""12_03-01-06-01-01-01-12"", ""12_03-01-06-01-01-02-12"", ""12_03-01-06-01-02-01-12"", ""12_03-01-06-01-02-02-12""]","[""data/processed/audio/train/12_03-01-06-01-01-01-12_win0.wav"", ""data/processed/audio/train/12_03-01-06-01-01-02-12_win0.wav"", ""data/processed/audio/train/12_03-01-06-01-02-01-12_win0.wav"", ""data/processed/audio/train/12_03-01-06-01-02-02-12_win0.wav""]","[1, 1, 1, 1]",1,0,train
seq_000135,12,37,"[""12_03-01-06-01-01-02-12"", ""12_03-01-06-01-02-01-12"", ""12_03-01-06-01-02-02-12"", ""12_03-01-06-02-01-01-12""]","[""data/processed/audio/train/12_03-01-06-01-01-02-12_win0.wav"", ""data/processed/audio/train/12_03-01-06-01-02-01-12_win0.wav"", ""data/processed/audio/train/12_03-01-06-01-02-02-12_win0.wav"", ""data/processed/audio/train/12_03-01-06-02-01-01-12_win0.wav""]","[1, 1, 1, 1]",1,0,train
seq_000136,12,38,"[""12_03-01-06-01-02-01-12"", ""12_03-01-06-01-02-02-12"", ""12_03-01-06-02-01-01-12"", ""12_03-01-06-02-01-02-12""]","[""data/processed/audio/train/12_03-01-06-01-02-01-12_win0.wav"", ""data/processed/audio/train/12_03-01-06-01-02-02-12_win0.wav"", ""data/processed/audio/train/12_03-01-06-02-01-01-12_win0.wav"", ""data/processed/audio/train/12_03-01-06-02-01-02-12_win0.wav""]","[1, 1, 1, 1]",1,0,train
seq_000137,12,39,"[""12_03-01-06-01-02-02-12"", ""12_03-01-06-02-01-01-12"", ""12_03-01-06-02-01-02-12"", ""12_03-01-06-02-02-01-12""]","[""data/processed/audio/train/12_03-01-06-01-02-02-12_win0.wav"", ""data/processed/audio/train/12_03-01-06-02-01-01-12_win0.wav"", ""data/processed/audio/train/12_03-01-06-02-01-02-12_win0.wav"", ""data/processed/audio/train/12_03-01-06-02-02-01-12_win0.wav""]","[1, 1, 1, 1]",1,0,train
seq_000138,12,40,"[""12_03-01-06-02-01-01-12"", ""12_03-01-06-02-01-02-12"", ""12_03-01-06-02-02-01-12"", ""12_03-01-06-02-02-02-12""]","[""data/processed/audio/train/12_03-01-06-02-01-01-12_win0.wav"", ""data/processed/audio/train/12_03-01-06-02-01-02-12_win0.wav"", ""data/processed/audio/train/12_03-01-06-02-02-01-12_win0.wav"", ""data/processed/audio/train/12_03-01-06-02-02-02-12_win0.wav""]","[1, 1, 1, 1]",1,0,train
seq_000139,12,41,"[""12_03-01-06-02-01-02-12"", ""12_03-01-06-02-02-01-12"", ""12_03-01-06-02-02-02-12"", ""12_03-01-07-01-01-01-12""]","[""data/processed/audio/train/12_03-01-06-02-01-02-12_win0.wav"", ""data/processed/audio/train/12_03-01-06-02-02-01-12_win0.wav"", ""data/processed/audio/train/12_03-01-06-02-02-02-12_win0.wav"", ""data/processed/audio/train/12_03-01-07-01-01-01-12_win0.wav""]","[1, 1, 1, 1]",1,0,train
seq_000140,12,42,"[""12_03-01-06-02-02-01-12"", ""12_03-01-06-02-02-02-12"", ""12_03-01-07-01-01-01-12"", ""12_03-01-07-01-01-02-12""]","[""data/processed/audio/train/12_03-01-06-02-02-01-12_win0.wav"", ""data/processed/audio/train/12_03-01-06-02-02-02-12_win0.wav"", ""data/processed/audio/train/12_03-01-07-01-01-01-12_win0.wav"", ""data/processed/audio/train/12_03-01-07-01-01-02-12_win0.wav""]","[1, 1, 1, 1]",1,0,train
seq_000141,12,43,"[""12_03-01-06-02-02-02-12"", ""12_03-01-07-01-01-01-12"", ""12_03-01-07-01-01-02-12"", ""12_03-01-07-01-02-01-12""]","[""data/processed/audio/train/12_03-01-06-02-02-02-12_win0.wav"", ""data/processed/audio/train/12_03-01-07-01-01-01-12_win0.wav"", ""data/processed/audio/train/12_03-01-07-01-01-02-12_win0.wav"", ""data/processed/audio/train/12_03-01-07-01-02-01-12_win0.wav""]","[1, 1, 1, 1]",1,0,train
seq_000142,12,44,"[""12_03-01-07-01-01-01-12"", ""12_03-01-07-01-01-02-12"", ""12_03-01-07-01-02-01-12"", ""12_03-01-07-01-02-02-12""]","[""data/processed/audio/train/12_03-01-07-01-01-01-12_win0.wav"", ""data/processed/audio/train/12_03-01-07-01-01-02-12_win0.wav"", ""data/processed/audio/train/12_03-01-07-01-02-01-12_win0.wav"", ""data/processed/audio/train/12_03-01-07-01-02-02-12_win0.wav""]","[1, 1, 1, 1]",1,0,train
seq_000143,12,45,"[""12_03-01-07-01-01-02-12"", ""12_03-01-07-01-02-01-12"", ""12_03-01-07-01-02-02-12"", ""12_03-01-07-02-01-01-12""]","[""data/processed/audio/train/12_03-01-07-01-01-02-12_win0.wav"", ""data/processed/audio/train/12_03-01-07-01-02-01-12_win0.wav"", ""data/processed/audio/train/12_03-01-07-01-02-02-12_win0.wav"", ""data/processed/audio/train/12_03-01-07-02-01-01-12_win0.wav""]","[1, 1, 1, 1]",1,0,train
seq_000144,12,46,"[""12_03-01-07-01-02-01-12"", ""12_03-01-07-01-02-02-12"", ""12_03-01-07-02-01-01-12"", ""12_03-01-07-02-01-02-12""]","[""data/processed/audio/train/12_03-01-07-01-02-01-12_win0.wav"", ""data/processed/audio/train/12_03-01-07-01-02-02-12_win0.wav"", ""data/processed/audio/train/12_03-01-07-02-01-01-12_win0.wav"", ""data/processed/audio/train/12_03-01-07-02-01-02-12_win0.wav""]","[1, 1, 1, 1]",1,0,train
seq_000145,12,47,"[""12_03-01-07-01-02-02-12"", ""12_03-01-07-02-01-01-12"", ""12_03-01-07-02-01-02-12"", ""12_03-01-07-02-02-01-12""]","[""data/processed/audio/train/12_03-01-07-01-02-02-12_win0.wav"", ""data/processed/audio/train/12_03-01-07-02-01-01-12_win0.wav"", ""data/processed/audio/train/12_03-01-07-02-01-02-12_win0.wav"", ""data/processed/audio/train/12_03-01-07-02-02-01-12_win0.wav""]","[1, 1, 1, 1]",1,0,train
seq_000146,12,48,"[""12_03-01-07-02-01-01-12"", ""12_03-01-07-02-01-02-12"", ""12_03-01-07-02-02-01-12"", ""12_03-01-07-02-02-02-12""]","[""data/processed/audio/train/12_03-01-07-02-01-01-12_win0.wav"", ""data/processed/audio/train/12_03-01-07-02-01-02-12_win0.wav"", ""data/processed/audio/train/12_03-01-07-02-02-01-12_win0.wav"", ""data/processed/audio/train/12_03-01-07-02-02-02-12_win0.wav""]","[1, 1, 1, 1]",1,0,train
seq_000147,13,0,"[""13_03-01-01-01-01-01-13"", ""13_03-01-01-01-01-02-13"", ""13_03-01-01-01-02-01-13"", ""13_03-01-01-01-02-02-13""]","[""data/processed/audio/train/13_03-01-01-01-01-01-13_win0.wav"", ""data/processed/audio/train/13_03-01-01-01-01-02-13_win0.wav"", ""data/processed/audio/train/13_03-01-01-01-02-01-13_win0.wav"", ""data/processed/audio/train/13_03-01-01-01-02-02-13_win0.wav""]","[0, 0, 0, 0]",0,0,train
seq_000148,13,1,"[""13_03-01-01-01-01-02-13"", ""13_03-01-01-01-02-01-13"", ""13_03-01-01-01-02-02-13"", ""13_03-01-02-01-01-01-13""]","[""data/processed/audio/train/13_03-01-01-01-01-02-13_win0.wav"", ""data/processed/audio/train/13_03-01-01-01-02-01-13_win0.wav"", ""data/processed/audio/train/13_03-01-01-01-02-02-13_win0.wav"", ""data/processed/audio/train/13_03-01-02-01-01-01-13_win0.wav""]","[0, 0, 0, 0]",0,0,train
seq_000149,13,2,"[""13_03-01-01-01-02-01-13"", ""13_03-01-01-01-02-02-13"", ""13_03-01-02-01-01-01-13"", ""13_03-01-02-01-01-02-13""]","[""data/processed/audio/train/13_03-01-01-01-02-01-13_win0.wav"", ""data/processed/audio/train/13_03-01-01-01-02-02-13_win0.wav"", ""data/processed/audio/train/13_03-01-02-01-01-01-13_win0.wav"", ""data/processed/audio/train/13_03-01-02-01-01-02-13_win0.wav""]","[0, 0, 0, 0]",0,0,train
seq_000150,13,3,"[""13_03-01-01-01-02-02-13"", ""13_03-01-02-01-01-01-13"", ""13_03-01-02-01-01-02-13"", ""13_03-01-02-01-02-01-13""]","[""data/processed/audio/train/13_03-01-01-01-02-02-13_win0.wav"", ""data/processed/audio/train/13_03-01-02-01-01-01-13_win0.wav"", ""data/processed/audio/train/13_03-01-02-01-01-02-13_win0.wav"", ""data/processed/audio/train/13_03-01-02-01-02-01-13_win0.wav""]","[0, 0, 0, 0]",0,0,train
seq_000151,13,4,"[""13_03-01-02-01-01-01-13"", ""13_03-01-02-01-01-02-13"", ""13_03-01-02-01-02-01-13"", ""13_03-01-02-01-02-02-13""]","[""data/processed/audio/train/13_03-01-02-01-01-01-13_win0.wav"", ""data/processed/audio/train/13_03-01-02-01-01-02-13_win0.wav"", ""data/processed/audio/train/13_03-01-02-01-02-01-13_win0.wav"", ""data/processed/audio/train/13_03-01-02-01-02-02-13_win0.wav""]","[0, 0, 0, 0]",0,0,train
seq_000152,13,5,"[""13_03-01-02-01-01-02-13"", ""13_03-01-02-01-02-01-13"", ""13_03-01-02-01-02-02-13"", ""13_03-01-02-02-01-01-13""]","[""data/processed/audio/train/13_03-01-02-01-01-02-13_win0.wav"", ""data/processed/audio/train/13_03-01-02-01-02-01-13_win0.wav"", ""data/processed/audio/train/13_03-01-02-01-02-02-13_win0.wav"", ""data/processed/audio/train/13_03-01-02-02-01-01-13_win0.wav""]","[0, 0, 0, 0]",0,0,train
seq_000153,13,6,"[""13_03-01-02-01-02-01-13"", ""13_03-01-02-01-02-02-13"", ""13_03-01-02-02-01-01-13"", ""13_03-01-02-02-01-02-13""]","[""data/processed/audio/train/13_03-01-02-01-02-01-13_win0.wav"", ""data/processed/audio/train/13_03-01-02-01-02-02-13_win0.wav"", ""data/processed/audio/train/13_03-01-02-02-01-01-13_win0.wav"", ""data/processed/audio/train/13_03-01-02-02-01-02-13_win0.wav""]","[0, 0, 0, 0]",0,0,train
seq_000154,13,7,"[""13_03-01-02-01-02-02-13"", ""13_03-01-02-02-01-01-13"", ""13_03-01-02-02-01-02-13"", ""13_03-01-02-02-02-01-13""]","[""data/processed/audio/train/13_03-01-02-01-02-02-13_win0.wav"", ""data/processed/audio/train/13_03-01-02-02-01-01-13_win0.wav"", ""data/processed/audio/train/13_03-01-02-02-01-02-13_win0.wav"", ""data/processed/audio/train/13_03-01-02-02-02-01-13_win0.wav""]","[0, 0, 0, 0]",0,0,train
seq_000155,13,8,"[""13_03-01-02-02-01-01-13"", ""13_03-01-02-02-01-02-13"", ""13_03-01-02-02-02-01-13"", ""13_03-01-02-02-02-02-13""]","[""data/processed/audio/train/13_03-01-02-02-01-01-13_win0.wav"", ""data/processed/audio/train/13_03-01-02-02-01-02-13_win0.wav"", ""data/processed/audio/train/13_03-01-02-02-02-01-13_win0.wav"", ""data/processed/audio/train/13_03-01-02-02-02-02-13_win0.wav""]","[0, 0, 0, 0]",0,0,train
seq_000156,13,9,"[""13_03-01-02-02-01-02-13"", ""13_03-01-02-02-02-01-13"", ""13_03-01-02-02-02-02-13"", ""13_03-01-03-01-01-01-13""]","[""data/processed/audio/train/13_03-01-02-02-01-02-13_win0.wav"", ""data/processed/audio/train/13_03-01-02-02-02-01-13_win0.wav"", ""data/processed/audio/train/13_03-01-02-02-02-02-13_win0.wav"", ""data/processed/audio/train/13_03-01-03-01-01-01-13_win0.wav""]","[0, 0, 0, 0]",0,0,train
seq_000157,13,10,"[""13_03-01-02-02-02-01-13"", ""13_03-01-02-02-02-02-13"", ""13_03-01-03-01-01-01-13"", ""13_03-01-03-01-01-02-13""]","[""data/processed/audio/train/13_03-01-02-02-02-01-13_win0.wav"", ""data/processed/audio/train/13_03-01-02-02-02-02-13_win0.wav"", ""data/processed/audio/train/13_03-01-03-01-01-01-13_win0.wav"", ""data/processed/audio/train/13_03-01-03-01-01-02-13_win0.wav""]","[0, 0, 0, 0]",0,0,train
seq_000158,13,11,"[""13_03-01-02-02-02-02-13"", ""13_03-01-03-01-01-01-13"", ""13_03-01-03-01-01-02-13"", ""13_03-01-03-01-02-01-13""]","[""data/processed/audio/train/13_03-01-02-02-02-02-13_win0.wav"", ""data/processed/audio/train/13_03-01-03-01-01-01-13_win0.wav"", ""data/processed/audio/train/13_03-01-03-01-01-02-13_win0.wav"", ""data/processed/audio/train/13_03-01-03-01-02-01-13_win0.wav""]","[0, 0, 0, 0]",0,0,train
seq_000159,13,12,"[""13_03-01-03-01-01-01-13"", ""13_03-01-03-01-01-02-13"", ""13_03-01-03-01-02-01-13"", ""13_03-01-03-01-02-02-13""]","[""data/processed/audio/train/13_03-01-03-01-01-01-13_win0.wav"", ""data/processed/audio/train/13_03-01-03-01-01-02-13_win0.wav"", ""data/processed/audio/train/13_03-01-03-01-02-01-13_win0.wav"", ""data/processed/audio/train/13_03-01-03-01-02-02-13_win0.wav""]","[0, 0, 0, 0]",0,0,train
seq_000160,13,13,"[""13_03-01-03-01-01-02-13"", ""13_03-01-03-01-02-01-13"", ""13_03-01-03-01-02-02-13"", ""13_03-01-03-02-01-01-13""]","[""data/processed/audio/train/13_03-01-03-01-01-02-13_win0.wav"", ""data/processed/audio/train/13_03-01-03-01-02-01-13_win0.wav"", ""data/processed/audio/train/13_03-01-03-01-02-02-13_win0.wav"", ""data/processed/audio/train/13_03-01-03-02-01-01-13_win0.wav""]","[0, 0, 0, 0]",0,0,train
seq_000161,13,14,"[""13_03-01-03-01-02-01-13"", ""13_03-01-03-01-02-02-13"", ""13_03-01-03-02-01-01-13"", ""13_03-01-03-02-01-02-13""]","[""data/processed/audio/train/13_03-01-03-01-02-01-13_win0.wav"", ""data/processed/audio/train/13_03-01-03-01-02-02-13_win0.wav"", ""data/processed/audio/train/13_03-01-03-02-01-01-13_win0.wav"", ""data/processed/audio/train/13_03-01-03-02-01-02-13_win0.wav""]","[0, 0, 0, 0]",0,0,train
seq_000162,13,15,"[""13_03-01-03-01-02-02-13"", ""13_03-01-03-02-01-01-13"", ""13_03-01-03-02-01-02-13"", ""13_03-01-03-02-02-01-13""]","[""data/processed/audio/train/13_03-01-03-01-02-02-13_win0.wav"", ""data/processed/audio/train/13_03-01-03-02-01-01-13_win0.wav"", ""data/processed/audio/train/13_03-01-03-02-01-02-13_win0.wav"", ""data/processed/audio/train/13_03-01-03-02-02-01-13_win0.wav""]","[0, 0, 0, 0]",0,0,train
seq_000163,13,16,"[""13_03-01-03-02-01-01-13"", ""13_03-01-03-02-01-02-13"", ""13_03-01-03-02-02-01-13"", ""13_03-01-03-02-02-02-13""]","[""data/processed/audio/train/13_03-01-03-02-01-01-13_win0.wav"", ""data/processed/audio/train/13_03-01-03-02-01-02-13_win0.wav"", ""data/processed/audio/train/13_03-01-03-02-02-01-13_win0.wav"", ""data/processed/audio/train/13_03-01-03-02-02-02-13_win0.wav""]","[0, 0, 0, 0]",0,0,train
seq_000164,13,17,"[""13_03-01-03-02-01-02-13"", ""13_03-01-03-02-02-01-13"", ""13_03-01-03-02-02-02-13"", ""13_03-01-04-01-01-01-13""]","[""data/processed/audio/train/13_03-01-03-02-01-02-13_win0.wav"", ""data/processed/audio/train/13_03-01-03-02-02-01-13_win0.wav"", ""data/processed/audio/train/13_03-01-03-02-02-02-13_win0.wav"", ""data/processed/audio/train/13_03-01-04-01-01-01-13_win0.wav""]","[0, 0, 0, 0]",0,0,train
seq_000165,13,18,"[""13_03-01-03-02-02-01-13"", ""13_03-01-03-02-02-02-13"", ""13_03-01-04-01-01-01-13"", ""13_03-01-04-01-01-02-13""]","[""data/processed/audio/train/13_03-01-03-02-02-01-13_win0.wav"", ""data/processed/audio/train/13_03-01-03-02-02-02-13_win0.wav"", ""data/processed/audio/train/13_03-01-04-01-01-01-13_win0.wav"", ""data/processed/audio/train/13_03-01-04-01-01-02-13_win0.wav""]","[0, 0, 0, 0]",0,0,train
seq_000166,13,19,"[""13_03-01-03-02-02-02-13"", ""13_03-01-04-01-01-01-13"", ""13_03-01-04-01-01-02-13"", ""13_03-01-04-01-02-01-13""]","[""data/processed/audio/train/13_03-01-03-02-02-02-13_win0.wav"", ""data/processed/audio/train/13_03-01-04-01-01-01-13_win0.wav"", ""data/processed/audio/train/13_03-01-04-01-01-02-13_win0.wav"", ""data/processed/audio/train/13_03-01-04-01-02-01-13_win0.wav""]","[0, 0, 0, 0]",0,0,train
seq_000167,13,20,"[""13_03-01-04-01-01-01-13"", ""13_03-01-04-01-01-02-13"", ""13_03-01-04-01-02-01-13"", ""13_03-01-04-01-02-02-13""]","[""data/processed/audio/train/13_03-01-04-01-01-01-13_win0.wav"", ""data/processed/audio/train/13_03-01-04-01-01-02-13_win0.wav"", ""data/processed/audio/train/13_03-01-04-01-02-01-13_win0.wav"", ""data/processed/audio/train/13_03-01-04-01-02-02-13_win0.wav""]","[0, 0, 0, 0]",0,0,train
seq_000168,13,21,"[""13_03-01-04-01-01-02-13"", ""13_03-01-04-01-02-01-13"", ""13_03-01-04-01-02-02-13"", ""13_03-01-04-02-01-01-13""]","[""data/processed/audio/train/13_03-01-04-01-01-02-13_win0.wav"", ""data/processed/audio/train/13_03-01-04-01-02-01-13_win0.wav"", ""data/processed/audio/train/13_03-01-04-01-02-02-13_win0.wav"", ""data/processed/audio/train/13_03-01-04-02-01-01-13_win0.wav""]","[0, 0, 0, 0]",0,0,train
seq_000169,13,22,"[""13_03-01-04-01-02-01-13"", ""13_03-01-04-01-02-02-13"", ""13_03-01-04-02-01-01-13"", ""13_03-01-04-02-01-02-13""]","[""data/processed/audio/train/13_03-01-04-01-02-01-13_win0.wav"", ""data/processed/audio/train/13_03-01-04-01-02-02-13_win0.wav"", ""data/processed/audio/train/13_03-01-04-02-01-01-13_win0.wav"", ""data/processed/audio/train/13_03-01-04-02-01-02-13_win0.wav""]","[0, 0, 0, 0]",0,0,train
seq_000170,13,23,"[""13_03-01-04-01-02-02-13"", ""13_03-01-04-02-01-01-13"", ""13_03-01-04-02-01-02-13"", ""13_03-01-04-02-02-01-13""]","[""data/processed/audio/train/13_03-01-04-01-02-02-13_win0.wav"", ""data/processed/audio/train/13_03-01-04-02-01-01-13_win0.wav"", ""data/processed/audio/train/13_03-01-04-02-01-02-13_win0.wav"", ""data/processed/audio/train/13_03-01-04-02-02-01-13_win0.wav""]","[0, 0, 0, 0]",0,0,train
seq_000171,13,24,"[""13_03-01-04-02-01-01-13"", ""13_03-01-04-02-01-02-13"", ""13_03-01-04-02-02-01-13"", ""13_03-01-04-02-02-02-13""]","[""data/processed/audio/train/13_03-01-04-02-01-01-13_win0.wav"", ""data/processed/audio/train/13_03-01-04-02-01-02-13_win0.wav"", ""data/processed/audio/train/13_03-01-04-02-02-01-13_win0.wav"", ""data/processed/audio/train/13_03-01-04-02-02-02-13_win0.wav""]","[0, 0, 0, 0]",0,0,train
seq_000172,13,25,"[""13_03-01-04-02-01-02-13"", ""13_03-01-04-02-02-01-13"", ""13_03-01-04-02-02-02-13"", ""13_03-01-05-01-01-01-13""]","[""data/processed/audio/train/13_03-01-04-02-01-02-13_win0.wav"", ""data/processed/audio/train/13_03-01-04-02-02-01-13_win0.wav"", ""data/processed/audio/train/13_03-01-04-02-02-02-13_win0.wav"", ""data/processed/audio/train/13_03-01-05-01-01-01-13_win0.wav""]","[0, 0, 0, 1]",1,0,train
seq_000173,13,26,"[""13_03-01-04-02-02-01-13"", ""13_03-01-04-02-02-02-13"", ""13_03-01-05-01-01-01-13"", ""13_03-01-05-01-01-02-13""]","[""data/processed/audio/train/13_03-01-04-02-02-01-13_win0.wav"", ""data/processed/audio/train/13_03-01-04-02-02-02-13_win0.wav"", ""data/processed/audio/train/13_03-01-05-01-01-01-13_win0.wav"", ""data/processed/audio/train/13_03-01-05-01-01-02-13_win0.wav""]","[0, 0, 1, 1]",1,1,train
seq_000174,13,27,"[""13_03-01-04-02-02-02-13"", ""13_03-01-05-01-01-01-13"", ""13_03-01-05-01-01-02-13"", ""13_03-01-05-01-02-01-13""]","[""data/processed/audio/train/13_03-01-04-02-02-02-13_win0.wav"", ""data/processed/audio/train/13_03-01-05-01-01-01-13_win0.wav"", ""data/processed/audio/train/13_03-01-05-01-01-02-13_win0.wav"", ""data/processed/audio/train/13_03-01-05-01-02-01-13_win0.wav""]","[0, 1, 1, 1]",1,1,train
seq_000175,13,28,"[""13_03-01-05-01-01-01-13"", ""13_03-01-05-01-01-02-13"", ""13_03-01-05-01-02-01-13"", ""13_03-01-05-01-02-02-13""]","[""data/processed/audio/train/13_03-01-05-01-01-01-13_win0.wav"", ""data/processed/audio/train/13_03-01-05-01-01-02-13_win0.wav"", ""data/processed/audio/train/13_03-01-05-01-02-01-13_win0.wav"", ""data/processed/audio/train/13_03-01-05-01-02-02-13_win0.wav""]","[1, 1, 1, 1]",1,0,train
seq_000176,13,29,"[""13_03-01-05-01-01-02-13"", ""13_03-01-05-01-02-01-13"", ""13_03-01-05-01-02-02-13"", ""13_03-01-05-02-01-01-13""]","[""data/processed/audio/train/13_03-01-05-01-01-02-13_win0.wav"", ""data/processed/audio/train/13_03-01-05-01-02-01-13_win0.wav"", ""data/processed/audio/train/13_03-01-05-01-02-02-13_win0.wav"", ""data/processed/audio/train/13_03-01-05-02-01-01-13_win0.wav""]","[1, 1, 1, 1]",1,0,train
seq_000177,13,30,"[""13_03-01-05-01-02-01-13"", ""13_03-01-05-01-02-02-13"", ""13_03-01-05-02-01-01-13"", ""13_03-01-05-02-01-02-13""]","[""data/processed/audio/train/13_03-01-05-01-02-01-13_win0.wav"", ""data/processed/audio/train/13_03-01-05-01-02-02-13_win0.wav"", ""data/processed/audio/train/13_03-01-05-02-01-01-13_win0.wav"", ""data/processed/audio/train/13_03-01-05-02-01-02-13_win0.wav""]","[1, 1, 1, 1]",1,0,train
seq_000178,13,31,"[""13_03-01-05-01-02-02-13"", ""13_03-01-05-02-01-01-13"", ""13_03-01-05-02-01-02-13"", ""13_03-01-05-02-02-01-13""]","[""data/processed/audio/train/13_03-01-05-01-02-02-13_win0.wav"", ""data/processed/audio/train/13_03-01-05-02-01-01-13_win0.wav"", ""data/processed/audio/train/13_03-01-05-02-01-02-13_win0.wav"", ""data/processed/audio/train/13_03-01-05-02-02-01-13_win0.wav""]","[1, 1, 1, 1]",1,0,train
seq_000179,13,32,"[""13_03-01-05-02-01-01-13"", ""13_03-01-05-02-01-02-13"", ""13_03-01-05-02-02-01-13"", ""13_03-01-05-02-02-02-13""]","[""data/processed/audio/train/13_03-01-05-02-01-01-13_win0.wav"", ""data/processed/audio/train/13_03-01-05-02-01-02-13_win0.wav"", ""data/processed/audio/train/13_03-01-05-02-02-01-13_win0.wav"", ""data/processed/audio/train/13_03-01-05-02-02-02-13_win0.wav""]","[1, 1, 1, 1]",1,0,train
seq_000180,13,33,"[""13_03-01-05-02-01-02-13"", ""13_03-01-05-02-02-01-13"", ""13_03-01-05-02-02-02-13"", ""13_03-01-06-01-01-01-13""]","[""data/processed/audio/train/13_03-01-05-02-01-02-13_win0.wav"", ""data/processed/audio/train/13_03-01-05-02-02-01-13_win0.wav"", ""data/processed/audio/train/13_03-01-05-02-02-02-13_win0.wav"", ""data/processed/audio/train/13_03-01-06-01-01-01-13_win0.wav""]","[1, 1, 1, 1]",1,0,train
seq_000181,13,34,"[""13_03-01-05-02-02-01-13"", ""13_03-01-05-02-02-02-13"", ""13_03-01-06-01-01-01-13"", ""13_03-01-06-01-01-02-13""]","[""data/processed/audio/train/13_03-01-05-02-02-01-13_win0.wav"", ""data/processed/audio/train/13_03-01-05-02-02-02-13_win0.wav"", ""data/processed/audio/train/13_03-01-06-01-01-01-13_win0.wav"", ""data/processed/audio/train/13_03-01-06-01-01-02-13_win0.wav""]","[1, 1, 1, 1]",1,0,train
seq_000182,13,35,"[""13_03-01-05-02-02-02-13"", ""13_03-01-06-01-01-01-13"", ""13_03-01-06-01-01-02-13"", ""13_03-01-06-01-02-01-13""]","[""data/processed/audio/train/13_03-01-05-02-02-02-13_win0.wav"", ""data/processed/audio/train/13_03-01-06-01-01-01-13_win0.wav"", ""data/processed/audio/train/13_03-01-06-01-01-02-13_win0.wav"", ""data/processed/audio/train/13_03-01-06-01-02-01-13_win0.wav""]","[1, 1, 1, 1]",1,0,train
seq_000183,13,36,"[""13_03-01-06-01-01-01-13"", ""13_03-01-06-01-01-02-13"", ""13_03-01-06-01-02-01-13"", ""13_03-01-06-01-02-02-13""]","[""data/processed/audio/train/13_03-01-06-01-01-01-13_win0.wav"", ""data/processed/audio/train/13_03-01-06-01-01-02-13_win0.wav"", ""data/processed/audio/train/13_03-01-06-01-02-01-13_win0.wav"", ""data/processed/audio/train/13_03-01-06-01-02-02-13_win0.wav""]","[1, 1, 1, 1]",1,0,train
seq_000184,13,37,"[""13_03-01-06-01-01-02-13"", ""13_03-01-06-01-02-01-13"", ""13_03-01-06-01-02-02-13"", ""13_03-01-06-02-01-01-13""]","[""data/processed/audio/train/13_03-01-06-01-01-02-13_win0.wav"", ""data/processed/audio/train/13_03-01-06-01-02-01-13_win0.wav"", ""data/processed/audio/train/13_03-01-06-01-02-02-13_win0.wav"", ""data/processed/audio/train/13_03-01-06-02-01-01-13_win0.wav""]","[1, 1, 1, 1]",1,0,train
seq_000185,13,38,"[""13_03-01-06-01-02-01-13"", ""13_03-01-06-01-02-02-13"", ""13_03-01-06-02-01-01-13"", ""13_03-01-06-02-01-02-13""]","[""data/processed/audio/train/13_03-01-06-01-02-01-13_win0.wav"", ""data/processed/audio/train/13_03-01-06-01-02-02-13_win0.wav"", ""data/processed/audio/train/13_03-01-06-02-01-01-13_win0.wav"", ""data/processed/audio/train/13_03-01-06-02-01-02-13_win0.wav""]","[1, 1, 1, 1]",1,0,train
seq_000186,13,39,"[""13_03-01-06-01-02-02-13"", ""13_03-01-06-02-01-01-13"", ""13_03-01-06-02-01-02-13"", ""13_03-01-06-02-02-01-13""]","[""data/processed/audio/train/13_03-01-06-01-02-02-13_win0.wav"", ""data/processed/audio/train/13_03-01-06-02-01-01-13_win0.wav"", ""data/processed/audio/train/13_03-01-06-02-01-02-13_win0.wav"", ""data/processed/audio/train/13_03-01-06-02-02-01-13_win0.wav""]","[1, 1, 1, 1]",1,0,train
seq_000187,13,40,"[""13_03-01-06-02-01-01-13"", ""13_03-01-06-02-01-02-13"", ""13_03-01-06-02-02-01-13"", ""13_03-01-06-02-02-02-13""]","[""data/processed/audio/train/13_03-01-06-02-01-01-13_win0.wav"", ""data/processed/audio/train/13_03-01-06-02-01-02-13_win0.wav"", ""data/processed/audio/train/13_03-01-06-02-02-01-13_win0.wav"", ""data/processed/audio/train/13_03-01-06-02-02-02-13_win0.wav""]","[1, 1, 1, 1]",1,0,train
seq_000188,13,41,"[""13_03-01-06-02-01-02-13"", ""13_03-01-06-02-02-01-13"", ""13_03-01-06-02-02-02-13"", ""13_03-01-07-01-01-01-13""]","[""data/processed/audio/train/13_03-01-06-02-01-02-13_win0.wav"", ""data/processed/audio/train/13_03-01-06-02-02-01-13_win0.wav"", ""data/processed/audio/train/13_03-01-06-02-02-02-13_win0.wav"", ""data/processed/audio/train/13_03-01-07-01-01-01-13_win0.wav""]","[1, 1, 1, 1]",1,0,train
seq_000189,13,42,"[""13_03-01-06-02-02-01-13"", ""13_03-01-06-02-02-02-13"", ""13_03-01-07-01-01-01-13"", ""13_03-01-07-01-01-02-13""]","[""data/processed/audio/train/13_03-01-06-02-02-01-13_win0.wav"", ""data/processed/audio/train/13_03-01-06-02-02-02-13_win0.wav"", ""data/processed/audio/train/13_03-01-07-01-01-01-13_win0.wav"", ""data/processed/audio/train/13_03-01-07-01-01-02-13_win0.wav""]","[1, 1, 1, 1]",1,0,train
seq_000190,13,43,"[""13_03-01-06-02-02-02-13"", ""13_03-01-07-01-01-01-13"", ""13_03-01-07-01-01-02-13"", ""13_03-01-07-01-02-01-13""]","[""data/processed/audio/train/13_03-01-06-02-02-02-13_win0.wav"", ""data/processed/audio/train/13_03-01-07-01-01-01-13_win0.wav"", ""data/processed/audio/train/13_03-01-07-01-01-02-13_win0.wav"", ""data/processed/audio/train/13_03-01-07-01-02-01-13_win0.wav""]","[1, 1, 1, 1]",1,0,train
seq_000191,13,44,"[""13_03-01-07-01-01-01-13"", ""13_03-01-07-01-01-02-13"", ""13_03-01-07-01-02-01-13"", ""13_03-01-07-01-02-02-13""]","[""data/processed/audio/train/13_03-01-07-01-01-01-13_win0.wav"", ""data/processed/audio/train/13_03-01-07-01-01-02-13_win0.wav"", ""data/processed/audio/train/13_03-01-07-01-02-01-13_win0.wav"", ""data/processed/audio/train/13_03-01-07-01-02-02-13_win0.wav""]","[1, 1, 1, 1]",1,0,train
seq_000192,13,45,"[""13_03-01-07-01-01-02-13"", ""13_03-01-07-01-02-01-13"", ""13_03-01-07-01-02-02-13"", ""13_03-01-07-02-01-01-13""]","[""data/processed/audio/train/13_03-01-07-01-01-02-13_win0.wav"", ""data/processed/audio/train/13_03-01-07-01-02-01-13_win0.wav"", ""data/processed/audio/train/13_03-01-07-01-02-02-13_win0.wav"", ""data/processed/audio/train/13_03-01-07-02-01-01-13_win0.wav""]","[1, 1, 1, 1]",1,0,train
seq_000193,13,46,"[""13_03-01-07-01-02-01-13"", ""13_03-01-07-01-02-02-13"", ""13_03-01-07-02-01-01-13"", ""13_03-01-07-02-01-02-13""]","[""data/processed/audio/train/13_03-01-07-01-02-01-13_win0.wav"", ""data/processed/audio/train/13_03-01-07-01-02-02-13_win0.wav"", ""data/processed/audio/train/13_03-01-07-02-01-01-13_win0.wav"", ""data/processed/audio/train/13_03-01-07-02-01-02-13_win0.wav""]","[1, 1, 1, 1]",1,0,train
seq_000194,13,47,"[""13_03-01-07-01-02-02-13"", ""13_03-01-07-02-01-01-13"", ""13_03-01-07-02-01-02-13"", ""13_03-01-07-02-02-01-13""]","[""data/processed/audio/train/13_03-01-07-01-02-02-13_win0.wav"", ""data/processed/audio/train/13_03-01-07-02-01-01-13_win0.wav"", ""data/processed/audio/train/13_03-01-07-02-01-02-13_win0.wav"", ""data/processed/audio/train/13_03-01-07-02-02-01-13_win0.wav""]","[1, 1, 1, 1]",1,0,train
seq_000195,13,48,"[""13_03-01-07-02-01-01-13"", ""13_03-01-07-02-01-02-13"", ""13_03-01-07-02-02-01-13"", ""13_03-01-07-02-02-02-13""]","[""data/processed/audio/train/13_03-01-07-02-01-01-13_win0.wav"", ""data/processed/audio/train/13_03-01-07-02-01-02-13_win0.wav"", ""data/processed/audio/train/13_03-01-07-02-02-01-13_win0.wav"", ""data/processed/audio/train/13_03-01-07-02-02-02-13_win0.wav""]","[1, 1, 1, 1]",1,0,train
seq_000196,14,0,"[""14_03-01-01-01-01-01-14"", ""14_03-01-01-01-01-02-14"", ""14_03-01-01-01-02-01-14"", ""14_03-01-01-01-02-02-14""]","[""data/processed/audio/train/14_03-01-01-01-01-01-14_win0.wav"", ""data/processed/audio/train/14_03-01-01-01-01-02-14_win0.wav"", ""data/processed/audio/train/14_03-01-01-01-02-01-14_win0.wav"", ""data/processed/audio/train/14_03-01-01-01-02-02-14_win0.wav""]","[0, 0, 0, 0]",0,0,train
seq_000197,14,1,"[""14_03-01-01-01-01-02-14"", ""14_03-01-01-01-02-01-14"", ""14_03-01-01-01-02-02-14"", ""14_03-01-02-01-01-01-14""]","[""data/processed/audio/train/14_03-01-01-01-01-02-14_win0.wav"", ""data/processed/audio/train/14_03-01-01-01-02-01-14_win0.wav"", ""data/processed/audio/train/14_03-01-01-01-02-02-14_win0.wav"", ""data/processed/audio/train/14_03-01-02-01-01-01-14_win0.wav""]","[0, 0, 0, 0]",0,0,train
seq_000198,14,2,"[""14_03-01-01-01-02-01-14"", ""14_03-01-01-01-02-02-14"", ""14_03-01-02-01-01-01-14"", ""14_03-01-02-01-01-02-14""]","[""data/processed/audio/train/14_03-01-01-01-02-01-14_win0.wav"", ""data/processed/audio/train/14_03-01-01-01-02-02-14_win0.wav"", ""data/processed/audio/train/14_03-01-02-01-01-01-14_win0.wav"", ""data/processed/audio/train/14_03-01-02-01-01-02-14_win0.wav""]","[0, 0, 0, 0]",0,0,train
seq_000199,14,3,"[""14_03-01-01-01-02-02-14"", ""14_03-01-02-01-01-01-14"", ""14_03-01-02-01-01-02-14"", ""14_03-01-02-01-02-01-14""]","[""data/processed/audio/train/14_03-01-01-01-02-02-14_win0.wav"", ""data/processed/audio/train/14_03-01-02-01-01-01-14_win0.wav"", ""data/processed/audio/train/14_03-01-02-01-01-02-14_win0.wav"", ""data/processed/audio/train/14_03-01-02-01-02-01-14_win0.wav""]","[0, 0, 0, 0]",0,0,train
seq_000200,14,4,"[""14_03-01-02-01-01-01-14"", ""14_03-01-02-01-01-02-14"", ""14_03-01-02-01-02-01-14"", ""14_03-01-02-01-02-02-14""]","[""data/processed/audio/train/14_03-01-02-01-01-01-14_win0.wav"", ""data/processed/audio/train/14_03-01-02-01-01-02-14_win0.wav"", ""data/processed/audio/train/14_03-01-02-01-02-01-14_win0.wav"", ""data/processed/audio/train/14_03-01-02-01-02-02-14_win0.wav""]","[0, 0, 0, 0]",0,0,train
seq_000201,14,5,"[""14_03-01-02-01-01-02-14"", ""14_03-01-02-01-02-01-14"", ""14_03-01-02-01-02-02-14"", ""14_03-01-02-02-01-01-14""]","[""data/processed/audio/train/14_03-01-02-01-01-02-14_win0.wav"", ""data/processed/audio/train/14_03-01-02-01-02-01-14_win0.wav"", ""data/processed/audio/train/14_03-01-02-01-02-02-14_win0.wav"", ""data/processed/audio/train/14_03-01-02-02-01-01-14_win0.wav""]","[0, 0, 0, 0]",0,0,train
seq_000202,14,6,"[""14_03-01-02-01-02-01-14"", ""14_03-01-02-01-02-02-14"", ""14_03-01-02-02-01-01-14"", ""14_03-01-02-02-01-02-14""]","[""data/processed/audio/train/14_03-01-02-01-02-01-14_win0.wav"", ""data/processed/audio/train/14_03-01-02-01-02-02-14_win0.wav"", ""data/processed/audio/train/14_03-01-02-02-01-01-14_win0.wav"", ""data/processed/audio/train/14_03-01-02-02-01-02-14_win0.wav""]","[0, 0, 0, 0]",0,0,train
seq_000203,14,7,"[""14_03-01-02-01-02-02-14"", ""14_03-01-02-02-01-01-14"", ""14_03-01-02-02-01-02-14"", ""14_03-01-02-02-02-01-14""]","[""data/processed/audio/train/14_03-01-02-01-02-02-14_win0.wav"", ""data/processed/audio/train/14_03-01-02-02-01-01-14_win0.wav"", ""data/processed/audio/train/14_03-01-02-02-01-02-14_win0.wav"", ""data/processed/audio/train/14_03-01-02-02-02-01-14_win0.wav""]","[0, 0, 0, 0]",0,0,train
seq_000204,14,8,"[""14_03-01-02-02-01-01-14"", ""14_03-01-02-02-01-02-14"", ""14_03-01-02-02-02-01-14"", ""14_03-01-02-02-02-02-14""]","[""data/processed/audio/train/14_03-01-02-02-01-01-14_win0.wav"", ""data/processed/audio/train/14_03-01-02-02-01-02-14_win0.wav"", ""data/processed/audio/train/14_03-01-02-02-02-01-14_win0.wav"", ""data/processed/audio/train/14_03-01-02-02-02-02-14_win0.wav""]","[0, 0, 0, 0]",0,0,train
seq_000205,14,9,"[""14_03-01-02-02-01-02-14"", ""14_03-01-02-02-02-01-14"", ""14_03-01-02-02-02-02-14"", ""14_03-01-03-01-01-01-14""]","[""data/processed/audio/train/14_03-01-02-02-01-02-14_win0.wav"", ""data/processed/audio/train/14_03-01-02-02-02-01-14_win0.wav"", ""data/processed/audio/train/14_03-01-02-02-02-02-14_win0.wav"", ""data/processed/audio/train/14_03-01-03-01-01-01-14_win0.wav""]","[0, 0, 0, 0]",0,0,train
seq_000206,14,10,"[""14_03-01-02-02-02-01-14"", ""14_03-01-02-02-02-02-14"", ""14_03-01-03-01-01-01-14"", ""14_03-01-03-01-01-02-14""]","[""data/processed/audio/train/14_03-01-02-02-02-01-14_win0.wav"", ""data/processed/audio/train/14_03-01-02-02-02-02-14_win0.wav"", ""data/processed/audio/train/14_03-01-03-01-01-01-14_win0.wav"", ""data/processed/audio/train/14_03-01-03-01-01-02-14_win0.wav""]","[0, 0, 0, 0]",0,0,train
seq_000207,14,11,"[""14_03-01-02-02-02-02-14"", ""14_03-01-03-01-01-01-14"", ""14_03-01-03-01-01-02-14"", ""14_03-01-03-01-02-01-14""]","[""data/processed/audio/train/14_03-01-02-02-02-02-14_win0.wav"", ""data/processed/audio/train/14_03-01-03-01-01-01-14_win0.wav"", ""data/processed/audio/train/14_03-01-03-01-01-02-14_win0.wav"", ""data/processed/audio/train/14_03-01-03-01-02-01-14_win0.wav""]","[0, 0, 0, 0]",0,0,train
seq_000208,14,12,"[""14_03-01-03-01-01-01-14"", ""14_03-01-03-01-01-02-14"", ""14_03-01-03-01-02-01-14"", ""14_03-01-03-01-02-02-14""]","[""data/processed/audio/train/14_03-01-03-01-01-01-14_win0.wav"", ""data/processed/audio/train/14_03-01-03-01-01-02-14_win0.wav"", ""data/processed/audio/train/14_03-01-03-01-02-01-14_win0.wav"", ""data/processed/audio/train/14_03-01-03-01-02-02-14_win0.wav""]","[0, 0, 0, 0]",0,0,train
seq_000209,14,13,"[""14_03-01-03-01-01-02-14"", ""14_03-01-03-01-02-01-14"", ""14_03-01-03-01-02-02-14"", ""14_03-01-03-02-01-01-14""]","[""data/processed/audio/train/14_03-01-03-01-01-02-14_win0.wav"", ""data/processed/audio/train/14_03-01-03-01-02-01-14_win0.wav"", ""data/processed/audio/train/14_03-01-03-01-02-02-14_win0.wav"", ""data/processed/audio/train/14_03-01-03-02-01-01-14_win0.wav""]","[0, 0, 0, 0]",0,0,train
seq_000210,14,14,"[""14_03-01-03-01-02-01-14"", ""14_03-01-03-01-02-02-14"", ""14_03-01-03-02-01-01-14"", ""14_03-01-03-02-01-02-14""]","[""data/processed/audio/train/14_03-01-03-01-02-01-14_win0.wav"", ""data/processed/audio/train/14_03-01-03-01-02-02-14_win0.wav"", ""data/processed/audio/train/14_03-01-03-02-01-01-14_win0.wav"", ""data/processed/audio/train/14_03-01-03-02-01-02-14_win0.wav""]","[0, 0, 0, 0]",0,0,train
seq_000211,14,15,"[""14_03-01-03-01-02-02-14"", ""14_03-01-03-02-01-01-14"", ""14_03-01-03-02-01-02-14"", ""14_03-01-03-02-02-01-14""]","[""data/processed/audio/train/14_03-01-03-01-02-02-14_win0.wav"", ""data/processed/audio/train/14_03-01-03-02-01-01-14_win0.wav"", ""data/processed/audio/train/14_03-01-03-02-01-02-14_win0.wav"", ""data/processed/audio/train/14_03-01-03-02-02-01-14_win0.wav""]","[0, 0, 0, 0]",0,0,train
seq_000212,14,16,"[""14_03-01-03-02-01-01-14"", ""14_03-01-03-02-01-02-14"", ""14_03-01-03-02-02-01-14"", ""14_03-01-03-02-02-02-14""]","[""data/processed/audio/train/14_03-01-03-02-01-01-14_win0.wav"", ""data/processed/audio/train/14_03-01-03-02-01-02-14_win0.wav"", ""data/processed/audio/train/14_03-01-03-02-02-01-14_win0.wav"", ""data/processed/audio/train/14_03-01-03-02-02-02-14_win0.wav""]","[0, 0, 0, 0]",0,0,train
seq_000213,14,17,"[""14_03-01-03-02-01-02-14"", ""14_03-01-03-02-02-01-14"", ""14_03-01-03-02-02-02-14"", ""14_03-01-04-01-01-01-14""]","[""data/processed/audio/train/14_03-01-03-02-01-02-14_win0.wav"", ""data/processed/audio/train/14_03-01-03-02-02-01-14_win0.wav"", ""data/processed/audio/train/14_03-01-03-02-02-02-14_win0.wav"", ""data/processed/audio/train/14_03-01-04-01-01-01-14_win0.wav""]","[0, 0, 0, 0]",0,0,train
seq_000214,14,18,"[""14_03-01-03-02-02-01-14"", ""14_03-01-03-02-02-02-14"", ""14_03-01-04-01-01-01-14"", ""14_03-01-04-01-01-02-14""]","[""data/processed/audio/train/14_03-01-03-02-02-01-14_win0.wav"", ""data/processed/audio/train/14_03-01-03-02-02-02-14_win0.wav"", ""data/processed/audio/train/14_03-01-04-01-01-01-14_win0.wav"", ""data/processed/audio/train/14_03-01-04-01-01-02-14_win0.wav""]","[0, 0, 0, 0]",0,0,train
seq_000215,14,19,"[""14_03-01-03-02-02-02-14"", ""14_03-01-04-01-01-01-14"", ""14_03-01-04-01-01-02-14"", ""14_03-01-04-01-02-01-14""]","[""data/processed/audio/train/14_03-01-03-02-02-02-14_win0.wav"", ""data/processed/audio/train/14_03-01-04-01-01-01-14_win0.wav"", ""data/processed/audio/train/14_03-01-04-01-01-02-14_win0.wav"", ""data/processed/audio/train/14_03-01-04-01-02-01-14_win0.wav""]","[0, 0, 0, 0]",0,0,train
seq_000216,14,20,"[""14_03-01-04-01-01-01-14"", ""14_03-01-04-01-01-02-14"", ""14_03-01-04-01-02-01-14"", ""14_03-01-04-01-02-02-14""]","[""data/processed/audio/train/14_03-01-04-01-01-01-14_win0.wav"", ""data/processed/audio/train/14_03-01-04-01-01-02-14_win0.wav"", ""data/processed/audio/train/14_03-01-04-01-02-01-14_win0.wav"", ""data/processed/audio/train/14_03-01-04-01-02-02-14_win0.wav""]","[0, 0, 0, 0]",0,0,train
seq_000217,14,21,"[""14_03-01-04-01-01-02-14"", ""14_03-01-04-01-02-01-14"", ""14_03-01-04-01-02-02-14"", ""14_03-01-04-02-01-01-14""]","[""data/processed/audio/train/14_03-01-04-01-01-02-14_win0.wav"", ""data/processed/audio/train/14_03-01-04-01-02-01-14_win0.wav"", ""data/processed/audio/train/14_03-01-04-01-02-02-14_win0.wav"", ""data/processed/audio/train/14_03-01-04-02-01-01-14_win0.wav""]","[0, 0, 0, 0]",0,0,train
seq_000218,14,22,"[""14_03-01-04-01-02-01-14"", ""14_03-01-04-01-02-02-14"", ""14_03-01-04-02-01-01-14"", ""14_03-01-04-02-01-02-14""]","[""data/processed/audio/train/14_03-01-04-01-02-01-14_win0.wav"", ""data/processed/audio/train/14_03-01-04-01-02-02-14_win0.wav"", ""data/processed/audio/train/14_03-01-04-02-01-01-14_win0.wav"", ""data/processed/audio/train/14_03-01-04-02-01-02-14_win0.wav""]","[0, 0, 0, 0]",0,0,train
seq_000219,14,23,"[""14_03-01-04-01-02-02-14"", ""14_03-01-04-02-01-01-14"", ""14_03-01-04-02-01-02-14"", ""14_03-01-04-02-02-01-14""]","[""data/processed/audio/train/14_03-01-04-01-02-02-14_win0.wav"", ""data/processed/audio/train/14_03-01-04-02-01-01-14_win0.wav"", ""data/processed/audio/train/14_03-01-04-02-01-02-14_win0.wav"", ""data/processed/audio/train/14_03-01-04-02-02-01-14_win0.wav""]","[0, 0, 0, 0]",0,0,train
seq_000220,14,24,"[""14_03-01-04-02-01-01-14"", ""14_03-01-04-02-01-02-14"", ""14_03-01-04-02-02-01-14"", ""14_03-01-04-02-02-02-14""]","[""data/processed/audio/train/14_03-01-04-02-01-01-14_win0.wav"", ""data/processed/audio/train/14_03-01-04-02-01-02-14_win0.wav"", ""data/processed/audio/train/14_03-01-04-02-02-01-14_win0.wav"", ""data/processed/audio/train/14_03-01-04-02-02-02-14_win0.wav""]","[0, 0, 0, 0]",0,0,train
seq_000221,14,25,"[""14_03-01-04-02-01-02-14"", ""14_03-01-04-02-02-01-14"", ""14_03-01-04-02-02-02-14"", ""14_03-01-05-01-01-01-14""]","[""data/processed/audio/train/14_03-01-04-02-01-02-14_win0.wav"", ""data/processed/audio/train/14_03-01-04-02-02-01-14_win0.wav"", ""data/processed/audio/train/14_03-01-04-02-02-02-14_win0.wav"", ""data/processed/audio/train/14_03-01-05-01-01-01-14_win0.wav""]","[0, 0, 0, 1]",1,0,train
seq_000222,14,26,"[""14_03-01-04-02-02-01-14"", ""14_03-01-04-02-02-02-14"", ""14_03-01-05-01-01-01-14"", ""14_03-01-05-01-01-02-14""]","[""data/processed/audio/train/14_03-01-04-02-02-01-14_win0.wav"", ""data/processed/audio/train/14_03-01-04-02-02-02-14_win0.wav"", ""data/processed/audio/train/14_03-01-05-01-01-01-14_win0.wav"", ""data/processed/audio/train/14_03-01-05-01-01-02-14_win0.wav""]","[0, 0, 1, 1]",1,1,train
seq_000223,14,27,"[""14_03-01-04-02-02-02-14"", ""14_03-01-05-01-01-01-14"", ""14_03-01-05-01-01-02-14"", ""14_03-01-05-01-02-01-14""]","[""data/processed/audio/train/14_03-01-04-02-02-02-14_win0.wav"", ""data/processed/audio/train/14_03-01-05-01-01-01-14_win0.wav"", ""data/processed/audio/train/14_03-01-05-01-01-02-14_win0.wav"", ""data/processed/audio/train/14_03-01-05-01-02-01-14_win0.wav""]","[0, 1, 1, 1]",1,1,train
seq_000224,14,28,"[""14_03-01-05-01-01-01-14"", ""14_03-01-05-01-01-02-14"", ""14_03-01-05-01-02-01-14"", ""14_03-01-05-01-02-02-14""]","[""data/processed/audio/train/14_03-01-05-01-01-01-14_win0.wav"", ""data/processed/audio/train/14_03-01-05-01-01-02-14_win0.wav"", ""data/processed/audio/train/14_03-01-05-01-02-01-14_win0.wav"", ""data/processed/audio/train/14_03-01-05-01-02-02-14_win0.wav""]","[1, 1, 1, 1]",1,0,train
seq_000225,14,29,"[""14_03-01-05-01-01-02-14"", ""14_03-01-05-01-02-01-14"", ""14_03-01-05-01-02-02-14"", ""14_03-01-05-02-01-01-14""]","[""data/processed/audio/train/14_03-01-05-01-01-02-14_win0.wav"", ""data/processed/audio/train/14_03-01-05-01-02-01-14_win0.wav"", ""data/processed/audio/train/14_03-01-05-01-02-02-14_win0.wav"", ""data/processed/audio/train/14_03-01-05-02-01-01-14_win0.wav""]","[1, 1, 1, 1]",1,0,train
seq_000226,14,30,"[""14_03-01-05-01-02-01-14"", ""14_03-01-05-01-02-02-14"", ""14_03-01-05-02-01-01-14"", ""14_03-01-05-02-01-02-14""]","[""data/processed/audio/train/14_03-01-05-01-02-01-14_win0.wav"", ""data/processed/audio/train/14_03-01-05-01-02-02-14_win0.wav"", ""data/processed/audio/train/14_03-01-05-02-01-01-14_win0.wav"", ""data/processed/audio/train/14_03-01-05-02-01-02-14_win0.wav""]","[1, 1, 1, 1]",1,0,train
seq_000227,14,31,"[""14_03-01-05-01-02-02-14"", ""14_03-01-05-02-01-01-14"", ""14_03-01-05-02-01-02-14"", ""14_03-01-05-02-02-01-14""]","[""data/processed/audio/train/14_03-01-05-01-02-02-14_win0.wav"", ""data/processed/audio/train/14_03-01-05-02-01-01-14_win0.wav"", ""data/processed/audio/train/14_03-01-05-02-01-02-14_win0.wav"", ""data/processed/audio/train/14_03-01-05-02-02-01-14_win0.wav""]","[1, 1, 1, 1]",1,0,train
seq_000228,14,32,"[""14_03-01-05-02-01-01-14"", ""14_03-01-05-02-01-02-14"", ""14_03-01-05-02-02-01-14"", ""14_03-01-05-02-02-02-14""]","[""data/processed/audio/train/14_03-01-05-02-01-01-14_win0.wav"", ""data/processed/audio/train/14_03-01-05-02-01-02-14_win0.wav"", ""data/processed/audio/train/14_03-01-05-02-02-01-14_win0.wav"", ""data/processed/audio/train/14_03-01-05-02-02-02-14_win0.wav""]","[1, 1, 1, 1]",1,0,train
seq_000229,14,33,"[""14_03-01-05-02-01-02-14"", ""14_03-01-05-02-02-01-14"", ""14_03-01-05-02-02-02-14"", ""14_03-01-06-01-01-01-14""]","[""data/processed/audio/train/14_03-01-05-02-01-02-14_win0.wav"", ""data/processed/audio/train/14_03-01-05-02-02-01-14_win0.wav"", ""data/processed/audio/train/14_03-01-05-02-02-02-14_win0.wav"", ""data/processed/audio/train/14_03-01-06-01-01-01-14_win0.wav""]","[1, 1, 1, 1]",1,0,train
seq_000230,14,34,"[""14_03-01-05-02-02-01-14"", ""14_03-01-05-02-02-02-14"", ""14_03-01-06-01-01-01-14"", ""14_03-01-06-01-01-02-14""]","[""data/processed/audio/train/14_03-01-05-02-02-01-14_win0.wav"", ""data/processed/audio/train/14_03-01-05-02-02-02-14_win0.wav"", ""data/processed/audio/train/14_03-01-06-01-01-01-14_win0.wav"", ""data/processed/audio/train/14_03-01-06-01-01-02-14_win0.wav""]","[1, 1, 1, 1]",1,0,train
seq_000231,14,35,"[""14_03-01-05-02-02-02-14"", ""14_03-01-06-01-01-01-14"", ""14_03-01-06-01-01-02-14"", ""14_03-01-06-01-02-01-14""]","[""data/processed/audio/train/14_03-01-05-02-02-02-14_win0.wav"", ""data/processed/audio/train/14_03-01-06-01-01-01-14_win0.wav"", ""data/processed/audio/train/14_03-01-06-01-01-02-14_win0.wav"", ""data/processed/audio/train/14_03-01-06-01-02-01-14_win0.wav""]","[1, 1, 1, 1]",1,0,train
seq_000232,14,36,"[""14_03-01-06-01-01-01-14"", ""14_03-01-06-01-01-02-14"", ""14_03-01-06-01-02-01-14"", ""14_03-01-06-01-02-02-14""]","[""data/processed/audio/train/14_03-01-06-01-01-01-14_win0.wav"", ""data/processed/audio/train/14_03-01-06-01-01-02-14_win0.wav"", ""data/processed/audio/train/14_03-01-06-01-02-01-14_win0.wav"", ""data/processed/audio/train/14_03-01-06-01-02-02-14_win0.wav""]","[1, 1, 1, 1]",1,0,train
seq_000233,14,37,"[""14_03-01-06-01-01-02-14"", ""14_03-01-06-01-02-01-14"", ""14_03-01-06-01-02-02-14"", ""14_03-01-06-02-01-01-14""]","[""data/processed/audio/train/14_03-01-06-01-01-02-14_win0.wav"", ""data/processed/audio/train/14_03-01-06-01-02-01-14_win0.wav"", ""data/processed/audio/train/14_03-01-06-01-02-02-14_win0.wav"", ""data/processed/audio/train/14_03-01-06-02-01-01-14_win0.wav""]","[1, 1, 1, 1]",1,0,train
seq_000234,14,38,"[""14_03-01-06-01-02-01-14"", ""14_03-01-06-01-02-02-14"", ""14_03-01-06-02-01-01-14"", ""14_03-01-06-02-01-02-14""]","[""data/processed/audio/train/14_03-01-06-01-02-01-14_win0.wav"", ""data/processed/audio/train/14_03-01-06-01-02-02-14_win0.wav"", ""data/processed/audio/train/14_03-01-06-02-01-01-14_win0.wav"", ""data/processed/audio/train/14_03-01-06-02-01-02-14_win0.wav""]","[1, 1, 1, 1]",1,0,train
seq_000235,14,39,"[""14_03-01-06-01-02-02-14"", ""14_03-01-06-02-01-01-14"", ""14_03-01-06-02-01-02-14"", ""14_03-01-06-02-02-01-14""]","[""data/processed/audio/train/14_03-01-06-01-02-02-14_win0.wav"", ""data/processed/audio/train/14_03-01-06-02-01-01-14_win0.wav"", ""data/processed/audio/train/14_03-01-06-02-01-02-14_win0.wav"", ""data/processed/audio/train/14_03-01-06-02-02-01-14_win0.wav""]","[1, 1, 1, 1]",1,0,train
seq_000236,14,40,"[""14_03-01-06-02-01-01-14"", ""14_03-01-06-02-01-02-14"", ""14_03-01-06-02-02-01-14"", ""14_03-01-06-02-02-02-14""]","[""data/processed/audio/train/14_03-01-06-02-01-01-14_win0.wav"", ""data/processed/audio/train/14_03-01-06-02-01-02-14_win0.wav"", ""data/processed/audio/train/14_03-01-06-02-02-01-14_win0.wav"", ""data/processed/audio/train/14_03-01-06-02-02-02-14_win0.wav""]","[1, 1, 1, 1]",1,0,train
seq_000237,14,41,"[""14_03-01-06-02-01-02-14"", ""14_03-01-06-02-02-01-14"", ""14_03-01-06-02-02-02-14"", ""14_03-01-07-01-01-01-14""]","[""data/processed/audio/train/14_03-01-06-02-01-02-14_win0.wav"", ""data/processed/audio/train/14_03-01-06-02-02-01-14_win0.wav"", ""data/processed/audio/train/14_03-01-06-02-02-02-14_win0.wav"", ""data/processed/audio/train/14_03-01-07-01-01-01-14_win0.wav""]","[1, 1, 1, 1]",1,0,train
seq_000238,14,42,"[""14_03-01-06-02-02-01-14"", ""14_03-01-06-02-02-02-14"", ""14_03-01-07-01-01-01-14"", ""14_03-01-07-01-01-02-14""]","[""data/processed/audio/train/14_03-01-06-02-02-01-14_win0.wav"", ""data/processed/audio/train/14_03-01-06-02-02-02-14_win0.wav"", ""data/processed/audio/train/14_03-01-07-01-01-01-14_win0.wav"", ""data/processed/audio/train/14_03-01-07-01-01-02-14_win0.wav""]","[1, 1, 1, 1]",1,0,train
seq_000239,14,43,"[""14_03-01-06-02-02-02-14"", ""14_03-01-07-01-01-01-14"", ""14_03-01-07-01-01-02-14"", ""14_03-01-07-01-02-01-14""]","[""data/processed/audio/train/14_03-01-06-02-02-02-14_win0.wav"", ""data/processed/audio/train/14_03-01-07-01-01-01-14_win0.wav"", ""data/processed/audio/train/14_03-01-07-01-01-02-14_win0.wav"", ""data/processed/audio/train/14_03-01-07-01-02-01-14_win0.wav""]","[1, 1, 1, 1]",1,0,train
seq_000240,14,44,"[""14_03-01-07-01-01-01-14"", ""14_03-01-07-01-01-02-14"", ""14_03-01-07-01-02-01-14"", ""14_03-01-07-01-02-02-14""]","[""data/processed/audio/train/14_03-01-07-01-01-01-14_win0.wav"", ""data/processed/audio/train/14_03-01-07-01-01-02-14_win0.wav"", ""data/processed/audio/train/14_03-01-07-01-02-01-14_win0.wav"", ""data/processed/audio/train/14_03-01-07-01-02-02-14_win0.wav""]","[1, 1, 1, 1]",1,0,train
seq_000241,14,45,"[""14_03-01-07-01-01-02-14"", ""14_03-01-07-01-02-01-14"", ""14_03-01-07-01-02-02-14"", ""14_03-01-07-02-01-01-14""]","[""data/processed/audio/train/14_03-01-07-01-01-02-14_win0.wav"", ""data/processed/audio/train/14_03-01-07-01-02-01-14_win0.wav"", ""data/processed/audio/train/14_03-01-07-01-02-02-14_win0.wav"", ""data/processed/audio/train/14_03-01-07-02-01-01-14_win0.wav""]","[1, 1, 1, 1]",1,0,train
seq_000242,14,46,"[""14_03-01-07-01-02-01-14"", ""14_03-01-07-01-02-02-14"", ""14_03-01-07-02-01-01-14"", ""14_03-01-07-02-01-02-14""]","[""data/processed/audio/train/14_03-01-07-01-02-01-14_win0.wav"", ""data/processed/audio/train/14_03-01-07-01-02-02-14_win0.wav"", ""data/processed/audio/train/14_03-01-07-02-01-01-14_win0.wav"", ""data/processed/audio/train/14_03-01-07-02-01-02-14_win0.wav""]","[1, 1, 1, 1]",1,0,train
seq_000243,14,47,"[""14_03-01-07-01-02-02-14"", ""14_03-01-07-02-01-01-14"", ""14_03-01-07-02-01-02-14"", ""14_03-01-07-02-02-01-14""]","[""data/processed/audio/train/14_03-01-07-01-02-02-14_win0.wav"", ""data/processed/audio/train/14_03-01-07-02-01-01-14_win0.wav"", ""data/processed/audio/train/14_03-01-07-02-01-02-14_win0.wav"", ""data/processed/audio/train/14_03-01-07-02-02-01-14_win0.wav""]","[1, 1, 1, 1]",1,0,train
seq_000244,14,48,"[""14_03-01-07-02-01-01-14"", ""14_03-01-07-02-01-02-14"", ""14_03-01-07-02-02-01-14"", ""14_03-01-07-02-02-02-14""]","[""data/processed/audio/train/14_03-01-07-02-01-01-14_win0.wav"", ""data/processed/audio/train/14_03-01-07-02-01-02-14_win0.wav"", ""data/processed/audio/train/14_03-01-07-02-02-01-14_win0.wav"", ""data/processed/audio/train/14_03-01-07-02-02-02-14_win0.wav""]","[1, 1, 1, 1]",1,0,train
seq_000245,15,0,"[""15_03-01-01-01-01-01-15"", ""15_03-01-01-01-01-02-15"", ""15_03-01-01-01-02-01-15"", ""15_03-01-01-01-02-02-15""]","[""data/processed/audio/train/15_03-01-01-01-01-01-15_win0.wav"", ""data/processed/audio/train/15_03-01-01-01-01-02-15_win0.wav"", ""data/processed/audio/train/15_03-01-01-01-02-01-15_win0.wav"", ""data/processed/audio/train/15_03-01-01-01-02-02-15_win0.wav""]","[0, 0, 0, 0]",0,0,train
seq_000246,15,1,"[""15_03-01-01-01-01-02-15"", ""15_03-01-01-01-02-01-15"", ""15_03-01-01-01-02-02-15"", ""15_03-01-02-01-01-01-15""]","[""data/processed/audio/train/15_03-01-01-01-01-02-15_win0.wav"", ""data/processed/audio/train/15_03-01-01-01-02-01-15_win0.wav"", ""data/processed/audio/train/15_03-01-01-01-02-02-15_win0.wav"", ""data/processed/audio/train/15_03-01-02-01-01-01-15_win0.wav""]","[0, 0, 0, 0]",0,0,train
seq_000247,15,2,"[""15_03-01-01-01-02-01-15"", ""15_03-01-01-01-02-02-15"", ""15_03-01-02-01-01-01-15"", ""15_03-01-02-01-01-02-15""]","[""data/processed/audio/train/15_03-01-01-01-02-01-15_win0.wav"", ""data/processed/audio/train/15_03-01-01-01-02-02-15_win0.wav"", ""data/processed/audio/train/15_03-01-02-01-01-01-15_win0.wav"", ""data/processed/audio/train/15_03-01-02-01-01-02-15_win0.wav""]","[0, 0, 0, 0]",0,0,train
seq_000248,15,3,"[""15_03-01-01-01-02-02-15"", ""15_03-01-02-01-01-01-15"", ""15_03-01-02-01-01-02-15"", ""15_03-01-02-01-02-01-15""]","[""data/processed/audio/train/15_03-01-01-01-02-02-15_win0.wav"", ""data/processed/audio/train/15_03-01-02-01-01-01-15_win0.wav"", ""data/processed/audio/train/15_03-01-02-01-01-02-15_win0.wav"", ""data/processed/audio/train/15_03-01-02-01-02-01-15_win0.wav""]","[0, 0, 0, 0]",0,0,train
seq_000249,15,4,"[""15_03-01-02-01-01-01-15"", ""15_03-01-02-01-01-02-15"", ""15_03-01-02-01-02-01-15"", ""15_03-01-02-01-02-02-15""]","[""data/processed/audio/train/15_03-01-02-01-01-01-15_win0.wav"", ""data/processed/audio/train/15_03-01-02-01-01-02-15_win0.wav"", ""data/processed/audio/train/15_03-01-02-01-02-01-15_win0.wav"", ""data/processed/audio/train/15_03-01-02-01-02-02-15_win0.wav""]","[0, 0, 0, 0]",0,0,train
seq_000250,15,5,"[""15_03-01-02-01-01-02-15"", ""15_03-01-02-01-02-01-15"", ""15_03-01-02-01-02-02-15"", ""15_03-01-02-02-01-01-15""]","[""data/processed/audio/train/15_03-01-02-01-01-02-15_win0.wav"", ""data/processed/audio/train/15_03-01-02-01-02-01-15_win0.wav"", ""data/processed/audio/train/15_03-01-02-01-02-02-15_win0.wav"", ""data/processed/audio/train/15_03-01-02-02-01-01-15_win0.wav""]","[0, 0, 0, 0]",0,0,train
seq_000251,15,6,"[""15_03-01-02-01-02-01-15"", ""15_03-01-02-01-02-02-15"", ""15_03-01-02-02-01-01-15"", ""15_03-01-02-02-01-02-15""]","[""data/processed/audio/train/15_03-01-02-01-02-01-15_win0.wav"", ""data/processed/audio/train/15_03-01-02-01-02-02-15_win0.wav"", ""data/processed/audio/train/15_03-01-02-02-01-01-15_win0.wav"", ""data/processed/audio/train/15_03-01-02-02-01-02-15_win0.wav""]","[0, 0, 0, 0]",0,0,train
seq_000252,15,7,"[""15_03-01-02-01-02-02-15"", ""15_03-01-02-02-01-01-15"", ""15_03-01-02-02-01-02-15"", ""15_03-01-02-02-02-01-15""]","[""data/processed/audio/train/15_03-01-02-01-02-02-15_win0.wav"", ""data/processed/audio/train/15_03-01-02-02-01-01-15_win0.wav"", ""data/processed/audio/train/15_03-01-02-02-01-02-15_win0.wav"", ""data/processed/audio/train/15_03-01-02-02-02-01-15_win0.wav""]","[0, 0, 0, 0]",0,0,train
seq_000253,15,8,"[""15_03-01-02-02-01-01-15"", ""15_03-01-02-02-01-02-15"", ""15_03-01-02-02-02-01-15"", ""15_03-01-02-02-02-02-15""]","[""data/processed/audio/train/15_03-01-02-02-01-01-15_win0.wav"", ""data/processed/audio/train/15_03-01-02-02-01-02-15_win0.wav"", ""data/processed/audio/train/15_03-01-02-02-02-01-15_win0.wav"", ""data/processed/audio/train/15_03-01-02-02-02-02-15_win0.wav""]","[0, 0, 0, 0]",0,0,train
seq_000254,15,9,"[""15_03-01-02-02-01-02-15"", ""15_03-01-02-02-02-01-15"", ""15_03-01-02-02-02-02-15"", ""15_03-01-03-01-01-01-15""]","[""data/processed/audio/train/15_03-01-02-02-01-02-15_win0.wav"", ""data/processed/audio/train/15_03-01-02-02-02-01-15_win0.wav"", ""data/processed/audio/train/15_03-01-02-02-02-02-15_win0.wav"", ""data/processed/audio/train/15_03-01-03-01-01-01-15_win0.wav""]","[0, 0, 0, 0]",0,0,train
seq_000255,15,10,"[""15_03-01-02-02-02-01-15"", ""15_03-01-02-02-02-02-15"", ""15_03-01-03-01-01-01-15"", ""15_03-01-03-01-01-02-15""]","[""data/processed/audio/train/15_03-01-02-02-02-01-15_win0.wav"", ""data/processed/audio/train/15_03-01-02-02-02-02-15_win0.wav"", ""data/processed/audio/train/15_03-01-03-01-01-01-15_win0.wav"", ""data/processed/audio/train/15_03-01-03-01-01-02-15_win0.wav""]","[0, 0, 0, 0]",0,0,train
seq_000256,15,11,"[""15_03-01-02-02-02-02-15"", ""15_03-01-03-01-01-01-15"", ""15_03-01-03-01-01-02-15"", ""15_03-01-03-01-02-01-15""]","[""data/processed/audio/train/15_03-01-02-02-02-02-15_win0.wav"", ""data/processed/audio/train/15_03-01-03-01-01-01-15_win0.wav"", ""data/processed/audio/train/15_03-01-03-01-01-02-15_win0.wav"", ""data/processed/audio/train/15_03-01-03-01-02-01-15_win0.wav""]","[0, 0, 0, 0]",0,0,train
seq_000257,15,12,"[""15_03-01-03-01-01-01-15"", ""15_03-01-03-01-01-02-15"", ""15_03-01-03-01-02-01-15"", ""15_03-01-03-01-02-02-15""]","[""data/processed/audio/train/15_03-01-03-01-01-01-15_win0.wav"", ""data/processed/audio/train/15_03-01-03-01-01-02-15_win0.wav"", ""data/processed/audio/train/15_03-01-03-01-02-01-15_win0.wav"", ""data/processed/audio/train/15_03-01-03-01-02-02-15_win0.wav""]","[0, 0, 0, 0]",0,0,train
seq_000258,15,13,"[""15_03-01-03-01-01-02-15"", ""15_03-01-03-01-02-01-15"", ""15_03-01-03-01-02-02-15"", ""15_03-01-03-02-01-01-15""]","[""data/processed/audio/train/15_03-01-03-01-01-02-15_win0.wav"", ""data/processed/audio/train/15_03-01-03-01-02-01-15_win0.wav"", ""data/processed/audio/train/15_03-01-03-01-02-02-15_win0.wav"", ""data/processed/audio/train/15_03-01-03-02-01-01-15_win0.wav""]","[0, 0, 0, 0]",0,0,train
seq_000259,15,14,"[""15_03-01-03-01-02-01-15"", ""15_03-01-03-01-02-02-15"", ""15_03-01-03-02-01-01-15"", ""15_03-01-03-02-01-02-15""]","[""data/processed/audio/train/15_03-01-03-01-02-01-15_win0.wav"", ""data/processed/audio/train/15_03-01-03-01-02-02-15_win0.wav"", ""data/processed/audio/train/15_03-01-03-02-01-01-15_win0.wav"", ""data/processed/audio/train/15_03-01-03-02-01-02-15_win0.wav""]","[0, 0, 0, 0]",0,0,train
seq_000260,15,15,"[""15_03-01-03-01-02-02-15"", ""15_03-01-03-02-01-01-15"", ""15_03-01-03-02-01-02-15"", ""15_03-01-03-02-02-01-15""]","[""data/processed/audio/train/15_03-01-03-01-02-02-15_win0.wav"", ""data/processed/audio/train/15_03-01-03-02-01-01-15_win0.wav"", ""data/processed/audio/train/15_03-01-03-02-01-02-15_win0.wav"", ""data/processed/audio/train/15_03-01-03-02-02-01-15_win0.wav""]","[0, 0, 0, 0]",0,0,train
seq_000261,15,16,"[""15_03-01-03-02-01-01-15"", ""15_03-01-03-02-01-02-15"", ""15_03-01-03-02-02-01-15"", ""15_03-01-03-02-02-02-15""]","[""data/processed/audio/train/15_03-01-03-02-01-01-15_win0.wav"", ""data/processed/audio/train/15_03-01-03-02-01-02-15_win0.wav"", ""data/processed/audio/train/15_03-01-03-02-02-01-15_win0.wav"", ""data/processed/audio/train/15_03-01-03-02-02-02-15_win0.wav""]","[0, 0, 0, 0]",0,0,train
seq_000262,15,17,"[""15_03-01-03-02-01-02-15"", ""15_03-01-03-02-02-01-15"", ""15_03-01-03-02-02-02-15"", ""15_03-01-04-01-01-01-15""]","[""data/processed/audio/train/15_03-01-03-02-01-02-15_win0.wav"", ""data/processed/audio/train/15_03-01-03-02-02-01-15_win0.wav"", ""data/processed/audio/train/15_03-01-03-02-02-02-15_win0.wav"", ""data/processed/audio/train/15_03-01-04-01-01-01-15_win0.wav""]","[0, 0, 0, 0]",0,0,train
seq_000263,15,18,"[""15_03-01-03-02-02-01-15"", ""15_03-01-03-02-02-02-15"", ""15_03-01-04-01-01-01-15"", ""15_03-01-04-01-01-02-15""]","[""data/processed/audio/train/15_03-01-03-02-02-01-15_win0.wav"", ""data/processed/audio/train/15_03-01-03-02-02-02-15_win0.wav"", ""data/processed/audio/train/15_03-01-04-01-01-01-15_win0.wav"", ""data/processed/audio/train/15_03-01-04-01-01-02-15_win0.wav""]","[0, 0, 0, 0]",0,0,train
seq_000264,15,19,"[""15_03-01-03-02-02-02-15"", ""15_03-01-04-01-01-01-15"", ""15_03-01-04-01-01-02-15"", ""15_03-01-04-01-02-01-15""]","[""data/processed/audio/train/15_03-01-03-02-02-02-15_win0.wav"", ""data/processed/audio/train/15_03-01-04-01-01-01-15_win0.wav"", ""data/processed/audio/train/15_03-01-04-01-01-02-15_win0.wav"", ""data/processed/audio/train/15_03-01-04-01-02-01-15_win0.wav""]","[0, 0, 0, 0]",0,0,train
seq_000265,15,20,"[""15_03-01-04-01-01-01-15"", ""15_03-01-04-01-01-02-15"", ""15_03-01-04-01-02-01-15"", ""15_03-01-04-01-02-02-15""]","[""data/processed/audio/train/15_03-01-04-01-01-01-15_win0.wav"", ""data/processed/audio/train/15_03-01-04-01-01-02-15_win0.wav"", ""data/processed/audio/train/15_03-01-04-01-02-01-15_win0.wav"", ""data/processed/audio/train/15_03-01-04-01-02-02-15_win0.wav""]","[0, 0, 0, 0]",0,0,train
seq_000266,15,21,"[""15_03-01-04-01-01-02-15"", ""15_03-01-04-01-02-01-15"", ""15_03-01-04-01-02-02-15"", ""15_03-01-04-02-01-01-15""]","[""data/processed/audio/train/15_03-01-04-01-01-02-15_win0.wav"", ""data/processed/audio/train/15_03-01-04-01-02-01-15_win0.wav"", ""data/processed/audio/train/15_03-01-04-01-02-02-15_win0.wav"", ""data/processed/audio/train/15_03-01-04-02-01-01-15_win0.wav""]","[0, 0, 0, 0]",0,0,train
seq_000267,15,22,"[""15_03-01-04-01-02-01-15"", ""15_03-01-04-01-02-02-15"", ""15_03-01-04-02-01-01-15"", ""15_03-01-04-02-01-02-15""]","[""data/processed/audio/train/15_03-01-04-01-02-01-15_win0.wav"", ""data/processed/audio/train/15_03-01-04-01-02-02-15_win0.wav"", ""data/processed/audio/train/15_03-01-04-02-01-01-15_win0.wav"", ""data/processed/audio/train/15_03-01-04-02-01-02-15_win0.wav""]","[0, 0, 0, 0]",0,0,train
seq_000268,15,23,"[""15_03-01-04-01-02-02-15"", ""15_03-01-04-02-01-01-15"", ""15_03-01-04-02-01-02-15"", ""15_03-01-04-02-02-01-15""]","[""data/processed/audio/train/15_03-01-04-01-02-02-15_win0.wav"", ""data/processed/audio/train/15_03-01-04-02-01-01-15_win0.wav"", ""data/processed/audio/train/15_03-01-04-02-01-02-15_win0.wav"", ""data/processed/audio/train/15_03-01-04-02-02-01-15_win0.wav""]","[0, 0, 0, 0]",0,0,train
seq_000269,15,24,"[""15_03-01-04-02-01-01-15"", ""15_03-01-04-02-01-02-15"", ""15_03-01-04-02-02-01-15"", ""15_03-01-04-02-02-02-15""]","[""data/processed/audio/train/15_03-01-04-02-01-01-15_win0.wav"", ""data/processed/audio/train/15_03-01-04-02-01-02-15_win0.wav"", ""data/processed/audio/train/15_03-01-04-02-02-01-15_win0.wav"", ""data/processed/audio/train/15_03-01-04-02-02-02-15_win0.wav""]","[0, 0, 0, 0]",0,0,train
seq_000270,15,25,"[""15_03-01-04-02-01-02-15"", ""15_03-01-04-02-02-01-15"", ""15_03-01-04-02-02-02-15"", ""15_03-01-05-01-01-01-15""]","[""data/processed/audio/train/15_03-01-04-02-01-02-15_win0.wav"", ""data/processed/audio/train/15_03-01-04-02-02-01-15_win0.wav"", ""data/processed/audio/train/15_03-01-04-02-02-02-15_win0.wav"", ""data/processed/audio/train/15_03-01-05-01-01-01-15_win0.wav""]","[0, 0, 0, 1]",1,0,train
seq_000271,15,26,"[""15_03-01-04-02-02-01-15"", ""15_03-01-04-02-02-02-15"", ""15_03-01-05-01-01-01-15"", ""15_03-01-05-01-01-02-15""]","[""data/processed/audio/train/15_03-01-04-02-02-01-15_win0.wav"", ""data/processed/audio/train/15_03-01-04-02-02-02-15_win0.wav"", ""data/processed/audio/train/15_03-01-05-01-01-01-15_win0.wav"", ""data/processed/audio/train/15_03-01-05-01-01-02-15_win0.wav""]","[0, 0, 1, 1]",1,1,train
seq_000272,15,27,"[""15_03-01-04-02-02-02-15"", ""15_03-01-05-01-01-01-15"", ""15_03-01-05-01-01-02-15"", ""15_03-01-05-01-02-01-15""]","[""data/processed/audio/train/15_03-01-04-02-02-02-15_win0.wav"", ""data/processed/audio/train/15_03-01-05-01-01-01-15_win0.wav"", ""data/processed/audio/train/15_03-01-05-01-01-02-15_win0.wav"", ""data/processed/audio/train/15_03-01-05-01-02-01-15_win0.wav""]","[0, 1, 1, 1]",1,1,train
seq_000273,15,28,"[""15_03-01-05-01-01-01-15"", ""15_03-01-05-01-01-02-15"", ""15_03-01-05-01-02-01-15"", ""15_03-01-05-01-02-02-15""]","[""data/processed/audio/train/15_03-01-05-01-01-01-15_win0.wav"", ""data/processed/audio/train/15_03-01-05-01-01-02-15_win0.wav"", ""data/processed/audio/train/15_03-01-05-01-02-01-15_win0.wav"", ""data/processed/audio/train/15_03-01-05-01-02-02-15_win0.wav""]","[1, 1, 1, 1]",1,0,train
seq_000274,15,29,"[""15_03-01-05-01-01-02-15"", ""15_03-01-05-01-02-01-15"", ""15_03-01-05-01-02-02-15"", ""15_03-01-05-02-01-01-15""]","[""data/processed/audio/train/15_03-01-05-01-01-02-15_win0.wav"", ""data/processed/audio/train/15_03-01-05-01-02-01-15_win0.wav"", ""data/processed/audio/train/15_03-01-05-01-02-02-15_win0.wav"", ""data/processed/audio/train/15_03-01-05-02-01-01-15_win0.wav""]","[1, 1, 1, 1]",1,0,train
seq_000275,15,30,"[""15_03-01-05-01-02-01-15"", ""15_03-01-05-01-02-02-15"", ""15_03-01-05-02-01-01-15"", ""15_03-01-05-02-01-02-15""]","[""data/processed/audio/train/15_03-01-05-01-02-01-15_win0.wav"", ""data/processed/audio/train/15_03-01-05-01-02-02-15_win0.wav"", ""data/processed/audio/train/15_03-01-05-02-01-01-15_win0.wav"", ""data/processed/audio/train/15_03-01-05-02-01-02-15_win0.wav""]","[1, 1, 1, 1]",1,0,train
seq_000276,15,31,"[""15_03-01-05-01-02-02-15"", ""15_03-01-05-02-01-01-15"", ""15_03-01-05-02-01-02-15"", ""15_03-01-05-02-02-01-15""]","[""data/processed/audio/train/15_03-01-05-01-02-02-15_win0.wav"", ""data/processed/audio/train/15_03-01-05-02-01-01-15_win0.wav"", ""data/processed/audio/train/15_03-01-05-02-01-02-15_win0.wav"", ""data/processed/audio/train/15_03-01-05-02-02-01-15_win0.wav""]","[1, 1, 1, 1]",1,0,train
seq_000277,15,32,"[""15_03-01-05-02-01-01-15"", ""15_03-01-05-02-01-02-15"", ""15_03-01-05-02-02-01-15"", ""15_03-01-05-02-02-02-15""]","[""data/processed/audio/train/15_03-01-05-02-01-01-15_win0.wav"", ""data/processed/audio/train/15_03-01-05-02-01-02-15_win0.wav"", ""data/processed/audio/train/15_03-01-05-02-02-01-15_win0.wav"", ""data/processed/audio/train/15_03-01-05-02-02-02-15_win0.wav""]","[1, 1, 1, 1]",1,0,train
seq_000278,15,33,"[""15_03-01-05-02-01-02-15"", ""15_03-01-05-02-02-01-15"", ""15_03-01-05-02-02-02-15"", ""15_03-01-06-01-01-01-15""]","[""data/processed/audio/train/15_03-01-05-02-01-02-15_win0.wav"", ""data/processed/audio/train/15_03-01-05-02-02-01-15_win0.wav"", ""data/processed/audio/train/15_03-01-05-02-02-02-15_win0.wav"", ""data/processed/audio/train/15_03-01-06-01-01-01-15_win0.wav""]","[1, 1, 1, 1]",1,0,train
seq_000279,15,34,"[""15_03-01-05-02-02-01-15"", ""15_03-01-05-02-02-02-15"", ""15_03-01-06-01-01-01-15"", ""15_03-01-06-01-01-02-15""]","[""data/processed/audio/train/15_03-01-05-02-02-01-15_win0.wav"", ""data/processed/audio/train/15_03-01-05-02-02-02-15_win0.wav"", ""data/processed/audio/train/15_03-01-06-01-01-01-15_win0.wav"", ""data/processed/audio/train/15_03-01-06-01-01-02-15_win0.wav""]","[1, 1, 1, 1]",1,0,train
seq_000280,15,35,"[""15_03-01-05-02-02-02-15"", ""15_03-01-06-01-01-01-15"", ""15_03-01-06-01-01-02-15"", ""15_03-01-06-01-02-01-15""]","[""data/processed/audio/train/15_03-01-05-02-02-02-15_win0.wav"", ""data/processed/audio/train/15_03-01-06-01-01-01-15_win0.wav"", ""data/processed/audio/train/15_03-01-06-01-01-02-15_win0.wav"", ""data/processed/audio/train/15_03-01-06-01-02-01-15_win0.wav""]","[1, 1, 1, 1]",1,0,train
seq_000281,15,36,"[""15_03-01-06-01-01-01-15"", ""15_03-01-06-01-01-02-15"", ""15_03-01-06-01-02-01-15"", ""15_03-01-06-01-02-02-15""]","[""data/processed/audio/train/15_03-01-06-01-01-01-15_win0.wav"", ""data/processed/audio/train/15_03-01-06-01-01-02-15_win0.wav"", ""data/processed/audio/train/15_03-01-06-01-02-01-15_win0.wav"", ""data/processed/audio/train/15_03-01-06-01-02-02-15_win0.wav""]","[1, 1, 1, 1]",1,0,train
seq_000282,15,37,"[""15_03-01-06-01-01-02-15"", ""15_03-01-06-01-02-01-15"", ""15_03-01-06-01-02-02-15"", ""15_03-01-06-02-01-01-15""]","[""data/processed/audio/train/15_03-01-06-01-01-02-15_win0.wav"", ""data/processed/audio/train/15_03-01-06-01-02-01-15_win0.wav"", ""data/processed/audio/train/15_03-01-06-01-02-02-15_win0.wav"", ""data/processed/audio/train/15_03-01-06-02-01-01-15_win0.wav""]","[1, 1, 1, 1]",1,0,train
seq_000283,15,38,"[""15_03-01-06-01-02-01-15"", ""15_03-01-06-01-02-02-15"", ""15_03-01-06-02-01-01-15"", ""15_03-01-06-02-01-02-15""]","[""data/processed/audio/train/15_03-01-06-01-02-01-15_win0.wav"", ""data/processed/audio/train/15_03-01-06-01-02-02-15_win0.wav"", ""data/processed/audio/train/15_03-01-06-02-01-01-15_win0.wav"", ""data/processed/audio/train/15_03-01-06-02-01-02-15_win0.wav""]","[1, 1, 1, 1]",1,0,train
seq_000284,15,39,"[""15_03-01-06-01-02-02-15"", ""15_03-01-06-02-01-01-15"", ""15_03-01-06-02-01-02-15"", ""15_03-01-06-02-02-01-15""]","[""data/processed/audio/train/15_03-01-06-01-02-02-15_win0.wav"", ""data/processed/audio/train/15_03-01-06-02-01-01-15_win0.wav"", ""data/processed/audio/train/15_03-01-06-02-01-02-15_win0.wav"", ""data/processed/audio/train/15_03-01-06-02-02-01-15_win0.wav""]","[1, 1, 1, 1]",1,0,train
seq_000285,15,40,"[""15_03-01-06-02-01-01-15"", ""15_03-01-06-02-01-02-15"", ""15_03-01-06-02-02-01-15"", ""15_03-01-06-02-02-02-15""]","[""data/processed/audio/train/15_03-01-06-02-01-01-15_win0.wav"", ""data/processed/audio/train/15_03-01-06-02-01-02-15_win0.wav"", ""data/processed/audio/train/15_03-01-06-02-02-01-15_win0.wav"", ""data/processed/audio/train/15_03-01-06-02-02-02-15_win0.wav""]","[1, 1, 1, 1]",1,0,train
seq_000286,15,41,"[""15_03-01-06-02-01-02-15"", ""15_03-01-06-02-02-01-15"", ""15_03-01-06-02-02-02-15"", ""15_03-01-07-01-01-01-15""]","[""data/processed/audio/train/15_03-01-06-02-01-02-15_win0.wav"", ""data/processed/audio/train/15_03-01-06-02-02-01-15_win0.wav"", ""data/processed/audio/train/15_03-01-06-02-02-02-15_win0.wav"", ""data/processed/audio/train/15_03-01-07-01-01-01-15_win0.wav""]","[1, 1, 1, 1]",1,0,train
seq_000287,15,42,"[""15_03-01-06-02-02-01-15"", ""15_03-01-06-02-02-02-15"", ""15_03-01-07-01-01-01-15"", ""15_03-01-07-01-01-02-15""]","[""data/processed/audio/train/15_03-01-06-02-02-01-15_win0.wav"", ""data/processed/audio/train/15_03-01-06-02-02-02-15_win0.wav"", ""data/processed/audio/train/15_03-01-07-01-01-01-15_win0.wav"", ""data/processed/audio/train/15_03-01-07-01-01-02-15_win0.wav""]","[1, 1, 1, 1]",1,0,train
seq_000288,15,43,"[""15_03-01-06-02-02-02-15"", ""15_03-01-07-01-01-01-15"", ""15_03-01-07-01-01-02-15"", ""15_03-01-07-01-02-01-15""]","[""data/processed/audio/train/15_03-01-06-02-02-02-15_win0.wav"", ""data/processed/audio/train/15_03-01-07-01-01-01-15_win0.wav"", ""data/processed/audio/train/15_03-01-07-01-01-02-15_win0.wav"", ""data/processed/audio/train/15_03-01-07-01-02-01-15_win0.wav""]","[1, 1, 1, 1]",1,0,train
seq_000289,15,44,"[""15_03-01-07-01-01-01-15"", ""15_03-01-07-01-01-02-15"", ""15_03-01-07-01-02-01-15"", ""15_03-01-07-01-02-02-15""]","[""data/processed/audio/train/15_03-01-07-01-01-01-15_win0.wav"", ""data/processed/audio/train/15_03-01-07-01-01-02-15_win0.wav"", ""data/processed/audio/train/15_03-01-07-01-02-01-15_win0.wav"", ""data/processed/audio/train/15_03-01-07-01-02-02-15_win0.wav""]","[1, 1, 1, 1]",1,0,train
seq_000290,15,45,"[""15_03-01-07-01-01-02-15"", ""15_03-01-07-01-02-01-15"", ""15_03-01-07-01-02-02-15"", ""15_03-01-07-02-01-01-15""]","[""data/processed/audio/train/15_03-01-07-01-01-02-15_win0.wav"", ""data/processed/audio/train/15_03-01-07-01-02-01-15_win0.wav"", ""data/processed/audio/train/15_03-01-07-01-02-02-15_win0.wav"", ""data/processed/audio/train/15_03-01-07-02-01-01-15_win0.wav""]","[1, 1, 1, 1]",1,0,train
seq_000291,15,46,"[""15_03-01-07-01-02-01-15"", ""15_03-01-07-01-02-02-15"", ""15_03-01-07-02-01-01-15"", ""15_03-01-07-02-01-02-15""]","[""data/processed/audio/train/15_03-01-07-01-02-01-15_win0.wav"", ""data/processed/audio/train/15_03-01-07-01-02-02-15_win0.wav"", ""data/processed/audio/train/15_03-01-07-02-01-01-15_win0.wav"", ""data/processed/audio/train/15_03-01-07-02-01-02-15_win0.wav""]","[1, 1, 1, 1]",1,0,train
seq_000292,15,47,"[""15_03-01-07-01-02-02-15"", ""15_03-01-07-02-01-01-15"", ""15_03-01-07-02-01-02-15"", ""15_03-01-07-02-02-01-15""]","[""data/processed/audio/train/15_03-01-07-01-02-02-15_win0.wav"", ""data/processed/audio/train/15_03-01-07-02-01-01-15_win0.wav"", ""data/processed/audio/train/15_03-01-07-02-01-02-15_win0.wav"", ""data/processed/audio/train/15_03-01-07-02-02-01-15_win0.wav""]","[1, 1, 1, 1]",1,0,train
seq_000293,15,48,"[""15_03-01-07-02-01-01-15"", ""15_03-01-07-02-01-02-15"", ""15_03-01-07-02-02-01-15"", ""15_03-01-07-02-02-02-15""]","[""data/processed/audio/train/15_03-01-07-02-01-01-15_win0.wav"", ""data/processed/audio/train/15_03-01-07-02-01-02-15_win0.wav"", ""data/processed/audio/train/15_03-01-07-02-02-01-15_win0.wav"", ""data/processed/audio/train/15_03-01-07-02-02-02-15_win0.wav""]","[1, 1, 1, 1]",1,0,train
seq_000294,16,0,"[""16_03-01-01-01-01-01-16"", ""16_03-01-01-01-01-02-16"", ""16_03-01-01-01-02-01-16"", ""16_03-01-01-01-02-02-16""]","[""data/processed/audio/train/16_03-01-01-01-01-01-16_win0.wav"", ""data/processed/audio/train/16_03-01-01-01-01-02-16_win0.wav"", ""data/processed/audio/train/16_03-01-01-01-02-01-16_win0.wav"", ""data/processed/audio/train/16_03-01-01-01-02-02-16_win0.wav""]","[0, 0, 0, 0]",0,0,train
seq_000295,16,1,"[""16_03-01-01-01-01-02-16"", ""16_03-01-01-01-02-01-16"", ""16_03-01-01-01-02-02-16"", ""16_03-01-02-01-01-01-16""]","[""data/processed/audio/train/16_03-01-01-01-01-02-16_win0.wav"", ""data/processed/audio/train/16_03-01-01-01-02-01-16_win0.wav"", ""data/processed/audio/train/16_03-01-01-01-02-02-16_win0.wav"", ""data/processed/audio/train/16_03-01-02-01-01-01-16_win0.wav""]","[0, 0, 0, 0]",0,0,train
seq_000296,16,2,"[""16_03-01-01-01-02-01-16"", ""16_03-01-01-01-02-02-16"", ""16_03-01-02-01-01-01-16"", ""16_03-01-02-01-01-02-16""]","[""data/processed/audio/train/16_03-01-01-01-02-01-16_win0.wav"", ""data/processed/audio/train/16_03-01-01-01-02-02-16_win0.wav"", ""data/processed/audio/train/16_03-01-02-01-01-01-16_win0.wav"", ""data/processed/audio/train/16_03-01-02-01-01-02-16_win0.wav""]","[0, 0, 0, 0]",0,0,train
seq_000297,16,3,"[""16_03-01-01-01-02-02-16"", ""16_03-01-02-01-01-01-16"", ""16_03-01-02-01-01-02-16"", ""16_03-01-02-01-02-01-16""]","[""data/processed/audio/train/16_03-01-01-01-02-02-16_win0.wav"", ""data/processed/audio/train/16_03-01-02-01-01-01-16_win0.wav"", ""data/processed/audio/train/16_03-01-02-01-01-02-16_win0.wav"", ""data/processed/audio/train/16_03-01-02-01-02-01-16_win0.wav""]","[0, 0, 0, 0]",0,0,train
seq_000298,16,4,"[""16_03-01-02-01-01-01-16"", ""16_03-01-02-01-01-02-16"", ""16_03-01-02-01-02-01-16"", ""16_03-01-02-01-02-02-16""]","[""data/processed/audio/train/16_03-01-02-01-01-01-16_win0.wav"", ""data/processed/audio/train/16_03-01-02-01-01-02-16_win0.wav"", ""data/processed/audio/train/16_03-01-02-01-02-01-16_win0.wav"", ""data/processed/audio/train/16_03-01-02-01-02-02-16_win0.wav""]","[0, 0, 0, 0]",0,0,train
seq_000299,16,5,"[""16_03-01-02-01-01-02-16"", ""16_03-01-02-01-02-01-16"", ""16_03-01-02-01-02-02-16"", ""16_03-01-02-02-01-01-16""]","[""data/processed/audio/train/16_03-01-02-01-01-02-16_win0.wav"", ""data/processed/audio/train/16_03-01-02-01-02-01-16_win0.wav"", ""data/processed/audio/train/16_03-01-02-01-02-02-16_win0.wav"", ""data/processed/audio/train/16_03-01-02-02-01-01-16_win0.wav""]","[0, 0, 0, 0]",0,0,train
seq_000300,16,6,"[""16_03-01-02-01-02-01-16"", ""16_03-01-02-01-02-02-16"", ""16_03-01-02-02-01-01-16"", ""16_03-01-02-02-01-02-16""]","[""data/processed/audio/train/16_03-01-02-01-02-01-16_win0.wav"", ""data/processed/audio/train/16_03-01-02-01-02-02-16_win0.wav"", ""data/processed/audio/train/16_03-01-02-02-01-01-16_win0.wav"", ""data/processed/audio/train/16_03-01-02-02-01-02-16_win0.wav""]","[0, 0, 0, 0]",0,0,train
seq_000301,16,7,"[""16_03-01-02-01-02-02-16"", ""16_03-01-02-02-01-01-16"", ""16_03-01-02-02-01-02-16"", ""16_03-01-02-02-02-01-16""]","[""data/processed/audio/train/16_03-01-02-01-02-02-16_win0.wav"", ""data/processed/audio/train/16_03-01-02-02-01-01-16_win0.wav"", ""data/processed/audio/train/16_03-01-02-02-01-02-16_win0.wav"", ""data/processed/audio/train/16_03-01-02-02-02-01-16_win0.wav""]","[0, 0, 0, 0]",0,0,train
seq_000302,16,8,"[""16_03-01-02-02-01-01-16"", ""16_03-01-02-02-01-02-16"", ""16_03-01-02-02-02-01-16"", ""16_03-01-02-02-02-02-16""]","[""data/processed/audio/train/16_03-01-02-02-01-01-16_win0.wav"", ""data/processed/audio/train/16_03-01-02-02-01-02-16_win0.wav"", ""data/processed/audio/train/16_03-01-02-02-02-01-16_win0.wav"", ""data/processed/audio/train/16_03-01-02-02-02-02-16_win0.wav""]","[0, 0, 0, 0]",0,0,train
seq_000303,16,9,"[""16_03-01-02-02-01-02-16"", ""16_03-01-02-02-02-01-16"", ""16_03-01-02-02-02-02-16"", ""16_03-01-03-01-01-01-16""]","[""data/processed/audio/train/16_03-01-02-02-01-02-16_win0.wav"", ""data/processed/audio/train/16_03-01-02-02-02-01-16_win0.wav"", ""data/processed/audio/train/16_03-01-02-02-02-02-16_win0.wav"", ""data/processed/audio/train/16_03-01-03-01-01-01-16_win0.wav""]","[0, 0, 0, 0]",0,0,train
seq_000304,16,10,"[""16_03-01-02-02-02-01-16"", ""16_03-01-02-02-02-02-16"", ""16_03-01-03-01-01-01-16"", ""16_03-01-03-01-01-02-16""]","[""data/processed/audio/train/16_03-01-02-02-02-01-16_win0.wav"", ""data/processed/audio/train/16_03-01-02-02-02-02-16_win0.wav"", ""data/processed/audio/train/16_03-01-03-01-01-01-16_win0.wav"", ""data/processed/audio/train/16_03-01-03-01-01-02-16_win0.wav""]","[0, 0, 0, 0]",0,0,train
seq_000305,16,11,"[""16_03-01-02-02-02-02-16"", ""16_03-01-03-01-01-01-16"", ""16_03-01-03-01-01-02-16"", ""16_03-01-03-01-02-01-16""]","[""data/processed/audio/train/16_03-01-02-02-02-02-16_win0.wav"", ""data/processed/audio/train/16_03-01-03-01-01-01-16_win0.wav"", ""data/processed/audio/train/16_03-01-03-01-01-02-16_win0.wav"", ""data/processed/audio/train/16_03-01-03-01-02-01-16_win0.wav""]","[0, 0, 0, 0]",0,0,train
seq_000306,16,12,"[""16_03-01-03-01-01-01-16"", ""16_03-01-03-01-01-02-16"", ""16_03-01-03-01-02-01-16"", ""16_03-01-03-01-02-02-16""]","[""data/processed/audio/train/16_03-01-03-01-01-01-16_win0.wav"", ""data/processed/audio/train/16_03-01-03-01-01-02-16_win0.wav"", ""data/processed/audio/train/16_03-01-03-01-02-01-16_win0.wav"", ""data/processed/audio/train/16_03-01-03-01-02-02-16_win0.wav""]","[0, 0, 0, 0]",0,0,train
seq_000307,16,13,"[""16_03-01-03-01-01-02-16"", ""16_03-01-03-01-02-01-16"", ""16_03-01-03-01-02-02-16"", ""16_03-01-03-02-01-01-16""]","[""data/processed/audio/train/16_03-01-03-01-01-02-16_win0.wav"", ""data/processed/audio/train/16_03-01-03-01-02-01-16_win0.wav"", ""data/processed/audio/train/16_03-01-03-01-02-02-16_win0.wav"", ""data/processed/audio/train/16_03-01-03-02-01-01-16_win0.wav""]","[0, 0, 0, 0]",0,0,train
seq_000308,16,14,"[""16_03-01-03-01-02-01-16"", ""16_03-01-03-01-02-02-16"", ""16_03-01-03-02-01-01-16"", ""16_03-01-03-02-01-02-16""]","[""data/processed/audio/train/16_03-01-03-01-02-01-16_win0.wav"", ""data/processed/audio/train/16_03-01-03-01-02-02-16_win0.wav"", ""data/processed/audio/train/16_03-01-03-02-01-01-16_win0.wav"", ""data/processed/audio/train/16_03-01-03-02-01-02-16_win0.wav""]","[0, 0, 0, 0]",0,0,train
seq_000309,16,15,"[""16_03-01-03-01-02-02-16"", ""16_03-01-03-02-01-01-16"", ""16_03-01-03-02-01-02-16"", ""16_03-01-03-02-02-01-16""]","[""data/processed/audio/train/16_03-01-03-01-02-02-16_win0.wav"", ""data/processed/audio/train/16_03-01-03-02-01-01-16_win0.wav"", ""data/processed/audio/train/16_03-01-03-02-01-02-16_win0.wav"", ""data/processed/audio/train/16_03-01-03-02-02-01-16_win0.wav""]","[0, 0, 0, 0]",0,0,train
seq_000310,16,16,"[""16_03-01-03-02-01-01-16"", ""16_03-01-03-02-01-02-16"", ""16_03-01-03-02-02-01-16"", ""16_03-01-03-02-02-02-16""]","[""data/processed/audio/train/16_03-01-03-02-01-01-16_win0.wav"", ""data/processed/audio/train/16_03-01-03-02-01-02-16_win0.wav"", ""data/processed/audio/train/16_03-01-03-02-02-01-16_win0.wav"", ""data/processed/audio/train/16_03-01-03-02-02-02-16_win0.wav""]","[0, 0, 0, 0]",0,0,train
seq_000311,16,17,"[""16_03-01-03-02-01-02-16"", ""16_03-01-03-02-02-01-16"", ""16_03-01-03-02-02-02-16"", ""16_03-01-04-01-01-01-16""]","[""data/processed/audio/train/16_03-01-03-02-01-02-16_win0.wav"", ""data/processed/audio/train/16_03-01-03-02-02-01-16_win0.wav"", ""data/processed/audio/train/16_03-01-03-02-02-02-16_win0.wav"", ""data/processed/audio/train/16_03-01-04-01-01-01-16_win0.wav""]","[0, 0, 0, 0]",0,0,train
seq_000312,16,18,"[""16_03-01-03-02-02-01-16"", ""16_03-01-03-02-02-02-16"", ""16_03-01-04-01-01-01-16"", ""16_03-01-04-01-01-02-16""]","[""data/processed/audio/train/16_03-01-03-02-02-01-16_win0.wav"", ""data/processed/audio/train/16_03-01-03-02-02-02-16_win0.wav"", ""data/processed/audio/train/16_03-01-04-01-01-01-16_win0.wav"", ""data/processed/audio/train/16_03-01-04-01-01-02-16_win0.wav""]","[0, 0, 0, 0]",0,0,train
seq_000313,16,19,"[""16_03-01-03-02-02-02-16"", ""16_03-01-04-01-01-01-16"", ""16_03-01-04-01-01-02-16"", ""16_03-01-04-01-02-01-16""]","[""data/processed/audio/train/16_03-01-03-02-02-02-16_win0.wav"", ""data/processed/audio/train/16_03-01-04-01-01-01-16_win0.wav"", ""data/processed/audio/train/16_03-01-04-01-01-02-16_win0.wav"", ""data/processed/audio/train/16_03-01-04-01-02-01-16_win0.wav""]","[0, 0, 0, 0]",0,0,train
seq_000314,16,20,"[""16_03-01-04-01-01-01-16"", ""16_03-01-04-01-01-02-16"", ""16_03-01-04-01-02-01-16"", ""16_03-01-04-01-02-02-16""]","[""data/processed/audio/train/16_03-01-04-01-01-01-16_win0.wav"", ""data/processed/audio/train/16_03-01-04-01-01-02-16_win0.wav"", ""data/processed/audio/train/16_03-01-04-01-02-01-16_win0.wav"", ""data/processed/audio/train/16_03-01-04-01-02-02-16_win0.wav""]","[0, 0, 0, 0]",0,0,train
seq_000315,16,21,"[""16_03-01-04-01-01-02-16"", ""16_03-01-04-01-02-01-16"", ""16_03-01-04-01-02-02-16"", ""16_03-01-04-02-01-01-16""]","[""data/processed/audio/train/16_03-01-04-01-01-02-16_win0.wav"", ""data/processed/audio/train/16_03-01-04-01-02-01-16_win0.wav"", ""data/processed/audio/train/16_03-01-04-01-02-02-16_win0.wav"", ""data/processed/audio/train/16_03-01-04-02-01-01-16_win0.wav""]","[0, 0, 0, 0]",0,0,train
seq_000316,16,22,"[""16_03-01-04-01-02-01-16"", ""16_03-01-04-01-02-02-16"", ""16_03-01-04-02-01-01-16"", ""16_03-01-04-02-01-02-16""]","[""data/processed/audio/train/16_03-01-04-01-02-01-16_win0.wav"", ""data/processed/audio/train/16_03-01-04-01-02-02-16_win0.wav"", ""data/processed/audio/train/16_03-01-04-02-01-01-16_win0.wav"", ""data/processed/audio/train/16_03-01-04-02-01-02-16_win0.wav""]","[0, 0, 0, 0]",0,0,train
seq_000317,16,23,"[""16_03-01-04-01-02-02-16"", ""16_03-01-04-02-01-01-16"", ""16_03-01-04-02-01-02-16"", ""16_03-01-04-02-02-01-16""]","[""data/processed/audio/train/16_03-01-04-01-02-02-16_win0.wav"", ""data/processed/audio/train/16_03-01-04-02-01-01-16_win0.wav"", ""data/processed/audio/train/16_03-01-04-02-01-02-16_win0.wav"", ""data/processed/audio/train/16_03-01-04-02-02-01-16_win0.wav""]","[0, 0, 0, 0]",0,0,train
seq_000318,16,24,"[""16_03-01-04-02-01-01-16"", ""16_03-01-04-02-01-02-16"", ""16_03-01-04-02-02-01-16"", ""16_03-01-04-02-02-02-16""]","[""data/processed/audio/train/16_03-01-04-02-01-01-16_win0.wav"", ""data/processed/audio/train/16_03-01-04-02-01-02-16_win0.wav"", ""data/processed/audio/train/16_03-01-04-02-02-01-16_win0.wav"", ""data/processed/audio/train/16_03-01-04-02-02-02-16_win0.wav""]","[0, 0, 0, 0]",0,0,train
seq_000319,16,25,"[""16_03-01-04-02-01-02-16"", ""16_03-01-04-02-02-01-16"", ""16_03-01-04-02-02-02-16"", ""16_03-01-05-01-01-01-16""]","[""data/processed/audio/train/16_03-01-04-02-01-02-16_win0.wav"", ""data/processed/audio/train/16_03-01-04-02-02-01-16_win0.wav"", ""data/processed/audio/train/16_03-01-04-02-02-02-16_win0.wav"", ""data/processed/audio/train/16_03-01-05-01-01-01-16_win0.wav""]","[0, 0, 0, 1]",1,0,train
seq_000320,16,26,"[""16_03-01-04-02-02-01-16"", ""16_03-01-04-02-02-02-16"", ""16_03-01-05-01-01-01-16"", ""16_03-01-05-01-01-02-16""]","[""data/processed/audio/train/16_03-01-04-02-02-01-16_win0.wav"", ""data/processed/audio/train/16_03-01-04-02-02-02-16_win0.wav"", ""data/processed/audio/train/16_03-01-05-01-01-01-16_win0.wav"", ""data/processed/audio/train/16_03-01-05-01-01-02-16_win0.wav""]","[0, 0, 1, 1]",1,1,train
seq_000321,16,27,"[""16_03-01-04-02-02-02-16"", ""16_03-01-05-01-01-01-16"", ""16_03-01-05-01-01-02-16"", ""16_03-01-05-01-02-01-16""]","[""data/processed/audio/train/16_03-01-04-02-02-02-16_win0.wav"", ""data/processed/audio/train/16_03-01-05-01-01-01-16_win0.wav"", ""data/processed/audio/train/16_03-01-05-01-01-02-16_win0.wav"", ""data/processed/audio/train/16_03-01-05-01-02-01-16_win0.wav""]","[0, 1, 1, 1]",1,1,train
seq_000322,16,28,"[""16_03-01-05-01-01-01-16"", ""16_03-01-05-01-01-02-16"", ""16_03-01-05-01-02-01-16"", ""16_03-01-05-01-02-02-16""]","[""data/processed/audio/train/16_03-01-05-01-01-01-16_win0.wav"", ""data/processed/audio/train/16_03-01-05-01-01-02-16_win0.wav"", ""data/processed/audio/train/16_03-01-05-01-02-01-16_win0.wav"", ""data/processed/audio/train/16_03-01-05-01-02-02-16_win0.wav""]","[1, 1, 1, 1]",1,0,train
seq_000323,16,29,"[""16_03-01-05-01-01-02-16"", ""16_03-01-05-01-02-01-16"", ""16_03-01-05-01-02-02-16"", ""16_03-01-05-02-01-01-16""]","[""data/processed/audio/train/16_03-01-05-01-01-02-16_win0.wav"", ""data/processed/audio/train/16_03-01-05-01-02-01-16_win0.wav"", ""data/processed/audio/train/16_03-01-05-01-02-02-16_win0.wav"", ""data/processed/audio/train/16_03-01-05-02-01-01-16_win0.wav""]","[1, 1, 1, 1]",1,0,train
seq_000324,16,30,"[""16_03-01-05-01-02-01-16"", ""16_03-01-05-01-02-02-16"", ""16_03-01-05-02-01-01-16"", ""16_03-01-05-02-01-02-16""]","[""data/processed/audio/train/16_03-01-05-01-02-01-16_win0.wav"", ""data/processed/audio/train/16_03-01-05-01-02-02-16_win0.wav"", ""data/processed/audio/train/16_03-01-05-02-01-01-16_win0.wav"", ""data/processed/audio/train/16_03-01-05-02-01-02-16_win0.wav""]","[1, 1, 1, 1]",1,0,train
seq_000325,16,31,"[""16_03-01-05-01-02-02-16"", ""16_03-01-05-02-01-01-16"", ""16_03-01-05-02-01-02-16"", ""16_03-01-05-02-02-01-16""]","[""data/processed/audio/train/16_03-01-05-01-02-02-16_win0.wav"", ""data/processed/audio/train/16_03-01-05-02-01-01-16_win0.wav"", ""data/processed/audio/train/16_03-01-05-02-01-02-16_win0.wav"", ""data/processed/audio/train/16_03-01-05-02-02-01-16_win0.wav""]","[1, 1, 1, 1]",1,0,train
seq_000326,16,32,"[""16_03-01-05-02-01-01-16"", ""16_03-01-05-02-01-02-16"", ""16_03-01-05-02-02-01-16"", ""16_03-01-05-02-02-02-16""]","[""data/processed/audio/train/16_03-01-05-02-01-01-16_win0.wav"", ""data/processed/audio/train/16_03-01-05-02-01-02-16_win0.wav"", ""data/processed/audio/train/16_03-01-05-02-02-01-16_win0.wav"", ""data/processed/audio/train/16_03-01-05-02-02-02-16_win0.wav""]","[1, 1, 1, 1]",1,0,train
seq_000327,16,33,"[""16_03-01-05-02-01-02-16"", ""16_03-01-05-02-02-01-16"", ""16_03-01-05-02-02-02-16"", ""16_03-01-06-01-01-01-16""]","[""data/processed/audio/train/16_03-01-05-02-01-02-16_win0.wav"", ""data/processed/audio/train/16_03-01-05-02-02-01-16_win0.wav"", ""data/processed/audio/train/16_03-01-05-02-02-02-16_win0.wav"", ""data/processed/audio/train/16_03-01-06-01-01-01-16_win0.wav""]","[1, 1, 1, 1]",1,0,train
seq_000328,16,34,"[""16_03-01-05-02-02-01-16"", ""16_03-01-05-02-02-02-16"", ""16_03-01-06-01-01-01-16"", ""16_03-01-06-01-01-02-16""]","[""data/processed/audio/train/16_03-01-05-02-02-01-16_win0.wav"", ""data/processed/audio/train/16_03-01-05-02-02-02-16_win0.wav"", ""data/processed/audio/train/16_03-01-06-01-01-01-16_win0.wav"", ""data/processed/audio/train/16_03-01-06-01-01-02-16_win0.wav""]","[1, 1, 1, 1]",1,0,train
seq_000329,16,35,"[""16_03-01-05-02-02-02-16"", ""16_03-01-06-01-01-01-16"", ""16_03-01-06-01-01-02-16"", ""16_03-01-06-01-02-01-16""]","[""data/processed/audio/train/16_03-01-05-02-02-02-16_win0.wav"", ""data/processed/audio/train/16_03-01-06-01-01-01-16_win0.wav"", ""data/processed/audio/train/16_03-01-06-01-01-02-16_win0.wav"", ""data/processed/audio/train/16_03-01-06-01-02-01-16_win0.wav""]","[1, 1, 1, 1]",1,0,train
seq_000330,16,36,"[""16_03-01-06-01-01-01-16"", ""16_03-01-06-01-01-02-16"", ""16_03-01-06-01-02-01-16"", ""16_03-01-06-01-02-02-16""]","[""data/processed/audio/train/16_03-01-06-01-01-01-16_win0.wav"", ""data/processed/audio/train/16_03-01-06-01-01-02-16_win0.wav"", ""data/processed/audio/train/16_03-01-06-01-02-01-16_win0.wav"", ""data/processed/audio/train/16_03-01-06-01-02-02-16_win0.wav""]","[1, 1, 1, 1]",1,0,train
seq_000331,16,37,"[""16_03-01-06-01-01-02-16"", ""16_03-01-06-01-02-01-16"", ""16_03-01-06-01-02-02-16"", ""16_03-01-06-02-01-01-16""]","[""data/processed/audio/train/16_03-01-06-01-01-02-16_win0.wav"", ""data/processed/audio/train/16_03-01-06-01-02-01-16_win0.wav"", ""data/processed/audio/train/16_03-01-06-01-02-02-16_win0.wav"", ""data/processed/audio/train/16_03-01-06-02-01-01-16_win0.wav""]","[1, 1, 1, 1]",1,0,train
seq_000332,16,38,"[""16_03-01-06-01-02-01-16"", ""16_03-01-06-01-02-02-16"", ""16_03-01-06-02-01-01-16"", ""16_03-01-06-02-01-02-16""]","[""data/processed/audio/train/16_03-01-06-01-02-01-16_win0.wav"", ""data/processed/audio/train/16_03-01-06-01-02-02-16_win0.wav"", ""data/processed/audio/train/16_03-01-06-02-01-01-16_win0.wav"", ""data/processed/audio/train/16_03-01-06-02-01-02-16_win0.wav""]","[1, 1, 1, 1]",1,0,train
seq_000333,16,39,"[""16_03-01-06-01-02-02-16"", ""16_03-01-06-02-01-01-16"", ""16_03-01-06-02-01-02-16"", ""16_03-01-06-02-02-01-16""]","[""data/processed/audio/train/16_03-01-06-01-02-02-16_win0.wav"", ""data/processed/audio/train/16_03-01-06-02-01-01-16_win0.wav"", ""data/processed/audio/train/16_03-01-06-02-01-02-16_win0.wav"", ""data/processed/audio/train/16_03-01-06-02-02-01-16_win0.wav""]","[1, 1, 1, 1]",1,0,train
seq_000334,16,40,"[""16_03-01-06-02-01-01-16"", ""16_03-01-06-02-01-02-16"", ""16_03-01-06-02-02-01-16"", ""16_03-01-06-02-02-02-16""]","[""data/processed/audio/train/16_03-01-06-02-01-01-16_win0.wav"", ""data/processed/audio/train/16_03-01-06-02-01-02-16_win0.wav"", ""data/processed/audio/train/16_03-01-06-02-02-01-16_win0.wav"", ""data/processed/audio/train/16_03-01-06-02-02-02-16_win0.wav""]","[1, 1, 1, 1]",1,0,train
seq_000335,16,41,"[""16_03-01-06-02-01-02-16"", ""16_03-01-06-02-02-01-16"", ""16_03-01-06-02-02-02-16"", ""16_03-01-07-01-01-01-16""]","[""data/processed/audio/train/16_03-01-06-02-01-02-16_win0.wav"", ""data/processed/audio/train/16_03-01-06-02-02-01-16_win0.wav"", ""data/processed/audio/train/16_03-01-06-02-02-02-16_win0.wav"", ""data/processed/audio/train/16_03-01-07-01-01-01-16_win0.wav""]","[1, 1, 1, 1]",1,0,train
seq_000336,16,42,"[""16_03-01-06-02-02-01-16"", ""16_03-01-06-02-02-02-16"", ""16_03-01-07-01-01-01-16"", ""16_03-01-07-01-01-02-16""]","[""data/processed/audio/train/16_03-01-06-02-02-01-16_win0.wav"", ""data/processed/audio/train/16_03-01-06-02-02-02-16_win0.wav"", ""data/processed/audio/train/16_03-01-07-01-01-01-16_win0.wav"", ""data/processed/audio/train/16_03-01-07-01-01-02-16_win0.wav""]","[1, 1, 1, 1]",1,0,train
seq_000337,16,43,"[""16_03-01-06-02-02-02-16"", ""16_03-01-07-01-01-01-16"", ""16_03-01-07-01-01-02-16"", ""16_03-01-07-01-02-01-16""]","[""data/processed/audio/train/16_03-01-06-02-02-02-16_win0.wav"", ""data/processed/audio/train/16_03-01-07-01-01-01-16_win0.wav"", ""data/processed/audio/train/16_03-01-07-01-01-02-16_win0.wav"", ""data/processed/audio/train/16_03-01-07-01-02-01-16_win0.wav""]","[1, 1, 1, 1]",1,0,train
seq_000338,16,44,"[""16_03-01-07-01-01-01-16"", ""16_03-01-07-01-01-02-16"", ""16_03-01-07-01-02-01-16"", ""16_03-01-07-01-02-02-16""]","[""data/processed/audio/train/16_03-01-07-01-01-01-16_win0.wav"", ""data/processed/audio/train/16_03-01-07-01-01-02-16_win0.wav"", ""data/processed/audio/train/16_03-01-07-01-02-01-16_win0.wav"", ""data/processed/audio/train/16_03-01-07-01-02-02-16_win0.wav""]","[1, 1, 1, 1]",1,0,train
seq_000339,16,45,"[""16_03-01-07-01-01-02-16"", ""16_03-01-07-01-02-01-16"", ""16_03-01-07-01-02-02-16"", ""16_03-01-07-02-01-01-16""]","[""data/processed/audio/train/16_03-01-07-01-01-02-16_win0.wav"", ""data/processed/audio/train/16_03-01-07-01-02-01-16_win0.wav"", ""data/processed/audio/train/16_03-01-07-01-02-02-16_win0.wav"", ""data/processed/audio/train/16_03-01-07-02-01-01-16_win0.wav""]","[1, 1, 1, 1]",1,0,train
seq_000340,16,46,"[""16_03-01-07-01-02-01-16"", ""16_03-01-07-01-02-02-16"", ""16_03-01-07-02-01-01-16"", ""16_03-01-07-02-01-02-16""]","[""data/processed/audio/train/16_03-01-07-01-02-01-16_win0.wav"", ""data/processed/audio/train/16_03-01-07-01-02-02-16_win0.wav"", ""data/processed/audio/train/16_03-01-07-02-01-01-16_win0.wav"", ""data/processed/audio/train/16_03-01-07-02-01-02-16_win0.wav""]","[1, 1, 1, 1]",1,0,train
seq_000341,16,47,"[""16_03-01-07-01-02-02-16"", ""16_03-01-07-02-01-01-16"", ""16_03-01-07-02-01-02-16"", ""16_03-01-07-02-02-01-16""]","[""data/processed/audio/train/16_03-01-07-01-02-02-16_win0.wav"", ""data/processed/audio/train/16_03-01-07-02-01-01-16_win0.wav"", ""data/processed/audio/train/16_03-01-07-02-01-02-16_win0.wav"", ""data/processed/audio/train/16_03-01-07-02-02-01-16_win0.wav""]","[1, 1, 1, 1]",1,0,train
seq_000342,16,48,"[""16_03-01-07-02-01-01-16"", ""16_03-01-07-02-01-02-16"", ""16_03-01-07-02-02-01-16"", ""16_03-01-07-02-02-02-16""]","[""data/processed/audio/train/16_03-01-07-02-01-01-16_win0.wav"", ""data/processed/audio/train/16_03-01-07-02-01-02-16_win0.wav"", ""data/processed/audio/train/16_03-01-07-02-02-01-16_win0.wav"", ""data/processed/audio/train/16_03-01-07-02-02-02-16_win0.wav""]","[1, 1, 1, 1]",1,0,train
seq_000343,17,0,"[""17_03-01-01-01-01-01-17"", ""17_03-01-01-01-01-02-17"", ""17_03-01-01-01-02-01-17"", ""17_03-01-01-01-02-02-17""]","[""data/processed/audio/train/17_03-01-01-01-01-01-17_win0.wav"", ""data/processed/audio/train/17_03-01-01-01-01-02-17_win0.wav"", ""data/processed/audio/train/17_03-01-01-01-02-01-17_win0.wav"", ""data/processed/audio/train/17_03-01-01-01-02-02-17_win0.wav""]","[0, 0, 0, 0]",0,0,train
seq_000344,17,1,"[""17_03-01-01-01-01-02-17"", ""17_03-01-01-01-02-01-17"", ""17_03-01-01-01-02-02-17"", ""17_03-01-02-01-01-01-17""]","[""data/processed/audio/train/17_03-01-01-01-01-02-17_win0.wav"", ""data/processed/audio/train/17_03-01-01-01-02-01-17_win0.wav"", ""data/processed/audio/train/17_03-01-01-01-02-02-17_win0.wav"", ""data/processed/audio/train/17_03-01-02-01-01-01-17_win0.wav""]","[0, 0, 0, 0]",0,0,train
seq_000345,17,2,"[""17_03-01-01-01-02-01-17"", ""17_03-01-01-01-02-02-17"", ""17_03-01-02-01-01-01-17"", ""17_03-01-02-01-01-02-17""]","[""data/processed/audio/train/17_03-01-01-01-02-01-17_win0.wav"", ""data/processed/audio/train/17_03-01-01-01-02-02-17_win0.wav"", ""data/processed/audio/train/17_03-01-02-01-01-01-17_win0.wav"", ""data/processed/audio/train/17_03-01-02-01-01-02-17_win0.wav""]","[0, 0, 0, 0]",0,0,train
seq_000346,17,3,"[""17_03-01-01-01-02-02-17"", ""17_03-01-02-01-01-01-17"", ""17_03-01-02-01-01-02-17"", ""17_03-01-02-01-02-01-17""]","[""data/processed/audio/train/17_03-01-01-01-02-02-17_win0.wav"", ""data/processed/audio/train/17_03-01-02-01-01-01-17_win0.wav"", ""data/processed/audio/train/17_03-01-02-01-01-02-17_win0.wav"", ""data/processed/audio/train/17_03-01-02-01-02-01-17_win0.wav""]","[0, 0, 0, 0]",0,0,train
seq_000347,17,4,"[""17_03-01-02-01-01-01-17"", ""17_03-01-02-01-01-02-17"", ""17_03-01-02-01-02-01-17"", ""17_03-01-02-01-02-02-17""]","[""data/processed/audio/train/17_03-01-02-01-01-01-17_win0.wav"", ""data/processed/audio/train/17_03-01-02-01-01-02-17_win0.wav"", ""data/processed/audio/train/17_03-01-02-01-02-01-17_win0.wav"", ""data/processed/audio/train/17_03-01-02-01-02-02-17_win0.wav""]","[0, 0, 0, 0]",0,0,train
seq_000348,17,5,"[""17_03-01-02-01-01-02-17"", ""17_03-01-02-01-02-01-17"", ""17_03-01-02-01-02-02-17"", ""17_03-01-02-02-01-01-17""]","[""data/processed/audio/train/17_03-01-02-01-01-02-17_win0.wav"", ""data/processed/audio/train/17_03-01-02-01-02-01-17_win0.wav"", ""data/processed/audio/train/17_03-01-02-01-02-02-17_win0.wav"", ""data/processed/audio/train/17_03-01-02-02-01-01-17_win0.wav""]","[0, 0, 0, 0]",0,0,train
seq_000349,17,6,"[""17_03-01-02-01-02-01-17"", ""17_03-01-02-01-02-02-17"", ""17_03-01-02-02-01-01-17"", ""17_03-01-02-02-01-02-17""]","[""data/processed/audio/train/17_03-01-02-01-02-01-17_win0.wav"", ""data/processed/audio/train/17_03-01-02-01-02-02-17_win0.wav"", ""data/processed/audio/train/17_03-01-02-02-01-01-17_win0.wav"", ""data/processed/audio/train/17_03-01-02-02-01-02-17_win0.wav""]","[0, 0, 0, 0]",0,0,train
seq_000350,17,7,"[""17_03-01-02-01-02-02-17"", ""17_03-01-02-02-01-01-17"", ""17_03-01-02-02-01-02-17"", ""17_03-01-02-02-02-01-17""]","[""data/processed/audio/train/17_03-01-02-01-02-02-17_win0.wav"", ""data/processed/audio/train/17_03-01-02-02-01-01-17_win0.wav"", ""data/processed/audio/train/17_03-01-02-02-01-02-17_win0.wav"", ""data/processed/audio/train/17_03-01-02-02-02-01-17_win0.wav""]","[0, 0, 0, 0]",0,0,train
seq_000351,17,8,"[""17_03-01-02-02-01-01-17"", ""17_03-01-02-02-01-02-17"", ""17_03-01-02-02-02-01-17"", ""17_03-01-02-02-02-02-17""]","[""data/processed/audio/train/17_03-01-02-02-01-01-17_win0.wav"", ""data/processed/audio/train/17_03-01-02-02-01-02-17_win0.wav"", ""data/processed/audio/train/17_03-01-02-02-02-01-17_win0.wav"", ""data/processed/audio/train/17_03-01-02-02-02-02-17_win0.wav""]","[0, 0, 0, 0]",0,0,train
seq_000352,17,9,"[""17_03-01-02-02-01-02-17"", ""17_03-01-02-02-02-01-17"", ""17_03-01-02-02-02-02-17"", ""17_03-01-03-01-01-01-17""]","[""data/processed/audio/train/17_03-01-02-02-01-02-17_win0.wav"", ""data/processed/audio/train/17_03-01-02-02-02-01-17_win0.wav"", ""data/processed/audio/train/17_03-01-02-02-02-02-17_win0.wav"", ""data/processed/audio/train/17_03-01-03-01-01-01-17_win0.wav""]","[0, 0, 0, 0]",0,0,train
seq_000353,17,10,"[""17_03-01-02-02-02-01-17"", ""17_03-01-02-02-02-02-17"", ""17_03-01-03-01-01-01-17"", ""17_03-01-03-01-01-02-17""]","[""data/processed/audio/train/17_03-01-02-02-02-01-17_win0.wav"", ""data/processed/audio/train/17_03-01-02-02-02-02-17_win0.wav"", ""data/processed/audio/train/17_03-01-03-01-01-01-17_win0.wav"", ""data/processed/audio/train/17_03-01-03-01-01-02-17_win0.wav""]","[0, 0, 0, 0]",0,0,train
seq_000354,17,11,"[""17_03-01-02-02-02-02-17"", ""17_03-01-03-01-01-01-17"", ""17_03-01-03-01-01-02-17"", ""17_03-01-03-01-02-01-17""]","[""data/processed/audio/train/17_03-01-02-02-02-02-17_win0.wav"", ""data/processed/audio/train/17_03-01-03-01-01-01-17_win0.wav"", ""data/processed/audio/train/17_03-01-03-01-01-02-17_win0.wav"", ""data/processed/audio/train/17_03-01-03-01-02-01-17_win0.wav""]","[0, 0, 0, 0]",0,0,train
seq_000355,17,12,"[""17_03-01-03-01-01-01-17"", ""17_03-01-03-01-01-02-17"", ""17_03-01-03-01-02-01-17"", ""17_03-01-03-01-02-02-17""]","[""data/processed/audio/train/17_03-01-03-01-01-01-17_win0.wav"", ""data/processed/audio/train/17_03-01-03-01-01-02-17_win0.wav"", ""data/processed/audio/train/17_03-01-03-01-02-01-17_win0.wav"", ""data/processed/audio/train/17_03-01-03-01-02-02-17_win0.wav""]","[0, 0, 0, 0]",0,0,train
seq_000356,17,13,"[""17_03-01-03-01-01-02-17"", ""17_03-01-03-01-02-01-17"", ""17_03-01-03-01-02-02-17"", ""17_03-01-03-02-01-01-17""]","[""data/processed/audio/train/17_03-01-03-01-01-02-17_win0.wav"", ""data/processed/audio/train/17_03-01-03-01-02-01-17_win0.wav"", ""data/processed/audio/train/17_03-01-03-01-02-02-17_win0.wav"", ""data/processed/audio/train/17_03-01-03-02-01-01-17_win0.wav""]","[0, 0, 0, 0]",0,0,train
seq_000357,17,14,"[""17_03-01-03-01-02-01-17"", ""17_03-01-03-01-02-02-17"", ""17_03-01-03-02-01-01-17"", ""17_03-01-03-02-01-02-17""]","[""data/processed/audio/train/17_03-01-03-01-02-01-17_win0.wav"", ""data/processed/audio/train/17_03-01-03-01-02-02-17_win0.wav"", ""data/processed/audio/train/17_03-01-03-02-01-01-17_win0.wav"", ""data/processed/audio/train/17_03-01-03-02-01-02-17_win0.wav""]","[0, 0, 0, 0]",0,0,train
seq_000358,17,15,"[""17_03-01-03-01-02-02-17"", ""17_03-01-03-02-01-01-17"", ""17_03-01-03-02-01-02-17"", ""17_03-01-03-02-02-01-17""]","[""data/processed/audio/train/17_03-01-03-01-02-02-17_win0.wav"", ""data/processed/audio/train/17_03-01-03-02-01-01-17_win0.wav"", ""data/processed/audio/train/17_03-01-03-02-01-02-17_win0.wav"", ""data/processed/audio/train/17_03-01-03-02-02-01-17_win0.wav""]","[0, 0, 0, 0]",0,0,train
seq_000359,17,16,"[""17_03-01-03-02-01-01-17"", ""17_03-01-03-02-01-02-17"", ""17_03-01-03-02-02-01-17"", ""17_03-01-03-02-02-02-17""]","[""data/processed/audio/train/17_03-01-03-02-01-01-17_win0.wav"", ""data/processed/audio/train/17_03-01-03-02-01-02-17_win0.wav"", ""data/processed/audio/train/17_03-01-03-02-02-01-17_win0.wav"", ""data/processed/audio/train/17_03-01-03-02-02-02-17_win0.wav""]","[0, 0, 0, 0]",0,0,train
seq_000360,17,17,"[""17_03-01-03-02-01-02-17"", ""17_03-01-03-02-02-01-17"", ""17_03-01-03-02-02-02-17"", ""17_03-01-04-01-01-01-17""]","[""data/processed/audio/train/17_03-01-03-02-01-02-17_win0.wav"", ""data/processed/audio/train/17_03-01-03-02-02-01-17_win0.wav"", ""data/processed/audio/train/17_03-01-03-02-02-02-17_win0.wav"", ""data/processed/audio/train/17_03-01-04-01-01-01-17_win0.wav""]","[0, 0, 0, 0]",0,0,train
seq_000361,17,18,"[""17_03-01-03-02-02-01-17"", ""17_03-01-03-02-02-02-17"", ""17_03-01-04-01-01-01-17"", ""17_03-01-04-01-01-02-17""]","[""data/processed/audio/train/17_03-01-03-02-02-01-17_win0.wav"", ""data/processed/audio/train/17_03-01-03-02-02-02-17_win0.wav"", ""data/processed/audio/train/17_03-01-04-01-01-01-17_win0.wav"", ""data/processed/audio/train/17_03-01-04-01-01-02-17_win0.wav""]","[0, 0, 0, 0]",0,0,train
seq_000362,17,19,"[""17_03-01-03-02-02-02-17"", ""17_03-01-04-01-01-01-17"", ""17_03-01-04-01-01-02-17"", ""17_03-01-04-01-02-01-17""]","[""data/processed/audio/train/17_03-01-03-02-02-02-17_win0.wav"", ""data/processed/audio/train/17_03-01-04-01-01-01-17_win0.wav"", ""data/processed/audio/train/17_03-01-04-01-01-02-17_win0.wav"", ""data/processed/audio/train/17_03-01-04-01-02-01-17_win0.wav""]","[0, 0, 0, 0]",0,0,train
seq_000363,17,20,"[""17_03-01-04-01-01-01-17"", ""17_03-01-04-01-01-02-17"", ""17_03-01-04-01-02-01-17"", ""17_03-01-04-01-02-02-17""]","[""data/processed/audio/train/17_03-01-04-01-01-01-17_win0.wav"", ""data/processed/audio/train/17_03-01-04-01-01-02-17_win0.wav"", ""data/processed/audio/train/17_03-01-04-01-02-01-17_win0.wav"", ""data/processed/audio/train/17_03-01-04-01-02-02-17_win0.wav""]","[0, 0, 0, 0]",0,0,train
seq_000364,17,21,"[""17_03-01-04-01-01-02-17"", ""17_03-01-04-01-02-01-17"", ""17_03-01-04-01-02-02-17"", ""17_03-01-04-02-01-01-17""]","[""data/processed/audio/train/17_03-01-04-01-01-02-17_win0.wav"", ""data/processed/audio/train/17_03-01-04-01-02-01-17_win0.wav"", ""data/processed/audio/train/17_03-01-04-01-02-02-17_win0.wav"", ""data/processed/audio/train/17_03-01-04-02-01-01-17_win0.wav""]","[0, 0, 0, 0]",0,0,train
seq_000365,17,22,"[""17_03-01-04-01-02-01-17"", ""17_03-01-04-01-02-02-17"", ""17_03-01-04-02-01-01-17"", ""17_03-01-04-02-01-02-17""]","[""data/processed/audio/train/17_03-01-04-01-02-01-17_win0.wav"", ""data/processed/audio/train/17_03-01-04-01-02-02-17_win0.wav"", ""data/processed/audio/train/17_03-01-04-02-01-01-17_win0.wav"", ""data/processed/audio/train/17_03-01-04-02-01-02-17_win0.wav""]","[0, 0, 0, 0]",0,0,train
seq_000366,17,23,"[""17_03-01-04-01-02-02-17"", ""17_03-01-04-02-01-01-17"", ""17_03-01-04-02-01-02-17"", ""17_03-01-04-02-02-01-17""]","[""data/processed/audio/train/17_03-01-04-01-02-02-17_win0.wav"", ""data/processed/audio/train/17_03-01-04-02-01-01-17_win0.wav"", ""data/processed/audio/train/17_03-01-04-02-01-02-17_win0.wav"", ""data/processed/audio/train/17_03-01-04-02-02-01-17_win0.wav""]","[0, 0, 0, 0]",0,0,train
seq_000367,17,24,"[""17_03-01-04-02-01-01-17"", ""17_03-01-04-02-01-02-17"", ""17_03-01-04-02-02-01-17"", ""17_03-01-04-02-02-02-17""]","[""data/processed/audio/train/17_03-01-04-02-01-01-17_win0.wav"", ""data/processed/audio/train/17_03-01-04-02-01-02-17_win0.wav"", ""data/processed/audio/train/17_03-01-04-02-02-01-17_win0.wav"", ""data/processed/audio/train/17_03-01-04-02-02-02-17_win0.wav""]","[0, 0, 0, 0]",0,0,train
seq_000368,17,25,"[""17_03-01-04-02-01-02-17"", ""17_03-01-04-02-02-01-17"", ""17_03-01-04-02-02-02-17"", ""17_03-01-05-01-01-01-17""]","[""data/processed/audio/train/17_03-01-04-02-01-02-17_win0.wav"", ""data/processed/audio/train/17_03-01-04-02-02-01-17_win0.wav"", ""data/processed/audio/train/17_03-01-04-02-02-02-17_win0.wav"", ""data/processed/audio/train/17_03-01-05-01-01-01-17_win0.wav""]","[0, 0, 0, 1]",1,0,train
seq_000369,17,26,"[""17_03-01-04-02-02-01-17"", ""17_03-01-04-02-02-02-17"", ""17_03-01-05-01-01-01-17"", ""17_03-01-05-01-01-02-17""]","[""data/processed/audio/train/17_03-01-04-02-02-01-17_win0.wav"", ""data/processed/audio/train/17_03-01-04-02-02-02-17_win0.wav"", ""data/processed/audio/train/17_03-01-05-01-01-01-17_win0.wav"", ""data/processed/audio/train/17_03-01-05-01-01-02-17_win0.wav""]","[0, 0, 1, 1]",1,1,train
seq_000370,17,27,"[""17_03-01-04-02-02-02-17"", ""17_03-01-05-01-01-01-17"", ""17_03-01-05-01-01-02-17"", ""17_03-01-05-01-02-01-17""]","[""data/processed/audio/train/17_03-01-04-02-02-02-17_win0.wav"", ""data/processed/audio/train/17_03-01-05-01-01-01-17_win0.wav"", ""data/processed/audio/train/17_03-01-05-01-01-02-17_win0.wav"", ""data/processed/audio/train/17_03-01-05-01-02-01-17_win0.wav""]","[0, 1, 1, 1]",1,1,train
seq_000371,17,28,"[""17_03-01-05-01-01-01-17"", ""17_03-01-05-01-01-02-17"", ""17_03-01-05-01-02-01-17"", ""17_03-01-05-01-02-02-17""]","[""data/processed/audio/train/17_03-01-05-01-01-01-17_win0.wav"", ""data/processed/audio/train/17_03-01-05-01-01-02-17_win0.wav"", ""data/processed/audio/train/17_03-01-05-01-02-01-17_win0.wav"", ""data/processed/audio/train/17_03-01-05-01-02-02-17_win0.wav""]","[1, 1, 1, 1]",1,0,train
seq_000372,17,29,"[""17_03-01-05-01-01-02-17"", ""17_03-01-05-01-02-01-17"", ""17_03-01-05-01-02-02-17"", ""17_03-01-05-02-01-01-17""]","[""data/processed/audio/train/17_03-01-05-01-01-02-17_win0.wav"", ""data/processed/audio/train/17_03-01-05-01-02-01-17_win0.wav"", ""data/processed/audio/train/17_03-01-05-01-02-02-17_win0.wav"", ""data/processed/audio/train/17_03-01-05-02-01-01-17_win0.wav""]","[1, 1, 1, 1]",1,0,train
seq_000373,17,30,"[""17_03-01-05-01-02-01-17"", ""17_03-01-05-01-02-02-17"", ""17_03-01-05-02-01-01-17"", ""17_03-01-05-02-01-02-17""]","[""data/processed/audio/train/17_03-01-05-01-02-01-17_win0.wav"", ""data/processed/audio/train/17_03-01-05-01-02-02-17_win0.wav"", ""data/processed/audio/train/17_03-01-05-02-01-01-17_win0.wav"", ""data/processed/audio/train/17_03-01-05-02-01-02-17_win0.wav""]","[1, 1, 1, 1]",1,0,train
seq_000374,17,31,"[""17_03-01-05-01-02-02-17"", ""17_03-01-05-02-01-01-17"", ""17_03-01-05-02-01-02-17"", ""17_03-01-05-02-02-01-17""]","[""data/processed/audio/train/17_03-01-05-01-02-02-17_win0.wav"", ""data/processed/audio/train/17_03-01-05-02-01-01-17_win0.wav"", ""data/processed/audio/train/17_03-01-05-02-01-02-17_win0.wav"", ""data/processed/audio/train/17_03-01-05-02-02-01-17_win0.wav""]","[1, 1, 1, 1]",1,0,train
seq_000375,17,32,"[""17_03-01-05-02-01-01-17"", ""17_03-01-05-02-01-02-17"", ""17_03-01-05-02-02-01-17"", ""17_03-01-05-02-02-02-17""]","[""data/processed/audio/train/17_03-01-05-02-01-01-17_win0.wav"", ""data/processed/audio/train/17_03-01-05-02-01-02-17_win0.wav"", ""data/processed/audio/train/17_03-01-05-02-02-01-17_win0.wav"", ""data/processed/audio/train/17_03-01-05-02-02-02-17_win0.wav""]","[1, 1, 1, 1]",1,0,train
seq_000376,17,33,"[""17_03-01-05-02-01-02-17"", ""17_03-01-05-02-02-01-17"", ""17_03-01-05-02-02-02-17"", ""17_03-01-06-01-01-01-17""]","[""data/processed/audio/train/17_03-01-05-02-01-02-17_win0.wav"", ""data/processed/audio/train/17_03-01-05-02-02-01-17_win0.wav"", ""data/processed/audio/train/17_03-01-05-02-02-02-17_win0.wav"", ""data/processed/audio/train/17_03-01-06-01-01-01-17_win0.wav""]","[1, 1, 1, 1]",1,0,train
seq_000377,17,34,"[""17_03-01-05-02-02-01-17"", ""17_03-01-05-02-02-02-17"", ""17_03-01-06-01-01-01-17"", ""17_03-01-06-01-01-02-17""]","[""data/processed/audio/train/17_03-01-05-02-02-01-17_win0.wav"", ""data/processed/audio/train/17_03-01-05-02-02-02-17_win0.wav"", ""data/processed/audio/train/17_03-01-06-01-01-01-17_win0.wav"", ""data/processed/audio/train/17_03-01-06-01-01-02-17_win0.wav""]","[1, 1, 1, 1]",1,0,train
seq_000378,17,35,"[""17_03-01-05-02-02-02-17"", ""17_03-01-06-01-01-01-17"", ""17_03-01-06-01-01-02-17"", ""17_03-01-06-01-02-01-17""]","[""data/processed/audio/train/17_03-01-05-02-02-02-17_win0.wav"", ""data/processed/audio/train/17_03-01-06-01-01-01-17_win0.wav"", ""data/processed/audio/train/17_03-01-06-01-01-02-17_win0.wav"", ""data/processed/audio/train/17_03-01-06-01-02-01-17_win0.wav""]","[1, 1, 1, 1]",1,0,train
seq_000379,17,36,"[""17_03-01-06-01-01-01-17"", ""17_03-01-06-01-01-02-17"", ""17_03-01-06-01-02-01-17"", ""17_03-01-06-01-02-02-17""]","[""data/processed/audio/train/17_03-01-06-01-01-01-17_win0.wav"", ""data/processed/audio/train/17_03-01-06-01-01-02-17_win0.wav"", ""data/processed/audio/train/17_03-01-06-01-02-01-17_win0.wav"", ""data/processed/audio/train/17_03-01-06-01-02-02-17_win0.wav""]","[1, 1, 1, 1]",1,0,train
seq_000380,17,37,"[""17_03-01-06-01-01-02-17"", ""17_03-01-06-01-02-01-17"", ""17_03-01-06-01-02-02-17"", ""17_03-01-06-02-01-01-17""]","[""data/processed/audio/train/17_03-01-06-01-01-02-17_win0.wav"", ""data/processed/audio/train/17_03-01-06-01-02-01-17_win0.wav"", ""data/processed/audio/train/17_03-01-06-01-02-02-17_win0.wav"", ""data/processed/audio/train/17_03-01-06-02-01-01-17_win0.wav""]","[1, 1, 1, 1]",1,0,train
seq_000381,17,38,"[""17_03-01-06-01-02-01-17"", ""17_03-01-06-01-02-02-17"", ""17_03-01-06-02-01-01-17"", ""17_03-01-06-02-01-02-17""]","[""data/processed/audio/train/17_03-01-06-01-02-01-17_win0.wav"", ""data/processed/audio/train/17_03-01-06-01-02-02-17_win0.wav"", ""data/processed/audio/train/17_03-01-06-02-01-01-17_win0.wav"", ""data/processed/audio/train/17_03-01-06-02-01-02-17_win0.wav""]","[1, 1, 1, 1]",1,0,train
seq_000382,17,39,"[""17_03-01-06-01-02-02-17"", ""17_03-01-06-02-01-01-17"", ""17_03-01-06-02-01-02-17"", ""17_03-01-06-02-02-01-17""]","[""data/processed/audio/train/17_03-01-06-01-02-02-17_win0.wav"", ""data/processed/audio/train/17_03-01-06-02-01-01-17_win0.wav"", ""data/processed/audio/train/17_03-01-06-02-01-02-17_win0.wav"", ""data/processed/audio/train/17_03-01-06-02-02-01-17_win0.wav""]","[1, 1, 1, 1]",1,0,train
seq_000383,17,40,"[""17_03-01-06-02-01-01-17"", ""17_03-01-06-02-01-02-17"", ""17_03-01-06-02-02-01-17"", ""17_03-01-06-02-02-02-17""]","[""data/processed/audio/train/17_03-01-06-02-01-01-17_win0.wav"", ""data/processed/audio/train/17_03-01-06-02-01-02-17_win0.wav"", ""data/processed/audio/train/17_03-01-06-02-02-01-17_win0.wav"", ""data/processed/audio/train/17_03-01-06-02-02-02-17_win0.wav""]","[1, 1, 1, 1]",1,0,train
seq_000384,17,41,"[""17_03-01-06-02-01-02-17"", ""17_03-01-06-02-02-01-17"", ""17_03-01-06-02-02-02-17"", ""17_03-01-07-01-01-01-17""]","[""data/processed/audio/train/17_03-01-06-02-01-02-17_win0.wav"", ""data/processed/audio/train/17_03-01-06-02-02-01-17_win0.wav"", ""data/processed/audio/train/17_03-01-06-02-02-02-17_win0.wav"", ""data/processed/audio/train/17_03-01-07-01-01-01-17_win0.wav""]","[1, 1, 1, 1]",1,0,train
seq_000385,17,42,"[""17_03-01-06-02-02-01-17"", ""17_03-01-06-02-02-02-17"", ""17_03-01-07-01-01-01-17"", ""17_03-01-07-01-01-02-17""]","[""data/processed/audio/train/17_03-01-06-02-02-01-17_win0.wav"", ""data/processed/audio/train/17_03-01-06-02-02-02-17_win0.wav"", ""data/processed/audio/train/17_03-01-07-01-01-01-17_win0.wav"", ""data/processed/audio/train/17_03-01-07-01-01-02-17_win0.wav""]","[1, 1, 1, 1]",1,0,train
seq_000386,17,43,"[""17_03-01-06-02-02-02-17"", ""17_03-01-07-01-01-01-17"", ""17_03-01-07-01-01-02-17"", ""17_03-01-07-01-02-01-17""]","[""data/processed/audio/train/17_03-01-06-02-02-02-17_win0.wav"", ""data/processed/audio/train/17_03-01-07-01-01-01-17_win0.wav"", ""data/processed/audio/train/17_03-01-07-01-01-02-17_win0.wav"", ""data/processed/audio/train/17_03-01-07-01-02-01-17_win0.wav""]","[1, 1, 1, 1]",1,0,train
seq_000387,17,44,"[""17_03-01-07-01-01-01-17"", ""17_03-01-07-01-01-02-17"", ""17_03-01-07-01-02-01-17"", ""17_03-01-07-01-02-02-17""]","[""data/processed/audio/train/17_03-01-07-01-01-01-17_win0.wav"", ""data/processed/audio/train/17_03-01-07-01-01-02-17_win0.wav"", ""data/processed/audio/train/17_03-01-07-01-02-01-17_win0.wav"", ""data/processed/audio/train/17_03-01-07-01-02-02-17_win0.wav""]","[1, 1, 1, 1]",1,0,train
seq_000388,17,45,"[""17_03-01-07-01-01-02-17"", ""17_03-01-07-01-02-01-17"", ""17_03-01-07-01-02-02-17"", ""17_03-01-07-02-01-01-17""]","[""data/processed/audio/train/17_03-01-07-01-01-02-17_win0.wav"", ""data/processed/audio/train/17_03-01-07-01-02-01-17_win0.wav"", ""data/processed/audio/train/17_03-01-07-01-02-02-17_win0.wav"", ""data/processed/audio/train/17_03-01-07-02-01-01-17_win0.wav""]","[1, 1, 1, 1]",1,0,train
seq_000389,17,46,"[""17_03-01-07-01-02-01-17"", ""17_03-01-07-01-02-02-17"", ""17_03-01-07-02-01-01-17"", ""17_03-01-07-02-01-02-17""]","[""data/processed/audio/train/17_03-01-07-01-02-01-17_win0.wav"", ""data/processed/audio/train/17_03-01-07-01-02-02-17_win0.wav"", ""data/processed/audio/train/17_03-01-07-02-01-01-17_win0.wav"", ""data/processed/audio/train/17_03-01-07-02-01-02-17_win0.wav""]","[1, 1, 1, 1]",1,0,train
seq_000390,17,47,"[""17_03-01-07-01-02-02-17"", ""17_03-01-07-02-01-01-17"", ""17_03-01-07-02-01-02-17"", ""17_03-01-07-02-02-01-17""]","[""data/processed/audio/train/17_03-01-07-01-02-02-17_win0.wav"", ""data/processed/audio/train/17_03-01-07-02-01-01-17_win0.wav"", ""data/processed/audio/train/17_03-01-07-02-01-02-17_win0.wav"", ""data/processed/audio/train/17_03-01-07-02-02-01-17_win0.wav""]","[1, 1, 1, 1]",1,0,train
seq_000391,17,48,"[""17_03-01-07-02-01-01-17"", ""17_03-01-07-02-01-02-17"", ""17_03-01-07-02-02-01-17"", ""17_03-01-07-02-02-02-17""]","[""data/processed/audio/train/17_03-01-07-02-01-01-17_win0.wav"", ""data/processed/audio/train/17_03-01-07-02-01-02-17_win0.wav"", ""data/processed/audio/train/17_03-01-07-02-02-01-17_win0.wav"", ""data/processed/audio/train/17_03-01-07-02-02-02-17_win0.wav""]","[1, 1, 1, 1]",1,0,train
seq_000392,18,0,"[""18_03-01-01-01-01-01-18"", ""18_03-01-01-01-01-02-18"", ""18_03-01-01-01-02-01-18"", ""18_03-01-01-01-02-02-18""]","[""data/processed/audio/train/18_03-01-01-01-01-01-18_win0.wav"", ""data/processed/audio/train/18_03-01-01-01-01-02-18_win0.wav"", ""data/processed/audio/train/18_03-01-01-01-02-01-18_win0.wav"", ""data/processed/audio/train/18_03-01-01-01-02-02-18_win0.wav""]","[0, 0, 0, 0]",0,0,train
seq_000393,18,1,"[""18_03-01-01-01-01-02-18"", ""18_03-01-01-01-02-01-18"", ""18_03-01-01-01-02-02-18"", ""18_03-01-02-01-01-01-18""]","[""data/processed/audio/train/18_03-01-01-01-01-02-18_win0.wav"", ""data/processed/audio/train/18_03-01-01-01-02-01-18_win0.wav"", ""data/processed/audio/train/18_03-01-01-01-02-02-18_win0.wav"", ""data/processed/audio/train/18_03-01-02-01-01-01-18_win0.wav""]","[0, 0, 0, 0]",0,0,train
seq_000394,18,2,"[""18_03-01-01-01-02-01-18"", ""18_03-01-01-01-02-02-18"", ""18_03-01-02-01-01-01-18"", ""18_03-01-02-01-01-02-18""]","[""data/processed/audio/train/18_03-01-01-01-02-01-18_win0.wav"", ""data/processed/audio/train/18_03-01-01-01-02-02-18_win0.wav"", ""data/processed/audio/train/18_03-01-02-01-01-01-18_win0.wav"", ""data/processed/audio/train/18_03-01-02-01-01-02-18_win0.wav""]","[0, 0, 0, 0]",0,0,train
seq_000395,18,3,"[""18_03-01-01-01-02-02-18"", ""18_03-01-02-01-01-01-18"", ""18_03-01-02-01-01-02-18"", ""18_03-01-02-01-02-01-18""]","[""data/processed/audio/train/18_03-01-01-01-02-02-18_win0.wav"", ""data/processed/audio/train/18_03-01-02-01-01-01-18_win0.wav"", ""data/processed/audio/train/18_03-01-02-01-01-02-18_win0.wav"", ""data/processed/audio/train/18_03-01-02-01-02-01-18_win0.wav""]","[0, 0, 0, 0]",0,0,train
seq_000396,18,4,"[""18_03-01-02-01-01-01-18"", ""18_03-01-02-01-01-02-18"", ""18_03-01-02-01-02-01-18"", ""18_03-01-02-01-02-02-18""]","[""data/processed/audio/train/18_03-01-02-01-01-01-18_win0.wav"", ""data/processed/audio/train/18_03-01-02-01-01-02-18_win0.wav"", ""data/processed/audio/train/18_03-01-02-01-02-01-18_win0.wav"", ""data/processed/audio/train/18_03-01-02-01-02-02-18_win0.wav""]","[0, 0, 0, 0]",0,0,train
seq_000397,18,5,"[""18_03-01-02-01-01-02-18"", ""18_03-01-02-01-02-01-18"", ""18_03-01-02-01-02-02-18"", ""18_03-01-02-02-01-01-18""]","[""data/processed/audio/train/18_03-01-02-01-01-02-18_win0.wav"", ""data/processed/audio/train/18_03-01-02-01-02-01-18_win0.wav"", ""data/processed/audio/train/18_03-01-02-01-02-02-18_win0.wav"", ""data/processed/audio/train/18_03-01-02-02-01-01-18_win0.wav""]","[0, 0, 0, 0]",0,0,train
seq_000398,18,6,"[""18_03-01-02-01-02-01-18"", ""18_03-01-02-01-02-02-18"", ""18_03-01-02-02-01-01-18"", ""18_03-01-02-02-01-02-18""]","[""data/processed/audio/train/18_03-01-02-01-02-01-18_win0.wav"", ""data/processed/audio/train/18_03-01-02-01-02-02-18_win0.wav"", ""data/processed/audio/train/18_03-01-02-02-01-01-18_win0.wav"", ""data/processed/audio/train/18_03-01-02-02-01-02-18_win0.wav""]","[0, 0, 0, 0]",0,0,train
seq_000399,18,7,"[""18_03-01-02-01-02-02-18"", ""18_03-01-02-02-01-01-18"", ""18_03-01-02-02-01-02-18"", ""18_03-01-02-02-02-01-18""]","[""data/processed/audio/train/18_03-01-02-01-02-02-18_win0.wav"", ""data/processed/audio/train/18_03-01-02-02-01-01-18_win0.wav"", ""data/processed/audio/train/18_03-01-02-02-01-02-18_win0.wav"", ""data/processed/audio/train/18_03-01-02-02-02-01-18_win0.wav""]","[0, 0, 0, 0]",0,0,train
seq_000400,18,8,"[""18_03-01-02-02-01-01-18"", ""18_03-01-02-02-01-02-18"", ""18_03-01-02-02-02-01-18"", ""18_03-01-02-02-02-02-18""]","[""data/processed/audio/train/18_03-01-02-02-01-01-18_win0.wav"", ""data/processed/audio/train/18_03-01-02-02-01-02-18_win0.wav"", ""data/processed/audio/train/18_03-01-02-02-02-01-18_win0.wav"", ""data/processed/audio/train/18_03-01-02-02-02-02-18_win0.wav""]","[0, 0, 0, 0]",0,0,train
seq_000401,18,9,"[""18_03-01-02-02-01-02-18"", ""18_03-01-02-02-02-01-18"", ""18_03-01-02-02-02-02-18"", ""18_03-01-03-01-01-01-18""]","[""data/processed/audio/train/18_03-01-02-02-01-02-18_win0.wav"", ""data/processed/audio/train/18_03-01-02-02-02-01-18_win0.wav"", ""data/processed/audio/train/18_03-01-02-02-02-02-18_win0.wav"", ""data/processed/audio/train/18_03-01-03-01-01-01-18_win0.wav""]","[0, 0, 0, 0]",0,0,train
seq_000402,18,10,"[""18_03-01-02-02-02-01-18"", ""18_03-01-02-02-02-02-18"", ""18_03-01-03-01-01-01-18"", ""18_03-01-03-01-01-02-18""]","[""data/processed/audio/train/18_03-01-02-02-02-01-18_win0.wav"", ""data/processed/audio/train/18_03-01-02-02-02-02-18_win0.wav"", ""data/processed/audio/train/18_03-01-03-01-01-01-18_win0.wav"", ""data/processed/audio/train/18_03-01-03-01-01-02-18_win0.wav""]","[0, 0, 0, 0]",0,0,train
seq_000403,18,11,"[""18_03-01-02-02-02-02-18"", ""18_03-01-03-01-01-01-18"", ""18_03-01-03-01-01-02-18"", ""18_03-01-03-01-02-01-18""]","[""data/processed/audio/train/18_03-01-02-02-02-02-18_win0.wav"", ""data/processed/audio/train/18_03-01-03-01-01-01-18_win0.wav"", ""data/processed/audio/train/18_03-01-03-01-01-02-18_win0.wav"", ""data/processed/audio/train/18_03-01-03-01-02-01-18_win0.wav""]","[0, 0, 0, 0]",0,0,train
seq_000404,18,12,"[""18_03-01-03-01-01-01-18"", ""18_03-01-03-01-01-02-18"", ""18_03-01-03-01-02-01-18"", ""18_03-01-03-01-02-02-18""]","[""data/processed/audio/train/18_03-01-03-01-01-01-18_win0.wav"", ""data/processed/audio/train/18_03-01-03-01-01-02-18_win0.wav"", ""data/processed/audio/train/18_03-01-03-01-02-01-18_win0.wav"", ""data/processed/audio/train/18_03-01-03-01-02-02-18_win0.wav""]","[0, 0, 0, 0]",0,0,train
seq_000405,18,13,"[""18_03-01-03-01-01-02-18"", ""18_03-01-03-01-02-01-18"", ""18_03-01-03-01-02-02-18"", ""18_03-01-03-02-01-01-18""]","[""data/processed/audio/train/18_03-01-03-01-01-02-18_win0.wav"", ""data/processed/audio/train/18_03-01-03-01-02-01-18_win0.wav"", ""data/processed/audio/train/18_03-01-03-01-02-02-18_win0.wav"", ""data/processed/audio/train/18_03-01-03-02-01-01-18_win0.wav""]","[0, 0, 0, 0]",0,0,train
seq_000406,18,14,"[""18_03-01-03-01-02-01-18"", ""18_03-01-03-01-02-02-18"", ""18_03-01-03-02-01-01-18"", ""18_03-01-03-02-01-02-18""]","[""data/processed/audio/train/18_03-01-03-01-02-01-18_win0.wav"", ""data/processed/audio/train/18_03-01-03-01-02-02-18_win0.wav"", ""data/processed/audio/train/18_03-01-03-02-01-01-18_win0.wav"", ""data/processed/audio/train/18_03-01-03-02-01-02-18_win0.wav""]","[0, 0, 0, 0]",0,0,train
seq_000407,18,15,"[""18_03-01-03-01-02-02-18"", ""18_03-01-03-02-01-01-18"", ""18_03-01-03-02-01-02-18"", ""18_03-01-03-02-02-01-18""]","[""data/processed/audio/train/18_03-01-03-01-02-02-18_win0.wav"", ""data/processed/audio/train/18_03-01-03-02-01-01-18_win0.wav"", ""data/processed/audio/train/18_03-01-03-02-01-02-18_win0.wav"", ""data/processed/audio/train/18_03-01-03-02-02-01-18_win0.wav""]","[0, 0, 0, 0]",0,0,train
seq_000408,18,16,"[""18_03-01-03-02-01-01-18"", ""18_03-01-03-02-01-02-18"", ""18_03-01-03-02-02-01-18"", ""18_03-01-03-02-02-02-18""]","[""data/processed/audio/train/18_03-01-03-02-01-01-18_win0.wav"", ""data/processed/audio/train/18_03-01-03-02-01-02-18_win0.wav"", ""data/processed/audio/train/18_03-01-03-02-02-01-18_win0.wav"", ""data/processed/audio/train/18_03-01-03-02-02-02-18_win0.wav""]","[0, 0, 0, 0]",0,0,train
seq_000409,18,17,"[""18_03-01-03-02-01-02-18"", ""18_03-01-03-02-02-01-18"", ""18_03-01-03-02-02-02-18"", ""18_03-01-04-01-01-01-18""]","[""data/processed/audio/train/18_03-01-03-02-01-02-18_win0.wav"", ""data/processed/audio/train/18_03-01-03-02-02-01-18_win0.wav"", ""data/processed/audio/train/18_03-01-03-02-02-02-18_win0.wav"", ""data/processed/audio/train/18_03-01-04-01-01-01-18_win0.wav""]","[0, 0, 0, 0]",0,0,train
seq_000410,18,18,"[""18_03-01-03-02-02-01-18"", ""18_03-01-03-02-02-02-18"", ""18_03-01-04-01-01-01-18"", ""18_03-01-04-01-01-02-18""]","[""data/processed/audio/train/18_03-01-03-02-02-01-18_win0.wav"", ""data/processed/audio/train/18_03-01-03-02-02-02-18_win0.wav"", ""data/processed/audio/train/18_03-01-04-01-01-01-18_win0.wav"", ""data/processed/audio/train/18_03-01-04-01-01-02-18_win0.wav""]","[0, 0, 0, 0]",0,0,train
seq_000411,18,19,"[""18_03-01-03-02-02-02-18"", ""18_03-01-04-01-01-01-18"", ""18_03-01-04-01-01-02-18"", ""18_03-01-04-01-02-01-18""]","[""data/processed/audio/train/18_03-01-03-02-02-02-18_win0.wav"", ""data/processed/audio/train/18_03-01-04-01-01-01-18_win0.wav"", ""data/processed/audio/train/18_03-01-04-01-01-02-18_win0.wav"", ""data/processed/audio/train/18_03-01-04-01-02-01-18_win0.wav""]","[0, 0, 0, 0]",0,0,train
seq_000412,18,20,"[""18_03-01-04-01-01-01-18"", ""18_03-01-04-01-01-02-18"", ""18_03-01-04-01-02-01-18"", ""18_03-01-04-01-02-02-18""]","[""data/processed/audio/train/18_03-01-04-01-01-01-18_win0.wav"", ""data/processed/audio/train/18_03-01-04-01-01-02-18_win0.wav"", ""data/processed/audio/train/18_03-01-04-01-02-01-18_win0.wav"", ""data/processed/audio/train/18_03-01-04-01-02-02-18_win0.wav""]","[0, 0, 0, 0]",0,0,train
seq_000413,18,21,"[""18_03-01-04-01-01-02-18"", ""18_03-01-04-01-02-01-18"", ""18_03-01-04-01-02-02-18"", ""18_03-01-04-02-01-01-18""]","[""data/processed/audio/train/18_03-01-04-01-01-02-18_win0.wav"", ""data/processed/audio/train/18_03-01-04-01-02-01-18_win0.wav"", ""data/processed/audio/train/18_03-01-04-01-02-02-18_win0.wav"", ""data/processed/audio/train/18_03-01-04-02-01-01-18_win0.wav""]","[0, 0, 0, 0]",0,0,train
seq_000414,18,22,"[""18_03-01-04-01-02-01-18"", ""18_03-01-04-01-02-02-18"", ""18_03-01-04-02-01-01-18"", ""18_03-01-04-02-01-02-18""]","[""data/processed/audio/train/18_03-01-04-01-02-01-18_win0.wav"", ""data/processed/audio/train/18_03-01-04-01-02-02-18_win0.wav"", ""data/processed/audio/train/18_03-01-04-02-01-01-18_win0.wav"", ""data/processed/audio/train/18_03-01-04-02-01-02-18_win0.wav""]","[0, 0, 0, 0]",0,0,train
seq_000415,18,23,"[""18_03-01-04-01-02-02-18"", ""18_03-01-04-02-01-01-18"", ""18_03-01-04-02-01-02-18"", ""18_03-01-04-02-02-01-18""]","[""data/processed/audio/train/18_03-01-04-01-02-02-18_win0.wav"", ""data/processed/audio/train/18_03-01-04-02-01-01-18_win0.wav"", ""data/processed/audio/train/18_03-01-04-02-01-02-18_win0.wav"", ""data/processed/audio/train/18_03-01-04-02-02-01-18_win0.wav""]","[0, 0, 0, 0]",0,0,train
seq_000416,18,24,"[""18_03-01-04-02-01-01-18"", ""18_03-01-04-02-01-02-18"", ""18_03-01-04-02-02-01-18"", ""18_03-01-04-02-02-02-18""]","[""data/processed/audio/train/18_03-01-04-02-01-01-18_win0.wav"", ""data/processed/audio/train/18_03-01-04-02-01-02-18_win0.wav"", ""data/processed/audio/train/18_03-01-04-02-02-01-18_win0.wav"", ""data/processed/audio/train/18_03-01-04-02-02-02-18_win0.wav""]","[0, 0, 0, 0]",0,0,train
seq_000417,18,25,"[""18_03-01-04-02-01-02-18"", ""18_03-01-04-02-02-01-18"", ""18_03-01-04-02-02-02-18"", ""18_03-01-05-01-01-01-18""]","[""data/processed/audio/train/18_03-01-04-02-01-02-18_win0.wav"", ""data/processed/audio/train/18_03-01-04-02-02-01-18_win0.wav"", ""data/processed/audio/train/18_03-01-04-02-02-02-18_win0.wav"", ""data/processed/audio/train/18_03-01-05-01-01-01-18_win0.wav""]","[0, 0, 0, 1]",1,0,train
seq_000418,18,26,"[""18_03-01-04-02-02-01-18"", ""18_03-01-04-02-02-02-18"", ""18_03-01-05-01-01-01-18"", ""18_03-01-05-01-01-02-18""]","[""data/processed/audio/train/18_03-01-04-02-02-01-18_win0.wav"", ""data/processed/audio/train/18_03-01-04-02-02-02-18_win0.wav"", ""data/processed/audio/train/18_03-01-05-01-01-01-18_win0.wav"", ""data/processed/audio/train/18_03-01-05-01-01-02-18_win0.wav""]","[0, 0, 1, 1]",1,1,train
seq_000419,18,27,"[""18_03-01-04-02-02-02-18"", ""18_03-01-05-01-01-01-18"", ""18_03-01-05-01-01-02-18"", ""18_03-01-05-01-02-01-18""]","[""data/processed/audio/train/18_03-01-04-02-02-02-18_win0.wav"", ""data/processed/audio/train/18_03-01-05-01-01-01-18_win0.wav"", ""data/processed/audio/train/18_03-01-05-01-01-02-18_win0.wav"", ""data/processed/audio/train/18_03-01-05-01-02-01-18_win0.wav""]","[0, 1, 1, 1]",1,1,train
seq_000420,18,28,"[""18_03-01-05-01-01-01-18"", ""18_03-01-05-01-01-02-18"", ""18_03-01-05-01-02-01-18"", ""18_03-01-05-01-02-02-18""]","[""data/processed/audio/train/18_03-01-05-01-01-01-18_win0.wav"", ""data/processed/audio/train/18_03-01-05-01-01-02-18_win0.wav"", ""data/processed/audio/train/18_03-01-05-01-02-01-18_win0.wav"", ""data/processed/audio/train/18_03-01-05-01-02-02-18_win0.wav""]","[1, 1, 1, 1]",1,0,train
seq_000421,18,29,"[""18_03-01-05-01-01-02-18"", ""18_03-01-05-01-02-01-18"", ""18_03-01-05-01-02-02-18"", ""18_03-01-05-02-01-01-18""]","[""data/processed/audio/train/18_03-01-05-01-01-02-18_win0.wav"", ""data/processed/audio/train/18_03-01-05-01-02-01-18_win0.wav"", ""data/processed/audio/train/18_03-01-05-01-02-02-18_win0.wav"", ""data/processed/audio/train/18_03-01-05-02-01-01-18_win0.wav""]","[1, 1, 1, 1]",1,0,train
seq_000422,18,30,"[""18_03-01-05-01-02-01-18"", ""18_03-01-05-01-02-02-18"", ""18_03-01-05-02-01-01-18"", ""18_03-01-05-02-01-02-18""]","[""data/processed/audio/train/18_03-01-05-01-02-01-18_win0.wav"", ""data/processed/audio/train/18_03-01-05-01-02-02-18_win0.wav"", ""data/processed/audio/train/18_03-01-05-02-01-01-18_win0.wav"", ""data/processed/audio/train/18_03-01-05-02-01-02-18_win0.wav""]","[1, 1, 1, 1]",1,0,train
seq_000423,18,31,"[""18_03-01-05-01-02-02-18"", ""18_03-01-05-02-01-01-18"", ""18_03-01-05-02-01-02-18"", ""18_03-01-05-02-02-01-18""]","[""data/processed/audio/train/18_03-01-05-01-02-02-18_win0.wav"", ""data/processed/audio/train/18_03-01-05-02-01-01-18_win0.wav"", ""data/processed/audio/train/18_03-01-05-02-01-02-18_win0.wav"", ""data/processed/audio/train/18_03-01-05-02-02-01-18_win0.wav""]","[1, 1, 1, 1]",1,0,train
seq_000424,18,32,"[""18_03-01-05-02-01-01-18"", ""18_03-01-05-02-01-02-18"", ""18_03-01-05-02-02-01-18"", ""18_03-01-05-02-02-02-18""]","[""data/processed/audio/train/18_03-01-05-02-01-01-18_win0.wav"", ""data/processed/audio/train/18_03-01-05-02-01-02-18_win0.wav"", ""data/processed/audio/train/18_03-01-05-02-02-01-18_win0.wav"", ""data/processed/audio/train/18_03-01-05-02-02-02-18_win0.wav""]","[1, 1, 1, 1]",1,0,train
seq_000425,18,33,"[""18_03-01-05-02-01-02-18"", ""18_03-01-05-02-02-01-18"", ""18_03-01-05-02-02-02-18"", ""18_03-01-06-01-01-01-18""]","[""data/processed/audio/train/18_03-01-05-02-01-02-18_win0.wav"", ""data/processed/audio/train/18_03-01-05-02-02-01-18_win0.wav"", ""data/processed/audio/train/18_03-01-05-02-02-02-18_win0.wav"", ""data/processed/audio/train/18_03-01-06-01-01-01-18_win0.wav""]","[1, 1, 1, 1]",1,0,train
seq_000426,18,34,"[""18_03-01-05-02-02-01-18"", ""18_03-01-05-02-02-02-18"", ""18_03-01-06-01-01-01-18"", ""18_03-01-06-01-01-02-18""]","[""data/processed/audio/train/18_03-01-05-02-02-01-18_win0.wav"", ""data/processed/audio/train/18_03-01-05-02-02-02-18_win0.wav"", ""data/processed/audio/train/18_03-01-06-01-01-01-18_win0.wav"", ""data/processed/audio/train/18_03-01-06-01-01-02-18_win0.wav""]","[1, 1, 1, 1]",1,0,train
seq_000427,18,35,"[""18_03-01-05-02-02-02-18"", ""18_03-01-06-01-01-01-18"", ""18_03-01-06-01-01-02-18"", ""18_03-01-06-01-02-01-18""]","[""data/processed/audio/train/18_03-01-05-02-02-02-18_win0.wav"", ""data/processed/audio/train/18_03-01-06-01-01-01-18_win0.wav"", ""data/processed/audio/train/18_03-01-06-01-01-02-18_win0.wav"", ""data/processed/audio/train/18_03-01-06-01-02-01-18_win0.wav""]","[1, 1, 1, 1]",1,0,train
seq_000428,18,36,"[""18_03-01-06-01-01-01-18"", ""18_03-01-06-01-01-02-18"", ""18_03-01-06-01-02-01-18"", ""18_03-01-06-01-02-02-18""]","[""data/processed/audio/train/18_03-01-06-01-01-01-18_win0.wav"", ""data/processed/audio/train/18_03-01-06-01-01-02-18_win0.wav"", ""data/processed/audio/train/18_03-01-06-01-02-01-18_win0.wav"", ""data/processed/audio/train/18_03-01-06-01-02-02-18_win0.wav""]","[1, 1, 1, 1]",1,0,train
seq_000429,18,37,"[""18_03-01-06-01-01-02-18"", ""18_03-01-06-01-02-01-18"", ""18_03-01-06-01-02-02-18"", ""18_03-01-06-02-01-01-18""]","[""data/processed/audio/train/18_03-01-06-01-01-02-18_win0.wav"", ""data/processed/audio/train/18_03-01-06-01-02-01-18_win0.wav"", ""data/processed/audio/train/18_03-01-06-01-02-02-18_win0.wav"", ""data/processed/audio/train/18_03-01-06-02-01-01-18_win0.wav""]","[1, 1, 1, 1]",1,0,train
seq_000430,18,38,"[""18_03-01-06-01-02-01-18"", ""18_03-01-06-01-02-02-18"", ""18_03-01-06-02-01-01-18"", ""18_03-01-06-02-01-02-18""]","[""data/processed/audio/train/18_03-01-06-01-02-01-18_win0.wav"", ""data/processed/audio/train/18_03-01-06-01-02-02-18_win0.wav"", ""data/processed/audio/train/18_03-01-06-02-01-01-18_win0.wav"", ""data/processed/audio/train/18_03-01-06-02-01-02-18_win0.wav""]","[1, 1, 1, 1]",1,0,train
seq_000431,18,39,"[""18_03-01-06-01-02-02-18"", ""18_03-01-06-02-01-01-18"", ""18_03-01-06-02-01-02-18"", ""18_03-01-06-02-02-01-18""]","[""data/processed/audio/train/18_03-01-06-01-02-02-18_win0.wav"", ""data/processed/audio/train/18_03-01-06-02-01-01-18_win0.wav"", ""data/processed/audio/train/18_03-01-06-02-01-02-18_win0.wav"", ""data/processed/audio/train/18_03-01-06-02-02-01-18_win0.wav""]","[1, 1, 1, 1]",1,0,train
seq_000432,18,40,"[""18_03-01-06-02-01-01-18"", ""18_03-01-06-02-01-02-18"", ""18_03-01-06-02-02-01-18"", ""18_03-01-06-02-02-02-18""]","[""data/processed/audio/train/18_03-01-06-02-01-01-18_win0.wav"", ""data/processed/audio/train/18_03-01-06-02-01-02-18_win0.wav"", ""data/processed/audio/train/18_03-01-06-02-02-01-18_win0.wav"", ""data/processed/audio/train/18_03-01-06-02-02-02-18_win0.wav""]","[1, 1, 1, 1]",1,0,train
seq_000433,18,41,"[""18_03-01-06-02-01-02-18"", ""18_03-01-06-02-02-01-18"", ""18_03-01-06-02-02-02-18"", ""18_03-01-07-01-01-01-18""]","[""data/processed/audio/train/18_03-01-06-02-01-02-18_win0.wav"", ""data/processed/audio/train/18_03-01-06-02-02-01-18_win0.wav"", ""data/processed/audio/train/18_03-01-06-02-02-02-18_win0.wav"", ""data/processed/audio/train/18_03-01-07-01-01-01-18_win0.wav""]","[1, 1, 1, 1]",1,0,train
seq_000434,18,42,"[""18_03-01-06-02-02-01-18"", ""18_03-01-06-02-02-02-18"", ""18_03-01-07-01-01-01-18"", ""18_03-01-07-01-01-02-18""]","[""data/processed/audio/train/18_03-01-06-02-02-01-18_win0.wav"", ""data/processed/audio/train/18_03-01-06-02-02-02-18_win0.wav"", ""data/processed/audio/train/18_03-01-07-01-01-01-18_win0.wav"", ""data/processed/audio/train/18_03-01-07-01-01-02-18_win0.wav""]","[1, 1, 1, 1]",1,0,train
seq_000435,18,43,"[""18_03-01-06-02-02-02-18"", ""18_03-01-07-01-01-01-18"", ""18_03-01-07-01-01-02-18"", ""18_03-01-07-01-02-01-18""]","[""data/processed/audio/train/18_03-01-06-02-02-02-18_win0.wav"", ""data/processed/audio/train/18_03-01-07-01-01-01-18_win0.wav"", ""data/processed/audio/train/18_03-01-07-01-01-02-18_win0.wav"", ""data/processed/audio/train/18_03-01-07-01-02-01-18_win0.wav""]","[1, 1, 1, 1]",1,0,train
seq_000436,18,44,"[""18_03-01-07-01-01-01-18"", ""18_03-01-07-01-01-02-18"", ""18_03-01-07-01-02-01-18"", ""18_03-01-07-01-02-02-18""]","[""data/processed/audio/train/18_03-01-07-01-01-01-18_win0.wav"", ""data/processed/audio/train/18_03-01-07-01-01-02-18_win0.wav"", ""data/processed/audio/train/18_03-01-07-01-02-01-18_win0.wav"", ""data/processed/audio/train/18_03-01-07-01-02-02-18_win0.wav""]","[1, 1, 1, 1]",1,0,train
seq_000437,18,45,"[""18_03-01-07-01-01-02-18"", ""18_03-01-07-01-02-01-18"", ""18_03-01-07-01-02-02-18"", ""18_03-01-07-02-01-01-18""]","[""data/processed/audio/train/18_03-01-07-01-01-02-18_win0.wav"", ""data/processed/audio/train/18_03-01-07-01-02-01-18_win0.wav"", ""data/processed/audio/train/18_03-01-07-01-02-02-18_win0.wav"", ""data/processed/audio/train/18_03-01-07-02-01-01-18_win0.wav""]","[1, 1, 1, 1]",1,0,train
seq_000438,18,46,"[""18_03-01-07-01-02-01-18"", ""18_03-01-07-01-02-02-18"", ""18_03-01-07-02-01-01-18"", ""18_03-01-07-02-01-02-18""]","[""data/processed/audio/train/18_03-01-07-01-02-01-18_win0.wav"", ""data/processed/audio/train/18_03-01-07-01-02-02-18_win0.wav"", ""data/processed/audio/train/18_03-01-07-02-01-01-18_win0.wav"", ""data/processed/audio/train/18_03-01-07-02-01-02-18_win0.wav""]","[1, 1, 1, 1]",1,0,train
seq_000439,18,47,"[""18_03-01-07-01-02-02-18"", ""18_03-01-07-02-01-01-18"", ""18_03-01-07-02-01-02-18"", ""18_03-01-07-02-02-01-18""]","[""data/processed/audio/train/18_03-01-07-01-02-02-18_win0.wav"", ""data/processed/audio/train/18_03-01-07-02-01-01-18_win0.wav"", ""data/processed/audio/train/18_03-01-07-02-01-02-18_win0.wav"", ""data/processed/audio/train/18_03-01-07-02-02-01-18_win0.wav""]","[1, 1, 1, 1]",1,0,train
seq_000440,18,48,"[""18_03-01-07-02-01-01-18"", ""18_03-01-07-02-01-02-18"", ""18_03-01-07-02-02-01-18"", ""18_03-01-07-02-02-02-18""]","[""data/processed/audio/train/18_03-01-07-02-01-01-18_win0.wav"", ""data/processed/audio/train/18_03-01-07-02-01-02-18_win0.wav"", ""data/processed/audio/train/18_03-01-07-02-02-01-18_win0.wav"", ""data/processed/audio/train/18_03-01-07-02-02-02-18_win0.wav""]","[1, 1, 1, 1]",1,0,train
seq_000441,19,0,"[""19_03-01-01-01-01-01-19"", ""19_03-01-01-01-01-02-19"", ""19_03-01-01-01-02-01-19"", ""19_03-01-01-01-02-02-19""]","[""data/processed/audio/train/19_03-01-01-01-01-01-19_win0.wav"", ""data/processed/audio/train/19_03-01-01-01-01-02-19_win0.wav"", ""data/processed/audio/train/19_03-01-01-01-02-01-19_win0.wav"", ""data/processed/audio/train/19_03-01-01-01-02-02-19_win0.wav""]","[0, 0, 0, 0]",0,0,train
seq_000442,19,1,"[""19_03-01-01-01-01-02-19"", ""19_03-01-01-01-02-01-19"", ""19_03-01-01-01-02-02-19"", ""19_03-01-02-01-01-01-19""]","[""data/processed/audio/train/19_03-01-01-01-01-02-19_win0.wav"", ""data/processed/audio/train/19_03-01-01-01-02-01-19_win0.wav"", ""data/processed/audio/train/19_03-01-01-01-02-02-19_win0.wav"", ""data/processed/audio/train/19_03-01-02-01-01-01-19_win0.wav""]","[0, 0, 0, 0]",0,0,train
seq_000443,19,2,"[""19_03-01-01-01-02-01-19"", ""19_03-01-01-01-02-02-19"", ""19_03-01-02-01-01-01-19"", ""19_03-01-02-01-01-02-19""]","[""data/processed/audio/train/19_03-01-01-01-02-01-19_win0.wav"", ""data/processed/audio/train/19_03-01-01-01-02-02-19_win0.wav"", ""data/processed/audio/train/19_03-01-02-01-01-01-19_win0.wav"", ""data/processed/audio/train/19_03-01-02-01-01-02-19_win0.wav""]","[0, 0, 0, 0]",0,0,train
seq_000444,19,3,"[""19_03-01-01-01-02-02-19"", ""19_03-01-02-01-01-01-19"", ""19_03-01-02-01-01-02-19"", ""19_03-01-02-01-02-01-19""]","[""data/processed/audio/train/19_03-01-01-01-02-02-19_win0.wav"", ""data/processed/audio/train/19_03-01-02-01-01-01-19_win0.wav"", ""data/processed/audio/train/19_03-01-02-01-01-02-19_win0.wav"", ""data/processed/audio/train/19_03-01-02-01-02-01-19_win0.wav""]","[0, 0, 0, 0]",0,0,train
seq_000445,19,4,"[""19_03-01-02-01-01-01-19"", ""19_03-01-02-01-01-02-19"", ""19_03-01-02-01-02-01-19"", ""19_03-01-02-01-02-02-19""]","[""data/processed/audio/train/19_03-01-02-01-01-01-19_win0.wav"", ""data/processed/audio/train/19_03-01-02-01-01-02-19_win0.wav"", ""data/processed/audio/train/19_03-01-02-01-02-01-19_win0.wav"", ""data/processed/audio/train/19_03-01-02-01-02-02-19_win0.wav""]","[0, 0, 0, 0]",0,0,train
seq_000446,19,5,"[""19_03-01-02-01-01-02-19"", ""19_03-01-02-01-02-01-19"", ""19_03-01-02-01-02-02-19"", ""19_03-01-02-02-01-01-19""]","[""data/processed/audio/train/19_03-01-02-01-01-02-19_win0.wav"", ""data/processed/audio/train/19_03-01-02-01-02-01-19_win0.wav"", ""data/processed/audio/train/19_03-01-02-01-02-02-19_win0.wav"", ""data/processed/audio/train/19_03-01-02-02-01-01-19_win0.wav""]","[0, 0, 0, 0]",0,0,train
seq_000447,19,6,"[""19_03-01-02-01-02-01-19"", ""19_03-01-02-01-02-02-19"", ""19_03-01-02-02-01-01-19"", ""19_03-01-02-02-01-02-19""]","[""data/processed/audio/train/19_03-01-02-01-02-01-19_win0.wav"", ""data/processed/audio/train/19_03-01-02-01-02-02-19_win0.wav"", ""data/processed/audio/train/19_03-01-02-02-01-01-19_win0.wav"", ""data/processed/audio/train/19_03-01-02-02-01-02-19_win0.wav""]","[0, 0, 0, 0]",0,0,train
seq_000448,19,7,"[""19_03-01-02-01-02-02-19"", ""19_03-01-02-02-01-01-19"", ""19_03-01-02-02-01-02-19"", ""19_03-01-02-02-02-01-19""]","[""data/processed/audio/train/19_03-01-02-01-02-02-19_win0.wav"", ""data/processed/audio/train/19_03-01-02-02-01-01-19_win0.wav"", ""data/processed/audio/train/19_03-01-02-02-01-02-19_win0.wav"", ""data/processed/audio/train/19_03-01-02-02-02-01-19_win0.wav""]","[0, 0, 0, 0]",0,0,train
seq_000449,19,8,"[""19_03-01-02-02-01-01-19"", ""19_03-01-02-02-01-02-19"", ""19_03-01-02-02-02-01-19"", ""19_03-01-02-02-02-02-19""]","[""data/processed/audio/train/19_03-01-02-02-01-01-19_win0.wav"", ""data/processed/audio/train/19_03-01-02-02-01-02-19_win0.wav"", ""data/processed/audio/train/19_03-01-02-02-02-01-19_win0.wav"", ""data/processed/audio/train/19_03-01-02-02-02-02-19_win0.wav""]","[0, 0, 0, 0]",0,0,train
seq_000450,19,9,"[""19_03-01-02-02-01-02-19"", ""19_03-01-02-02-02-01-19"", ""19_03-01-02-02-02-02-19"", ""19_03-01-03-01-01-01-19""]","[""data/processed/audio/train/19_03-01-02-02-01-02-19_win0.wav"", ""data/processed/audio/train/19_03-01-02-02-02-01-19_win0.wav"", ""data/processed/audio/train/19_03-01-02-02-02-02-19_win0.wav"", ""data/processed/audio/train/19_03-01-03-01-01-01-19_win0.wav""]","[0, 0, 0, 0]",0,0,train
seq_000451,19,10,"[""19_03-01-02-02-02-01-19"", ""19_03-01-02-02-02-02-19"", ""19_03-01-03-01-01-01-19"", ""19_03-01-03-01-01-02-19""]","[""data/processed/audio/train/19_03-01-02-02-02-01-19_win0.wav"", ""data/processed/audio/train/19_03-01-02-02-02-02-19_win0.wav"", ""data/processed/audio/train/19_03-01-03-01-01-01-19_win0.wav"", ""data/processed/audio/train/19_03-01-03-01-01-02-19_win0.wav""]","[0, 0, 0, 0]",0,0,train
seq_000452,19,11,"[""19_03-01-02-02-02-02-19"", ""19_03-01-03-01-01-01-19"", ""19_03-01-03-01-01-02-19"", ""19_03-01-03-01-02-01-19""]","[""data/processed/audio/train/19_03-01-02-02-02-02-19_win0.wav"", ""data/processed/audio/train/19_03-01-03-01-01-01-19_win0.wav"", ""data/processed/audio/train/19_03-01-03-01-01-02-19_win0.wav"", ""data/processed/audio/train/19_03-01-03-01-02-01-19_win0.wav""]","[0, 0, 0, 0]",0,0,train
seq_000453,19,12,"[""19_03-01-03-01-01-01-19"", ""19_03-01-03-01-01-02-19"", ""19_03-01-03-01-02-01-19"", ""19_03-01-03-01-02-02-19""]","[""data/processed/audio/train/19_03-01-03-01-01-01-19_win0.wav"", ""data/processed/audio/train/19_03-01-03-01-01-02-19_win0.wav"", ""data/processed/audio/train/19_03-01-03-01-02-01-19_win0.wav"", ""data/processed/audio/train/19_03-01-03-01-02-02-19_win0.wav""]","[0, 0, 0, 0]",0,0,train
seq_000454,19,13,"[""19_03-01-03-01-01-02-19"", ""19_03-01-03-01-02-01-19"", ""19_03-01-03-01-02-02-19"", ""19_03-01-03-02-01-01-19""]","[""data/processed/audio/train/19_03-01-03-01-01-02-19_win0.wav"", ""data/processed/audio/train/19_03-01-03-01-02-01-19_win0.wav"", ""data/processed/audio/train/19_03-01-03-01-02-02-19_win0.wav"", ""data/processed/audio/train/19_03-01-03-02-01-01-19_win0.wav""]","[0, 0, 0, 0]",0,0,train
seq_000455,19,14,"[""19_03-01-03-01-02-01-19"", ""19_03-01-03-01-02-02-19"", ""19_03-01-03-02-01-01-19"", ""19_03-01-03-02-01-02-19""]","[""data/processed/audio/train/19_03-01-03-01-02-01-19_win0.wav"", ""data/processed/audio/train/19_03-01-03-01-02-02-19_win0.wav"", ""data/processed/audio/train/19_03-01-03-02-01-01-19_win0.wav"", ""data/processed/audio/train/19_03-01-03-02-01-02-19_win0.wav""]","[0, 0, 0, 0]",0,0,train
seq_000456,19,15,"[""19_03-01-03-01-02-02-19"", ""19_03-01-03-02-01-01-19"", ""19_03-01-03-02-01-02-19"", ""19_03-01-03-02-02-01-19""]","[""data/processed/audio/train/19_03-01-03-01-02-02-19_win0.wav"", ""data/processed/audio/train/19_03-01-03-02-01-01-19_win0.wav"", ""data/processed/audio/train/19_03-01-03-02-01-02-19_win0.wav"", ""data/processed/audio/train/19_03-01-03-02-02-01-19_win0.wav""]","[0, 0, 0, 0]",0,0,train
seq_000457,19,16,"[""19_03-01-03-02-01-01-19"", ""19_03-01-03-02-01-02-19"", ""19_03-01-03-02-02-01-19"", ""19_03-01-03-02-02-02-19""]","[""data/processed/audio/train/19_03-01-03-02-01-01-19_win0.wav"", ""data/processed/audio/train/19_03-01-03-02-01-02-19_win0.wav"", ""data/processed/audio/train/19_03-01-03-02-02-01-19_win0.wav"", ""data/processed/audio/train/19_03-01-03-02-02-02-19_win0.wav""]","[0, 0, 0, 0]",0,0,train
seq_000458,19,17,"[""19_03-01-03-02-01-02-19"", ""19_03-01-03-02-02-01-19"", ""19_03-01-03-02-02-02-19"", ""19_03-01-04-01-01-01-19""]","[""data/processed/audio/train/19_03-01-03-02-01-02-19_win0.wav"", ""data/processed/audio/train/19_03-01-03-02-02-01-19_win0.wav"", ""data/processed/audio/train/19_03-01-03-02-02-02-19_win0.wav"", ""data/processed/audio/train/19_03-01-04-01-01-01-19_win0.wav""]","[0, 0, 0, 0]",0,0,train
seq_000459,19,18,"[""19_03-01-03-02-02-01-19"", ""19_03-01-03-02-02-02-19"", ""19_03-01-04-01-01-01-19"", ""19_03-01-04-01-01-02-19""]","[""data/processed/audio/train/19_03-01-03-02-02-01-19_win0.wav"", ""data/processed/audio/train/19_03-01-03-02-02-02-19_win0.wav"", ""data/processed/audio/train/19_03-01-04-01-01-01-19_win0.wav"", ""data/processed/audio/train/19_03-01-04-01-01-02-19_win0.wav""]","[0, 0, 0, 0]",0,0,train
seq_000460,19,19,"[""19_03-01-03-02-02-02-19"", ""19_03-01-04-01-01-01-19"", ""19_03-01-04-01-01-02-19"", ""19_03-01-04-01-02-01-19""]","[""data/processed/audio/train/19_03-01-03-02-02-02-19_win0.wav"", ""data/processed/audio/train/19_03-01-04-01-01-01-19_win0.wav"", ""data/processed/audio/train/19_03-01-04-01-01-02-19_win0.wav"", ""data/processed/audio/train/19_03-01-04-01-02-01-19_win0.wav""]","[0, 0, 0, 0]",0,0,train
seq_000461,19,20,"[""19_03-01-04-01-01-01-19"", ""19_03-01-04-01-01-02-19"", ""19_03-01-04-01-02-01-19"", ""19_03-01-04-01-02-02-19""]","[""data/processed/audio/train/19_03-01-04-01-01-01-19_win0.wav"", ""data/processed/audio/train/19_03-01-04-01-01-02-19_win0.wav"", ""data/processed/audio/train/19_03-01-04-01-02-01-19_win0.wav"", ""data/processed/audio/train/19_03-01-04-01-02-02-19_win0.wav""]","[0, 0, 0, 0]",0,0,train
seq_000462,19,21,"[""19_03-01-04-01-01-02-19"", ""19_03-01-04-01-02-01-19"", ""19_03-01-04-01-02-02-19"", ""19_03-01-04-02-01-01-19""]","[""data/processed/audio/train/19_03-01-04-01-01-02-19_win0.wav"", ""data/processed/audio/train/19_03-01-04-01-02-01-19_win0.wav"", ""data/processed/audio/train/19_03-01-04-01-02-02-19_win0.wav"", ""data/processed/audio/train/19_03-01-04-02-01-01-19_win0.wav""]","[0, 0, 0, 0]",0,0,train
seq_000463,19,22,"[""19_03-01-04-01-02-01-19"", ""19_03-01-04-01-02-02-19"", ""19_03-01-04-02-01-01-19"", ""19_03-01-04-02-01-02-19""]","[""data/processed/audio/train/19_03-01-04-01-02-01-19_win0.wav"", ""data/processed/audio/train/19_03-01-04-01-02-02-19_win0.wav"", ""data/processed/audio/train/19_03-01-04-02-01-01-19_win0.wav"", ""data/processed/audio/train/19_03-01-04-02-01-02-19_win0.wav""]","[0, 0, 0, 0]",0,0,train
seq_000464,19,23,"[""19_03-01-04-01-02-02-19"", ""19_03-01-04-02-01-01-19"", ""19_03-01-04-02-01-02-19"", ""19_03-01-04-02-02-01-19""]","[""data/processed/audio/train/19_03-01-04-01-02-02-19_win0.wav"", ""data/processed/audio/train/19_03-01-04-02-01-01-19_win0.wav"", ""data/processed/audio/train/19_03-01-04-02-01-02-19_win0.wav"", ""data/processed/audio/train/19_03-01-04-02-02-01-19_win0.wav""]","[0, 0, 0, 0]",0,0,train
seq_000465,19,24,"[""19_03-01-04-02-01-01-19"", ""19_03-01-04-02-01-02-19"", ""19_03-01-04-02-02-01-19"", ""19_03-01-04-02-02-02-19""]","[""data/processed/audio/train/19_03-01-04-02-01-01-19_win0.wav"", ""data/processed/audio/train/19_03-01-04-02-01-02-19_win0.wav"", ""data/processed/audio/train/19_03-01-04-02-02-01-19_win0.wav"", ""data/processed/audio/train/19_03-01-04-02-02-02-19_win0.wav""]","[0, 0, 0, 0]",0,0,train
seq_000466,19,25,"[""19_03-01-04-02-01-02-19"", ""19_03-01-04-02-02-01-19"", ""19_03-01-04-02-02-02-19"", ""19_03-01-05-01-01-01-19""]","[""data/processed/audio/train/19_03-01-04-02-01-02-19_win0.wav"", ""data/processed/audio/train/19_03-01-04-02-02-01-19_win0.wav"", ""data/processed/audio/train/19_03-01-04-02-02-02-19_win0.wav"", ""data/processed/audio/train/19_03-01-05-01-01-01-19_win0.wav""]","[0, 0, 0, 1]",1,0,train
seq_000467,19,26,"[""19_03-01-04-02-02-01-19"", ""19_03-01-04-02-02-02-19"", ""19_03-01-05-01-01-01-19"", ""19_03-01-05-01-01-02-19""]","[""data/processed/audio/train/19_03-01-04-02-02-01-19_win0.wav"", ""data/processed/audio/train/19_03-01-04-02-02-02-19_win0.wav"", ""data/processed/audio/train/19_03-01-05-01-01-01-19_win0.wav"", ""data/processed/audio/train/19_03-01-05-01-01-02-19_win0.wav""]","[0, 0, 1, 1]",1,1,train
seq_000468,19,27,"[""19_03-01-04-02-02-02-19"", ""19_03-01-05-01-01-01-19"", ""19_03-01-05-01-01-02-19"", ""19_03-01-05-01-02-01-19""]","[""data/processed/audio/train/19_03-01-04-02-02-02-19_win0.wav"", ""data/processed/audio/train/19_03-01-05-01-01-01-19_win0.wav"", ""data/processed/audio/train/19_03-01-05-01-01-02-19_win0.wav"", ""data/processed/audio/train/19_03-01-05-01-02-01-19_win0.wav""]","[0, 1, 1, 1]",1,1,train
seq_000469,19,28,"[""19_03-01-05-01-01-01-19"", ""19_03-01-05-01-01-02-19"", ""19_03-01-05-01-02-01-19"", ""19_03-01-05-01-02-02-19""]","[""data/processed/audio/train/19_03-01-05-01-01-01-19_win0.wav"", ""data/processed/audio/train/19_03-01-05-01-01-02-19_win0.wav"", ""data/processed/audio/train/19_03-01-05-01-02-01-19_win0.wav"", ""data/processed/audio/train/19_03-01-05-01-02-02-19_win0.wav""]","[1, 1, 1, 1]",1,0,train
seq_000470,19,29,"[""19_03-01-05-01-01-02-19"", ""19_03-01-05-01-02-01-19"", ""19_03-01-05-01-02-02-19"", ""19_03-01-05-02-01-01-19""]","[""data/processed/audio/train/19_03-01-05-01-01-02-19_win0.wav"", ""data/processed/audio/train/19_03-01-05-01-02-01-19_win0.wav"", ""data/processed/audio/train/19_03-01-05-01-02-02-19_win0.wav"", ""data/processed/audio/train/19_03-01-05-02-01-01-19_win0.wav""]","[1, 1, 1, 1]",1,0,train
seq_000471,19,30,"[""19_03-01-05-01-02-01-19"", ""19_03-01-05-01-02-02-19"", ""19_03-01-05-02-01-01-19"", ""19_03-01-05-02-01-02-19""]","[""data/processed/audio/train/19_03-01-05-01-02-01-19_win0.wav"", ""data/processed/audio/train/19_03-01-05-01-02-02-19_win0.wav"", ""data/processed/audio/train/19_03-01-05-02-01-01-19_win0.wav"", ""data/processed/audio/train/19_03-01-05-02-01-02-19_win0.wav""]","[1, 1, 1, 1]",1,0,train
seq_000472,19,31,"[""19_03-01-05-01-02-02-19"", ""19_03-01-05-02-01-01-19"", ""19_03-01-05-02-01-02-19"", ""19_03-01-05-02-02-01-19""]","[""data/processed/audio/train/19_03-01-05-01-02-02-19_win0.wav"", ""data/processed/audio/train/19_03-01-05-02-01-01-19_win0.wav"", ""data/processed/audio/train/19_03-01-05-02-01-02-19_win0.wav"", ""data/processed/audio/train/19_03-01-05-02-02-01-19_win0.wav""]","[1, 1, 1, 1]",1,0,train
seq_000473,19,32,"[""19_03-01-05-02-01-01-19"", ""19_03-01-05-02-01-02-19"", ""19_03-01-05-02-02-01-19"", ""19_03-01-05-02-02-02-19""]","[""data/processed/audio/train/19_03-01-05-02-01-01-19_win0.wav"", ""data/processed/audio/train/19_03-01-05-02-01-02-19_win0.wav"", ""data/processed/audio/train/19_03-01-05-02-02-01-19_win0.wav"", ""data/processed/audio/train/19_03-01-05-02-02-02-19_win0.wav""]","[1, 1, 1, 1]",1,0,train
seq_000474,19,33,"[""19_03-01-05-02-01-02-19"", ""19_03-01-05-02-02-01-19"", ""19_03-01-05-02-02-02-19"", ""19_03-01-06-01-01-01-19""]","[""data/processed/audio/train/19_03-01-05-02-01-02-19_win0.wav"", ""data/processed/audio/train/19_03-01-05-02-02-01-19_win0.wav"", ""data/processed/audio/train/19_03-01-05-02-02-02-19_win0.wav"", ""data/processed/audio/train/19_03-01-06-01-01-01-19_win0.wav""]","[1, 1, 1, 1]",1,0,train
seq_000475,19,34,"[""19_03-01-05-02-02-01-19"", ""19_03-01-05-02-02-02-19"", ""19_03-01-06-01-01-01-19"", ""19_03-01-06-01-01-02-19""]","[""data/processed/audio/train/19_03-01-05-02-02-01-19_win0.wav"", ""data/processed/audio/train/19_03-01-05-02-02-02-19_win0.wav"", ""data/processed/audio/train/19_03-01-06-01-01-01-19_win0.wav"", ""data/processed/audio/train/19_03-01-06-01-01-02-19_win0.wav""]","[1, 1, 1, 1]",1,0,train
seq_000476,19,35,"[""19_03-01-05-02-02-02-19"", ""19_03-01-06-01-01-01-19"", ""19_03-01-06-01-01-02-19"", ""19_03-01-06-01-02-01-19""]","[""data/processed/audio/train/19_03-01-05-02-02-02-19_win0.wav"", ""data/processed/audio/train/19_03-01-06-01-01-01-19_win0.wav"", ""data/processed/audio/train/19_03-01-06-01-01-02-19_win0.wav"", ""data/processed/audio/train/19_03-01-06-01-02-01-19_win0.wav""]","[1, 1, 1, 1]",1,0,train
seq_000477,19,36,"[""19_03-01-06-01-01-01-19"", ""19_03-01-06-01-01-02-19"", ""19_03-01-06-01-02-01-19"", ""19_03-01-06-01-02-02-19""]","[""data/processed/audio/train/19_03-01-06-01-01-01-19_win0.wav"", ""data/processed/audio/train/19_03-01-06-01-01-02-19_win0.wav"", ""data/processed/audio/train/19_03-01-06-01-02-01-19_win0.wav"", ""data/processed/audio/train/19_03-01-06-01-02-02-19_win0.wav""]","[1, 1, 1, 1]",1,0,train
seq_000478,19,37,"[""19_03-01-06-01-01-02-19"", ""19_03-01-06-01-02-01-19"", ""19_03-01-06-01-02-02-19"", ""19_03-01-06-02-01-01-19""]","[""data/processed/audio/train/19_03-01-06-01-01-02-19_win0.wav"", ""data/processed/audio/train/19_03-01-06-01-02-01-19_win0.wav"", ""data/processed/audio/train/19_03-01-06-01-02-02-19_win0.wav"", ""data/processed/audio/train/19_03-01-06-02-01-01-19_win0.wav""]","[1, 1, 1, 1]",1,0,train
seq_000479,19,38,"[""19_03-01-06-01-02-01-19"", ""19_03-01-06-01-02-02-19"", ""19_03-01-06-02-01-01-19"", ""19_03-01-06-02-01-02-19""]","[""data/processed/audio/train/19_03-01-06-01-02-01-19_win0.wav"", ""data/processed/audio/train/19_03-01-06-01-02-02-19_win0.wav"", ""data/processed/audio/train/19_03-01-06-02-01-01-19_win0.wav"", ""data/processed/audio/train/19_03-01-06-02-01-02-19_win0.wav""]","[1, 1, 1, 1]",1,0,train
seq_000480,19,39,"[""19_03-01-06-01-02-02-19"", ""19_03-01-06-02-01-01-19"", ""19_03-01-06-02-01-02-19"", ""19_03-01-06-02-02-01-19""]","[""data/processed/audio/train/19_03-01-06-01-02-02-19_win0.wav"", ""data/processed/audio/train/19_03-01-06-02-01-01-19_win0.wav"", ""data/processed/audio/train/19_03-01-06-02-01-02-19_win0.wav"", ""data/processed/audio/train/19_03-01-06-02-02-01-19_win0.wav""]","[1, 1, 1, 1]",1,0,train
seq_000481,19,40,"[""19_03-01-06-02-01-01-19"", ""19_03-01-06-02-01-02-19"", ""19_03-01-06-02-02-01-19"", ""19_03-01-06-02-02-02-19""]","[""data/processed/audio/train/19_03-01-06-02-01-01-19_win0.wav"", ""data/processed/audio/train/19_03-01-06-02-01-02-19_win0.wav"", ""data/processed/audio/train/19_03-01-06-02-02-01-19_win0.wav"", ""data/processed/audio/train/19_03-01-06-02-02-02-19_win0.wav""]","[1, 1, 1, 1]",1,0,train
seq_000482,19,41,"[""19_03-01-06-02-01-02-19"", ""19_03-01-06-02-02-01-19"", ""19_03-01-06-02-02-02-19"", ""19_03-01-07-01-01-01-19""]","[""data/processed/audio/train/19_03-01-06-02-01-02-19_win0.wav"", ""data/processed/audio/train/19_03-01-06-02-02-01-19_win0.wav"", ""data/processed/audio/train/19_03-01-06-02-02-02-19_win0.wav"", ""data/processed/audio/train/19_03-01-07-01-01-01-19_win0.wav""]","[1, 1, 1, 1]",1,0,train
seq_000483,19,42,"[""19_03-01-06-02-02-01-19"", ""19_03-01-06-02-02-02-19"", ""19_03-01-07-01-01-01-19"", ""19_03-01-07-01-01-02-19""]","[""data/processed/audio/train/19_03-01-06-02-02-01-19_win0.wav"", ""data/processed/audio/train/19_03-01-06-02-02-02-19_win0.wav"", ""data/processed/audio/train/19_03-01-07-01-01-01-19_win0.wav"", ""data/processed/audio/train/19_03-01-07-01-01-02-19_win0.wav""]","[1, 1, 1, 1]",1,0,train
seq_000484,19,43,"[""19_03-01-06-02-02-02-19"", ""19_03-01-07-01-01-01-19"", ""19_03-01-07-01-01-02-19"", ""19_03-01-07-01-02-01-19""]","[""data/processed/audio/train/19_03-01-06-02-02-02-19_win0.wav"", ""data/processed/audio/train/19_03-01-07-01-01-01-19_win0.wav"", ""data/processed/audio/train/19_03-01-07-01-01-02-19_win0.wav"", ""data/processed/audio/train/19_03-01-07-01-02-01-19_win0.wav""]","[1, 1, 1, 1]",1,0,train
seq_000485,19,44,"[""19_03-01-07-01-01-01-19"", ""19_03-01-07-01-01-02-19"", ""19_03-01-07-01-02-01-19"", ""19_03-01-07-01-02-02-19""]","[""data/processed/audio/train/19_03-01-07-01-01-01-19_win0.wav"", ""data/processed/audio/train/19_03-01-07-01-01-02-19_win0.wav"", ""data/processed/audio/train/19_03-01-07-01-02-01-19_win0.wav"", ""data/processed/audio/train/19_03-01-07-01-02-02-19_win0.wav""]","[1, 1, 1, 1]",1,0,train
seq_000486,19,45,"[""19_03-01-07-01-01-02-19"", ""19_03-01-07-01-02-01-19"", ""19_03-01-07-01-02-02-19"", ""19_03-01-07-02-01-01-19""]","[""data/processed/audio/train/19_03-01-07-01-01-02-19_win0.wav"", ""data/processed/audio/train/19_03-01-07-01-02-01-19_win0.wav"", ""data/processed/audio/train/19_03-01-07-01-02-02-19_win0.wav"", ""data/processed/audio/train/19_03-01-07-02-01-01-19_win0.wav""]","[1, 1, 1, 1]",1,0,train
seq_000487,19,46,"[""19_03-01-07-01-02-01-19"", ""19_03-01-07-01-02-02-19"", ""19_03-01-07-02-01-01-19"", ""19_03-01-07-02-01-02-19""]","[""data/processed/audio/train/19_03-01-07-01-02-01-19_win0.wav"", ""data/processed/audio/train/19_03-01-07-01-02-02-19_win0.wav"", ""data/processed/audio/train/19_03-01-07-02-01-01-19_win0.wav"", ""data/processed/audio/train/19_03-01-07-02-01-02-19_win0.wav""]","[1, 1, 1, 1]",1,0,train
seq_000488,19,47,"[""19_03-01-07-01-02-02-19"", ""19_03-01-07-02-01-01-19"", ""19_03-01-07-02-01-02-19"", ""19_03-01-07-02-02-01-19""]","[""data/processed/audio/train/19_03-01-07-01-02-02-19_win0.wav"", ""data/processed/audio/train/19_03-01-07-02-01-01-19_win0.wav"", ""data/processed/audio/train/19_03-01-07-02-01-02-19_win0.wav"", ""data/processed/audio/train/19_03-01-07-02-02-01-19_win0.wav""]","[1, 1, 1, 1]",1,0,train
seq_000489,19,48,"[""19_03-01-07-02-01-01-19"", ""19_03-01-07-02-01-02-19"", ""19_03-01-07-02-02-01-19"", ""19_03-01-07-02-02-02-19""]","[""data/processed/audio/train/19_03-01-07-02-01-01-19_win0.wav"", ""data/processed/audio/train/19_03-01-07-02-01-02-19_win0.wav"", ""data/processed/audio/train/19_03-01-07-02-02-01-19_win0.wav"", ""data/processed/audio/train/19_03-01-07-02-02-02-19_win0.wav""]","[1, 1, 1, 1]",1,0,train
seq_000490,20,0,"[""20_03-01-01-01-01-01-20"", ""20_03-01-01-01-01-02-20"", ""20_03-01-01-01-02-01-20"", ""20_03-01-01-01-02-02-20""]","[""data/processed/audio/val/20_03-01-01-01-01-01-20_win0.wav"", ""data/processed/audio/val/20_03-01-01-01-01-02-20_win0.wav"", ""data/processed/audio/val/20_03-01-01-01-02-01-20_win0.wav"", ""data/processed/audio/val/20_03-01-01-01-02-02-20_win0.wav""]","[0, 0, 0, 0]",0,0,val
seq_000491,20,1,"[""20_03-01-01-01-01-02-20"", ""20_03-01-01-01-02-01-20"", ""20_03-01-01-01-02-02-20"", ""20_03-01-02-01-01-01-20""]","[""data/processed/audio/val/20_03-01-01-01-01-02-20_win0.wav"", ""data/processed/audio/val/20_03-01-01-01-02-01-20_win0.wav"", ""data/processed/audio/val/20_03-01-01-01-02-02-20_win0.wav"", ""data/processed/audio/val/20_03-01-02-01-01-01-20_win0.wav""]","[0, 0, 0, 0]",0,0,val
seq_000492,20,2,"[""20_03-01-01-01-02-01-20"", ""20_03-01-01-01-02-02-20"", ""20_03-01-02-01-01-01-20"", ""20_03-01-02-01-01-02-20""]","[""data/processed/audio/val/20_03-01-01-01-02-01-20_win0.wav"", ""data/processed/audio/val/20_03-01-01-01-02-02-20_win0.wav"", ""data/processed/audio/val/20_03-01-02-01-01-01-20_win0.wav"", ""data/processed/audio/val/20_03-01-02-01-01-02-20_win0.wav""]","[0, 0, 0, 0]",0,0,val
seq_000493,20,3,"[""20_03-01-01-01-02-02-20"", ""20_03-01-02-01-01-01-20"", ""20_03-01-02-01-01-02-20"", ""20_03-01-02-01-02-01-20""]","[""data/processed/audio/val/20_03-01-01-01-02-02-20_win0.wav"", ""data/processed/audio/val/20_03-01-02-01-01-01-20_win0.wav"", ""data/processed/audio/val/20_03-01-02-01-01-02-20_win0.wav"", ""data/processed/audio/val/20_03-01-02-01-02-01-20_win0.wav""]","[0, 0, 0, 0]",0,0,val
seq_000494,20,4,"[""20_03-01-02-01-01-01-20"", ""20_03-01-02-01-01-02-20"", ""20_03-01-02-01-02-01-20"", ""20_03-01-02-01-02-02-20""]","[""data/processed/audio/val/20_03-01-02-01-01-01-20_win0.wav"", ""data/processed/audio/val/20_03-01-02-01-01-02-20_win0.wav"", ""data/processed/audio/val/20_03-01-02-01-02-01-20_win0.wav"", ""data/processed/audio/val/20_03-01-02-01-02-02-20_win0.wav""]","[0, 0, 0, 0]",0,0,val
seq_000495,20,5,"[""20_03-01-02-01-01-02-20"", ""20_03-01-02-01-02-01-20"", ""20_03-01-02-01-02-02-20"", ""20_03-01-02-02-01-01-20""]","[""data/processed/audio/val/20_03-01-02-01-01-02-20_win0.wav"", ""data/processed/audio/val/20_03-01-02-01-02-01-20_win0.wav"", ""data/processed/audio/val/20_03-01-02-01-02-02-20_win0.wav"", ""data/processed/audio/val/20_03-01-02-02-01-01-20_win0.wav""]","[0, 0, 0, 0]",0,0,val
seq_000496,20,6,"[""20_03-01-02-01-02-01-20"", ""20_03-01-02-01-02-02-20"", ""20_03-01-02-02-01-01-20"", ""20_03-01-02-02-01-02-20""]","[""data/processed/audio/val/20_03-01-02-01-02-01-20_win0.wav"", ""data/processed/audio/val/20_03-01-02-01-02-02-20_win0.wav"", ""data/processed/audio/val/20_03-01-02-02-01-01-20_win0.wav"", ""data/processed/audio/val/20_03-01-02-02-01-02-20_win0.wav""]","[0, 0, 0, 0]",0,0,val
seq_000497,20,7,"[""20_03-01-02-01-02-02-20"", ""20_03-01-02-02-01-01-20"", ""20_03-01-02-02-01-02-20"", ""20_03-01-02-02-02-01-20""]","[""data/processed/audio/val/20_03-01-02-01-02-02-20_win0.wav"", ""data/processed/audio/val/20_03-01-02-02-01-01-20_win0.wav"", ""data/processed/audio/val/20_03-01-02-02-01-02-20_win0.wav"", ""data/processed/audio/val/20_03-01-02-02-02-01-20_win0.wav""]","[0, 0, 0, 0]",0,0,val
seq_000498,20,8,"[""20_03-01-02-02-01-01-20"", ""20_03-01-02-02-01-02-20"", ""20_03-01-02-02-02-01-20"", ""20_03-01-02-02-02-02-20""]","[""data/processed/audio/val/20_03-01-02-02-01-01-20_win0.wav"", ""data/processed/audio/val/20_03-01-02-02-01-02-20_win0.wav"", ""data/processed/audio/val/20_03-01-02-02-02-01-20_win0.wav"", ""data/processed/audio/val/20_03-01-02-02-02-02-20_win0.wav""]","[0, 0, 0, 0]",0,0,val
seq_000499,20,9,"[""20_03-01-02-02-01-02-20"", ""20_03-01-02-02-02-01-20"", ""20_03-01-02-02-02-02-20"", ""20_03-01-03-01-01-01-20""]","[""data/processed/audio/val/20_03-01-02-02-01-02-20_win0.wav"", ""data/processed/audio/val/20_03-01-02-02-02-01-20_win0.wav"", ""data/processed/audio/val/20_03-01-02-02-02-02-20_win0.wav"", ""data/processed/audio/val/20_03-01-03-01-01-01-20_win0.wav""]","[0, 0, 0, 0]",0,0,val
seq_000500,20,10,"[""20_03-01-02-02-02-01-20"", ""20_03-01-02-02-02-02-20"", ""20_03-01-03-01-01-01-20"", ""20_03-01-03-01-01-02-20""]","[""data/processed/audio/val/20_03-01-02-02-02-01-20_win0.wav"", ""data/processed/audio/val/20_03-01-02-02-02-02-20_win0.wav"", ""data/processed/audio/val/20_03-01-03-01-01-01-20_win0.wav"", ""data/processed/audio/val/20_03-01-03-01-01-02-20_win0.wav""]","[0, 0, 0, 0]",0,0,val
seq_000501,20,11,"[""20_03-01-02-02-02-02-20"", ""20_03-01-03-01-01-01-20"", ""20_03-01-03-01-01-02-20"", ""20_03-01-03-01-02-01-20""]","[""data/processed/audio/val/20_03-01-02-02-02-02-20_win0.wav"", ""data/processed/audio/val/20_03-01-03-01-01-01-20_win0.wav"", ""data/processed/audio/val/20_03-01-03-01-01-02-20_win0.wav"", ""data/processed/audio/val/20_03-01-03-01-02-01-20_win0.wav""]","[0, 0, 0, 0]",0,0,val
seq_000502,20,12,"[""20_03-01-03-01-01-01-20"", ""20_03-01-03-01-01-02-20"", ""20_03-01-03-01-02-01-20"", ""20_03-01-03-01-02-02-20""]","[""data/processed/audio/val/20_03-01-03-01-01-01-20_win0.wav"", ""data/processed/audio/val/20_03-01-03-01-01-02-20_win0.wav"", ""data/processed/audio/val/20_03-01-03-01-02-01-20_win0.wav"", ""data/processed/audio/val/20_03-01-03-01-02-02-20_win0.wav""]","[0, 0, 0, 0]",0,0,val
seq_000503,20,13,"[""20_03-01-03-01-01-02-20"", ""20_03-01-03-01-02-01-20"", ""20_03-01-03-01-02-02-20"", ""20_03-01-03-02-01-01-20""]","[""data/processed/audio/val/20_03-01-03-01-01-02-20_win0.wav"", ""data/processed/audio/val/20_03-01-03-01-02-01-20_win0.wav"", ""data/processed/audio/val/20_03-01-03-01-02-02-20_win0.wav"", ""data/processed/audio/val/20_03-01-03-02-01-01-20_win0.wav""]","[0, 0, 0, 0]",0,0,val
seq_000504,20,14,"[""20_03-01-03-01-02-01-20"", ""20_03-01-03-01-02-02-20"", ""20_03-01-03-02-01-01-20"", ""20_03-01-03-02-01-02-20""]","[""data/processed/audio/val/20_03-01-03-01-02-01-20_win0.wav"", ""data/processed/audio/val/20_03-01-03-01-02-02-20_win0.wav"", ""data/processed/audio/val/20_03-01-03-02-01-01-20_win0.wav"", ""data/processed/audio/val/20_03-01-03-02-01-02-20_win0.wav""]","[0, 0, 0, 0]",0,0,val
seq_000505,20,15,"[""20_03-01-03-01-02-02-20"", ""20_03-01-03-02-01-01-20"", ""20_03-01-03-02-01-02-20"", ""20_03-01-03-02-02-01-20""]","[""data/processed/audio/val/20_03-01-03-01-02-02-20_win0.wav"", ""data/processed/audio/val/20_03-01-03-02-01-01-20_win0.wav"", ""data/processed/audio/val/20_03-01-03-02-01-02-20_win0.wav"", ""data/processed/audio/val/20_03-01-03-02-02-01-20_win0.wav""]","[0, 0, 0, 0]",0,0,val
seq_000506,20,16,"[""20_03-01-03-02-01-01-20"", ""20_03-01-03-02-01-02-20"", ""20_03-01-03-02-02-01-20"", ""20_03-01-03-02-02-02-20""]","[""data/processed/audio/val/20_03-01-03-02-01-01-20_win0.wav"", ""data/processed/audio/val/20_03-01-03-02-01-02-20_win0.wav"", ""data/processed/audio/val/20_03-01-03-02-02-01-20_win0.wav"", ""data/processed/audio/val/20_03-01-03-02-02-02-20_win0.wav""]","[0, 0, 0, 0]",0,0,val
seq_000507,20,17,"[""20_03-01-03-02-01-02-20"", ""20_03-01-03-02-02-01-20"", ""20_03-01-03-02-02-02-20"", ""20_03-01-04-01-01-01-20""]","[""data/processed/audio/val/20_03-01-03-02-01-02-20_win0.wav"", ""data/processed/audio/val/20_03-01-03-02-02-01-20_win0.wav"", ""data/processed/audio/val/20_03-01-03-02-02-02-20_win0.wav"", ""data/processed/audio/val/20_03-01-04-01-01-01-20_win0.wav""]","[0, 0, 0, 0]",0,0,val
seq_000508,20,18,"[""20_03-01-03-02-02-01-20"", ""20_03-01-03-02-02-02-20"", ""20_03-01-04-01-01-01-20"", ""20_03-01-04-01-01-02-20""]","[""data/processed/audio/val/20_03-01-03-02-02-01-20_win0.wav"", ""data/processed/audio/val/20_03-01-03-02-02-02-20_win0.wav"", ""data/processed/audio/val/20_03-01-04-01-01-01-20_win0.wav"", ""data/processed/audio/val/20_03-01-04-01-01-02-20_win0.wav""]","[0, 0, 0, 0]",0,0,val
seq_000509,20,19,"[""20_03-01-03-02-02-02-20"", ""20_03-01-04-01-01-01-20"", ""20_03-01-04-01-01-02-20"", ""20_03-01-04-01-02-01-20""]","[""data/processed/audio/val/20_03-01-03-02-02-02-20_win0.wav"", ""data/processed/audio/val/20_03-01-04-01-01-01-20_win0.wav"", ""data/processed/audio/val/20_03-01-04-01-01-02-20_win0.wav"", ""data/processed/audio/val/20_03-01-04-01-02-01-20_win0.wav""]","[0, 0, 0, 0]",0,0,val
seq_000510,20,20,"[""20_03-01-04-01-01-01-20"", ""20_03-01-04-01-01-02-20"", ""20_03-01-04-01-02-01-20"", ""20_03-01-04-01-02-02-20""]","[""data/processed/audio/val/20_03-01-04-01-01-01-20_win0.wav"", ""data/processed/audio/val/20_03-01-04-01-01-02-20_win0.wav"", ""data/processed/audio/val/20_03-01-04-01-02-01-20_win0.wav"", ""data/processed/audio/val/20_03-01-04-01-02-02-20_win0.wav""]","[0, 0, 0, 0]",0,0,val
seq_000511,20,21,"[""20_03-01-04-01-01-02-20"", ""20_03-01-04-01-02-01-20"", ""20_03-01-04-01-02-02-20"", ""20_03-01-04-02-01-01-20""]","[""data/processed/audio/val/20_03-01-04-01-01-02-20_win0.wav"", ""data/processed/audio/val/20_03-01-04-01-02-01-20_win0.wav"", ""data/processed/audio/val/20_03-01-04-01-02-02-20_win0.wav"", ""data/processed/audio/val/20_03-01-04-02-01-01-20_win0.wav""]","[0, 0, 0, 0]",0,0,val
seq_000512,20,22,"[""20_03-01-04-01-02-01-20"", ""20_03-01-04-01-02-02-20"", ""20_03-01-04-02-01-01-20"", ""20_03-01-04-02-01-02-20""]","[""data/processed/audio/val/20_03-01-04-01-02-01-20_win0.wav"", ""data/processed/audio/val/20_03-01-04-01-02-02-20_win0.wav"", ""data/processed/audio/val/20_03-01-04-02-01-01-20_win0.wav"", ""data/processed/audio/val/20_03-01-04-02-01-02-20_win0.wav""]","[0, 0, 0, 0]",0,0,val
seq_000513,20,23,"[""20_03-01-04-01-02-02-20"", ""20_03-01-04-02-01-01-20"", ""20_03-01-04-02-01-02-20"", ""20_03-01-04-02-02-01-20""]","[""data/processed/audio/val/20_03-01-04-01-02-02-20_win0.wav"", ""data/processed/audio/val/20_03-01-04-02-01-01-20_win0.wav"", ""data/processed/audio/val/20_03-01-04-02-01-02-20_win0.wav"", ""data/processed/audio/val/20_03-01-04-02-02-01-20_win0.wav""]","[0, 0, 0, 0]",0,0,val
seq_000514,20,24,"[""20_03-01-04-02-01-01-20"", ""20_03-01-04-02-01-02-20"", ""20_03-01-04-02-02-01-20"", ""20_03-01-04-02-02-02-20""]","[""data/processed/audio/val/20_03-01-04-02-01-01-20_win0.wav"", ""data/processed/audio/val/20_03-01-04-02-01-02-20_win0.wav"", ""data/processed/audio/val/20_03-01-04-02-02-01-20_win0.wav"", ""data/processed/audio/val/20_03-01-04-02-02-02-20_win0.wav""]","[0, 0, 0, 0]",0,0,val
seq_000515,20,25,"[""20_03-01-04-02-01-02-20"", ""20_03-01-04-02-02-01-20"", ""20_03-01-04-02-02-02-20"", ""20_03-01-05-01-01-01-20""]","[""data/processed/audio/val/20_03-01-04-02-01-02-20_win0.wav"", ""data/processed/audio/val/20_03-01-04-02-02-01-20_win0.wav"", ""data/processed/audio/val/20_03-01-04-02-02-02-20_win0.wav"", ""data/processed/audio/val/20_03-01-05-01-01-01-20_win0.wav""]","[0, 0, 0, 1]",1,0,val
seq_000516,20,26,"[""20_03-01-04-02-02-01-20"", ""20_03-01-04-02-02-02-20"", ""20_03-01-05-01-01-01-20"", ""20_03-01-05-01-01-02-20""]","[""data/processed/audio/val/20_03-01-04-02-02-01-20_win0.wav"", ""data/processed/audio/val/20_03-01-04-02-02-02-20_win0.wav"", ""data/processed/audio/val/20_03-01-05-01-01-01-20_win0.wav"", ""data/processed/audio/val/20_03-01-05-01-01-02-20_win0.wav""]","[0, 0, 1, 1]",1,1,val
seq_000517,20,27,"[""20_03-01-04-02-02-02-20"", ""20_03-01-05-01-01-01-20"", ""20_03-01-05-01-01-02-20"", ""20_03-01-05-01-02-01-20""]","[""data/processed/audio/val/20_03-01-04-02-02-02-20_win0.wav"", ""data/processed/audio/val/20_03-01-05-01-01-01-20_win0.wav"", ""data/processed/audio/val/20_03-01-05-01-01-02-20_win0.wav"", ""data/processed/audio/val/20_03-01-05-01-02-01-20_win0.wav""]","[0, 1, 1, 1]",1,1,val
seq_000518,20,28,"[""20_03-01-05-01-01-01-20"", ""20_03-01-05-01-01-02-20"", ""20_03-01-05-01-02-01-20"", ""20_03-01-05-01-02-02-20""]","[""data/processed/audio/val/20_03-01-05-01-01-01-20_win0.wav"", ""data/processed/audio/val/20_03-01-05-01-01-02-20_win0.wav"", ""data/processed/audio/val/20_03-01-05-01-02-01-20_win0.wav"", ""data/processed/audio/val/20_03-01-05-01-02-02-20_win0.wav""]","[1, 1, 1, 1]",1,0,val
seq_000519,20,29,"[""20_03-01-05-01-01-02-20"", ""20_03-01-05-01-02-01-20"", ""20_03-01-05-01-02-02-20"", ""20_03-01-05-02-01-01-20""]","[""data/processed/audio/val/20_03-01-05-01-01-02-20_win0.wav"", ""data/processed/audio/val/20_03-01-05-01-02-01-20_win0.wav"", ""data/processed/audio/val/20_03-01-05-01-02-02-20_win0.wav"", ""data/processed/audio/val/20_03-01-05-02-01-01-20_win0.wav""]","[1, 1, 1, 1]",1,0,val
seq_000520,20,30,"[""20_03-01-05-01-02-01-20"", ""20_03-01-05-01-02-02-20"", ""20_03-01-05-02-01-01-20"", ""20_03-01-05-02-01-02-20""]","[""data/processed/audio/val/20_03-01-05-01-02-01-20_win0.wav"", ""data/processed/audio/val/20_03-01-05-01-02-02-20_win0.wav"", ""data/processed/audio/val/20_03-01-05-02-01-01-20_win0.wav"", ""data/processed/audio/val/20_03-01-05-02-01-02-20_win0.wav""]","[1, 1, 1, 1]",1,0,val
seq_000521,20,31,"[""20_03-01-05-01-02-02-20"", ""20_03-01-05-02-01-01-20"", ""20_03-01-05-02-01-02-20"", ""20_03-01-05-02-02-01-20""]","[""data/processed/audio/val/20_03-01-05-01-02-02-20_win0.wav"", ""data/processed/audio/val/20_03-01-05-02-01-01-20_win0.wav"", ""data/processed/audio/val/20_03-01-05-02-01-02-20_win0.wav"", ""data/processed/audio/val/20_03-01-05-02-02-01-20_win0.wav""]","[1, 1, 1, 1]",1,0,val
seq_000522,20,32,"[""20_03-01-05-02-01-01-20"", ""20_03-01-05-02-01-02-20"", ""20_03-01-05-02-02-01-20"", ""20_03-01-05-02-02-02-20""]","[""data/processed/audio/val/20_03-01-05-02-01-01-20_win0.wav"", ""data/processed/audio/val/20_03-01-05-02-01-02-20_win0.wav"", ""data/processed/audio/val/20_03-01-05-02-02-01-20_win0.wav"", ""data/processed/audio/val/20_03-01-05-02-02-02-20_win0.wav""]","[1, 1, 1, 1]",1,0,val
seq_000523,20,33,"[""20_03-01-05-02-01-02-20"", ""20_03-01-05-02-02-01-20"", ""20_03-01-05-02-02-02-20"", ""20_03-01-06-01-01-01-20""]","[""data/processed/audio/val/20_03-01-05-02-01-02-20_win0.wav"", ""data/processed/audio/val/20_03-01-05-02-02-01-20_win0.wav"", ""data/processed/audio/val/20_03-01-05-02-02-02-20_win0.wav"", ""data/processed/audio/val/20_03-01-06-01-01-01-20_win0.wav""]","[1, 1, 1, 1]",1,0,val
seq_000524,20,34,"[""20_03-01-05-02-02-01-20"", ""20_03-01-05-02-02-02-20"", ""20_03-01-06-01-01-01-20"", ""20_03-01-06-01-01-02-20""]","[""data/processed/audio/val/20_03-01-05-02-02-01-20_win0.wav"", ""data/processed/audio/val/20_03-01-05-02-02-02-20_win0.wav"", ""data/processed/audio/val/20_03-01-06-01-01-01-20_win0.wav"", ""data/processed/audio/val/20_03-01-06-01-01-02-20_win0.wav""]","[1, 1, 1, 1]",1,0,val
seq_000525,20,35,"[""20_03-01-05-02-02-02-20"", ""20_03-01-06-01-01-01-20"", ""20_03-01-06-01-01-02-20"", ""20_03-01-06-01-02-01-20""]","[""data/processed/audio/val/20_03-01-05-02-02-02-20_win0.wav"", ""data/processed/audio/val/20_03-01-06-01-01-01-20_win0.wav"", ""data/processed/audio/val/20_03-01-06-01-01-02-20_win0.wav"", ""data/processed/audio/val/20_03-01-06-01-02-01-20_win0.wav""]","[1, 1, 1, 1]",1,0,val
seq_000526,20,36,"[""20_03-01-06-01-01-01-20"", ""20_03-01-06-01-01-02-20"", ""20_03-01-06-01-02-01-20"", ""20_03-01-06-01-02-02-20""]","[""data/processed/audio/val/20_03-01-06-01-01-01-20_win0.wav"", ""data/processed/audio/val/20_03-01-06-01-01-02-20_win0.wav"", ""data/processed/audio/val/20_03-01-06-01-02-01-20_win0.wav"", ""data/processed/audio/val/20_03-01-06-01-02-02-20_win0.wav""]","[1, 1, 1, 1]",1,0,val
seq_000527,20,37,"[""20_03-01-06-01-01-02-20"", ""20_03-01-06-01-02-01-20"", ""20_03-01-06-01-02-02-20"", ""20_03-01-06-02-01-01-20""]","[""data/processed/audio/val/20_03-01-06-01-01-02-20_win0.wav"", ""data/processed/audio/val/20_03-01-06-01-02-01-20_win0.wav"", ""data/processed/audio/val/20_03-01-06-01-02-02-20_win0.wav"", ""data/processed/audio/val/20_03-01-06-02-01-01-20_win0.wav""]","[1, 1, 1, 1]",1,0,val
seq_000528,20,38,"[""20_03-01-06-01-02-01-20"", ""20_03-01-06-01-02-02-20"", ""20_03-01-06-02-01-01-20"", ""20_03-01-06-02-01-02-20""]","[""data/processed/audio/val/20_03-01-06-01-02-01-20_win0.wav"", ""data/processed/audio/val/20_03-01-06-01-02-02-20_win0.wav"", ""data/processed/audio/val/20_03-01-06-02-01-01-20_win0.wav"", ""data/processed/audio/val/20_03-01-06-02-01-02-20_win0.wav""]","[1, 1, 1, 1]",1,0,val
seq_000529,20,39,"[""20_03-01-06-01-02-02-20"", ""20_03-01-06-02-01-01-20"", ""20_03-01-06-02-01-02-20"", ""20_03-01-06-02-02-01-20""]","[""data/processed/audio/val/20_03-01-06-01-02-02-20_win0.wav"", ""data/processed/audio/val/20_03-01-06-02-01-01-20_win0.wav"", ""data/processed/audio/val/20_03-01-06-02-01-02-20_win0.wav"", ""data/processed/audio/val/20_03-01-06-02-02-01-20_win0.wav""]","[1, 1, 1, 1]",1,0,val
seq_000530,20,40,"[""20_03-01-06-02-01-01-20"", ""20_03-01-06-02-01-02-20"", ""20_03-01-06-02-02-01-20"", ""20_03-01-06-02-02-02-20""]","[""data/processed/audio/val/20_03-01-06-02-01-01-20_win0.wav"", ""data/processed/audio/val/20_03-01-06-02-01-02-20_win0.wav"", ""data/processed/audio/val/20_03-01-06-02-02-01-20_win0.wav"", ""data/processed/audio/val/20_03-01-06-02-02-02-20_win0.wav""]","[1, 1, 1, 1]",1,0,val
seq_000531,20,41,"[""20_03-01-06-02-01-02-20"", ""20_03-01-06-02-02-01-20"", ""20_03-01-06-02-02-02-20"", ""20_03-01-07-01-01-01-20""]","[""data/processed/audio/val/20_03-01-06-02-01-02-20_win0.wav"", ""data/processed/audio/val/20_03-01-06-02-02-01-20_win0.wav"", ""data/processed/audio/val/20_03-01-06-02-02-02-20_win0.wav"", ""data/processed/audio/val/20_03-01-07-01-01-01-20_win0.wav""]","[1, 1, 1, 1]",1,0,val
seq_000532,20,42,"[""20_03-01-06-02-02-01-20"", ""20_03-01-06-02-02-02-20"", ""20_03-01-07-01-01-01-20"", ""20_03-01-07-01-01-02-20""]","[""data/processed/audio/val/20_03-01-06-02-02-01-20_win0.wav"", ""data/processed/audio/val/20_03-01-06-02-02-02-20_win0.wav"", ""data/processed/audio/val/20_03-01-07-01-01-01-20_win0.wav"", ""data/processed/audio/val/20_03-01-07-01-01-02-20_win0.wav""]","[1, 1, 1, 1]",1,0,val
seq_000533,20,43,"[""20_03-01-06-02-02-02-20"", ""20_03-01-07-01-01-01-20"", ""20_03-01-07-01-01-02-20"", ""20_03-01-07-01-02-01-20""]","[""data/processed/audio/val/20_03-01-06-02-02-02-20_win0.wav"", ""data/processed/audio/val/20_03-01-07-01-01-01-20_win0.wav"", ""data/processed/audio/val/20_03-01-07-01-01-02-20_win0.wav"", ""data/processed/audio/val/20_03-01-07-01-02-01-20_win0.wav""]","[1, 1, 1, 1]",1,0,val
seq_000534,20,44,"[""20_03-01-07-01-01-01-20"", ""20_03-01-07-01-01-02-20"", ""20_03-01-07-01-02-01-20"", ""20_03-01-07-01-02-02-20""]","[""data/processed/audio/val/20_03-01-07-01-01-01-20_win0.wav"", ""data/processed/audio/val/20_03-01-07-01-01-02-20_win0.wav"", ""data/processed/audio/val/20_03-01-07-01-02-01-20_win0.wav"", ""data/processed/audio/val/20_03-01-07-01-02-02-20_win0.wav""]","[1, 1, 1, 1]",1,0,val
seq_000535,20,45,"[""20_03-01-07-01-01-02-20"", ""20_03-01-07-01-02-01-20"", ""20_03-01-07-01-02-02-20"", ""20_03-01-07-02-01-01-20""]","[""data/processed/audio/val/20_03-01-07-01-01-02-20_win0.wav"", ""data/processed/audio/val/20_03-01-07-01-02-01-20_win0.wav"", ""data/processed/audio/val/20_03-01-07-01-02-02-20_win0.wav"", ""data/processed/audio/val/20_03-01-07-02-01-01-20_win0.wav""]","[1, 1, 1, 1]",1,0,val
seq_000536,20,46,"[""20_03-01-07-01-02-01-20"", ""20_03-01-07-01-02-02-20"", ""20_03-01-07-02-01-01-20"", ""20_03-01-07-02-01-02-20""]","[""data/processed/audio/val/20_03-01-07-01-02-01-20_win0.wav"", ""data/processed/audio/val/20_03-01-07-01-02-02-20_win0.wav"", ""data/processed/audio/val/20_03-01-07-02-01-01-20_win0.wav"", ""data/processed/audio/val/20_03-01-07-02-01-02-20_win0.wav""]","[1, 1, 1, 1]",1,0,val
seq_000537,20,47,"[""20_03-01-07-01-02-02-20"", ""20_03-01-07-02-01-01-20"", ""20_03-01-07-02-01-02-20"", ""20_03-01-07-02-02-01-20""]","[""data/processed/audio/val/20_03-01-07-01-02-02-20_win0.wav"", ""data/processed/audio/val/20_03-01-07-02-01-01-20_win0.wav"", ""data/processed/audio/val/20_03-01-07-02-01-02-20_win0.wav"", ""data/processed/audio/val/20_03-01-07-02-02-01-20_win0.wav""]","[1, 1, 1, 1]",1,0,val
seq_000538,20,48,"[""20_03-01-07-02-01-01-20"", ""20_03-01-07-02-01-02-20"", ""20_03-01-07-02-02-01-20"", ""20_03-01-07-02-02-02-20""]","[""data/processed/audio/val/20_03-01-07-02-01-01-20_win0.wav"", ""data/processed/audio/val/20_03-01-07-02-01-02-20_win0.wav"", ""data/processed/audio/val/20_03-01-07-02-02-01-20_win0.wav"", ""data/processed/audio/val/20_03-01-07-02-02-02-20_win0.wav""]","[1, 1, 1, 1]",1,0,val
seq_000539,21,0,"[""21_03-01-01-01-01-01-21"", ""21_03-01-01-01-01-02-21"", ""21_03-01-01-01-02-01-21"", ""21_03-01-01-01-02-02-21""]","[""data/processed/audio/test/21_03-01-01-01-01-01-21_win0.wav"", ""data/processed/audio/test/21_03-01-01-01-01-02-21_win0.wav"", ""data/processed/audio/test/21_03-01-01-01-02-01-21_win0.wav"", ""data/processed/audio/test/21_03-01-01-01-02-02-21_win0.wav""]","[0, 0, 0, 0]",0,0,test
seq_000540,21,1,"[""21_03-01-01-01-01-02-21"", ""21_03-01-01-01-02-01-21"", ""21_03-01-01-01-02-02-21"", ""21_03-01-02-01-01-01-21""]","[""data/processed/audio/test/21_03-01-01-01-01-02-21_win0.wav"", ""data/processed/audio/test/21_03-01-01-01-02-01-21_win0.wav"", ""data/processed/audio/test/21_03-01-01-01-02-02-21_win0.wav"", ""data/processed/audio/test/21_03-01-02-01-01-01-21_win0.wav""]","[0, 0, 0, 0]",0,0,test
seq_000541,21,2,"[""21_03-01-01-01-02-01-21"", ""21_03-01-01-01-02-02-21"", ""21_03-01-02-01-01-01-21"", ""21_03-01-02-01-01-02-21""]","[""data/processed/audio/test/21_03-01-01-01-02-01-21_win0.wav"", ""data/processed/audio/test/21_03-01-01-01-02-02-21_win0.wav"", ""data/processed/audio/test/21_03-01-02-01-01-01-21_win0.wav"", ""data/processed/audio/test/21_03-01-02-01-01-02-21_win0.wav""]","[0, 0, 0, 0]",0,0,test
seq_000542,21,3,"[""21_03-01-01-01-02-02-21"", ""21_03-01-02-01-01-01-21"", ""21_03-01-02-01-01-02-21"", ""21_03-01-02-01-02-01-21""]","[""data/processed/audio/test/21_03-01-01-01-02-02-21_win0.wav"", ""data/processed/audio/test/21_03-01-02-01-01-01-21_win0.wav"", ""data/processed/audio/test/21_03-01-02-01-01-02-21_win0.wav"", ""data/processed/audio/test/21_03-01-02-01-02-01-21_win0.wav""]","[0, 0, 0, 0]",0,0,test
seq_000543,21,4,"[""21_03-01-02-01-01-01-21"", ""21_03-01-02-01-01-02-21"", ""21_03-01-02-01-02-01-21"", ""21_03-01-02-01-02-02-21""]","[""data/processed/audio/test/21_03-01-02-01-01-01-21_win0.wav"", ""data/processed/audio/test/21_03-01-02-01-01-02-21_win0.wav"", ""data/processed/audio/test/21_03-01-02-01-02-01-21_win0.wav"", ""data/processed/audio/test/21_03-01-02-01-02-02-21_win0.wav""]","[0, 0, 0, 0]",0,0,test
seq_000544,21,5,"[""21_03-01-02-01-01-02-21"", ""21_03-01-02-01-02-01-21"", ""21_03-01-02-01-02-02-21"", ""21_03-01-02-02-01-01-21""]","[""data/processed/audio/test/21_03-01-02-01-01-02-21_win0.wav"", ""data/processed/audio/test/21_03-01-02-01-02-01-21_win0.wav"", ""data/processed/audio/test/21_03-01-02-01-02-02-21_win0.wav"", ""data/processed/audio/test/21_03-01-02-02-01-01-21_win0.wav""]","[0, 0, 0, 0]",0,0,test
seq_000545,21,6,"[""21_03-01-02-01-02-01-21"", ""21_03-01-02-01-02-02-21"", ""21_03-01-02-02-01-01-21"", ""21_03-01-02-02-01-02-21""]","[""data/processed/audio/test/21_03-01-02-01-02-01-21_win0.wav"", ""data/processed/audio/test/21_03-01-02-01-02-02-21_win0.wav"", ""data/processed/audio/test/21_03-01-02-02-01-01-21_win0.wav"", ""data/processed/audio/test/21_03-01-02-02-01-02-21_win0.wav""]","[0, 0, 0, 0]",0,0,test
seq_000546,21,7,"[""21_03-01-02-01-02-02-21"", ""21_03-01-02-02-01-01-21"", ""21_03-01-02-02-01-02-21"", ""21_03-01-02-02-02-01-21""]","[""data/processed/audio/test/21_03-01-02-01-02-02-21_win0.wav"", ""data/processed/audio/test/21_03-01-02-02-01-01-21_win0.wav"", ""data/processed/audio/test/21_03-01-02-02-01-02-21_win0.wav"", ""data/processed/audio/test/21_03-01-02-02-02-01-21_win0.wav""]","[0, 0, 0, 0]",0,0,test
seq_000547,21,8,"[""21_03-01-02-02-01-01-21"", ""21_03-01-02-02-01-02-21"", ""21_03-01-02-02-02-01-21"", ""21_03-01-02-02-02-02-21""]","[""data/processed/audio/test/21_03-01-02-02-01-01-21_win0.wav"", ""data/processed/audio/test/21_03-01-02-02-01-02-21_win0.wav"", ""data/processed/audio/test/21_03-01-02-02-02-01-21_win0.wav"", ""data/processed/audio/test/21_03-01-02-02-02-02-21_win0.wav""]","[0, 0, 0, 0]",0,0,test
seq_000548,21,9,"[""21_03-01-02-02-01-02-21"", ""21_03-01-02-02-02-01-21"", ""21_03-01-02-02-02-02-21"", ""21_03-01-03-01-01-01-21""]","[""data/processed/audio/test/21_03-01-02-02-01-02-21_win0.wav"", ""data/processed/audio/test/21_03-01-02-02-02-01-21_win0.wav"", ""data/processed/audio/test/21_03-01-02-02-02-02-21_win0.wav"", ""data/processed/audio/test/21_03-01-03-01-01-01-21_win0.wav""]","[0, 0, 0, 0]",0,0,test
seq_000549,21,10,"[""21_03-01-02-02-02-01-21"", ""21_03-01-02-02-02-02-21"", ""21_03-01-03-01-01-01-21"", ""21_03-01-03-01-01-02-21""]","[""data/processed/audio/test/21_03-01-02-02-02-01-21_win0.wav"", ""data/processed/audio/test/21_03-01-02-02-02-02-21_win0.wav"", ""data/processed/audio/test/21_03-01-03-01-01-01-21_win0.wav"", ""data/processed/audio/test/21_03-01-03-01-01-02-21_win0.wav""]","[0, 0, 0, 0]",0,0,test
seq_000550,21,11,"[""21_03-01-02-02-02-02-21"", ""21_03-01-03-01-01-01-21"", ""21_03-01-03-01-01-02-21"", ""21_03-01-03-01-02-01-21""]","[""data/processed/audio/test/21_03-01-02-02-02-02-21_win0.wav"", ""data/processed/audio/test/21_03-01-03-01-01-01-21_win0.wav"", ""data/processed/audio/test/21_03-01-03-01-01-02-21_win0.wav"", ""data/processed/audio/test/21_03-01-03-01-02-01-21_win0.wav""]","[0, 0, 0, 0]",0,0,test
seq_000551,21,12,"[""21_03-01-03-01-01-01-21"", ""21_03-01-03-01-01-02-21"", ""21_03-01-03-01-02-01-21"", ""21_03-01-03-01-02-02-21""]","[""data/processed/audio/test/21_03-01-03-01-01-01-21_win0.wav"", ""data/processed/audio/test/21_03-01-03-01-01-02-21_win0.wav"", ""data/processed/audio/test/21_03-01-03-01-02-01-21_win0.wav"", ""data/processed/audio/test/21_03-01-03-01-02-02-21_win0.wav""]","[0, 0, 0, 0]",0,0,test
seq_000552,21,13,"[""21_03-01-03-01-01-02-21"", ""21_03-01-03-01-02-01-21"", ""21_03-01-03-01-02-02-21"", ""21_03-01-03-02-01-01-21""]","[""data/processed/audio/test/21_03-01-03-01-01-02-21_win0.wav"", ""data/processed/audio/test/21_03-01-03-01-02-01-21_win0.wav"", ""data/processed/audio/test/21_03-01-03-01-02-02-21_win0.wav"", ""data/processed/audio/test/21_03-01-03-02-01-01-21_win0.wav""]","[0, 0, 0, 0]",0,0,test
seq_000553,21,14,"[""21_03-01-03-01-02-01-21"", ""21_03-01-03-01-02-02-21"", ""21_03-01-03-02-01-01-21"", ""21_03-01-03-02-01-02-21""]","[""data/processed/audio/test/21_03-01-03-01-02-01-21_win0.wav"", ""data/processed/audio/test/21_03-01-03-01-02-02-21_win0.wav"", ""data/processed/audio/test/21_03-01-03-02-01-01-21_win0.wav"", ""data/processed/audio/test/21_03-01-03-02-01-02-21_win0.wav""]","[0, 0, 0, 0]",0,0,test
seq_000554,21,15,"[""21_03-01-03-01-02-02-21"", ""21_03-01-03-02-01-01-21"", ""21_03-01-03-02-01-02-21"", ""21_03-01-03-02-02-01-21""]","[""data/processed/audio/test/21_03-01-03-01-02-02-21_win0.wav"", ""data/processed/audio/test/21_03-01-03-02-01-01-21_win0.wav"", ""data/processed/audio/test/21_03-01-03-02-01-02-21_win0.wav"", ""data/processed/audio/test/21_03-01-03-02-02-01-21_win0.wav""]","[0, 0, 0, 0]",0,0,test
seq_000555,21,16,"[""21_03-01-03-02-01-01-21"", ""21_03-01-03-02-01-02-21"", ""21_03-01-03-02-02-01-21"", ""21_03-01-03-02-02-02-21""]","[""data/processed/audio/test/21_03-01-03-02-01-01-21_win0.wav"", ""data/processed/audio/test/21_03-01-03-02-01-02-21_win0.wav"", ""data/processed/audio/test/21_03-01-03-02-02-01-21_win0.wav"", ""data/processed/audio/test/21_03-01-03-02-02-02-21_win0.wav""]","[0, 0, 0, 0]",0,0,test
seq_000556,21,17,"[""21_03-01-03-02-01-02-21"", ""21_03-01-03-02-02-01-21"", ""21_03-01-03-02-02-02-21"", ""21_03-01-04-01-01-01-21""]","[""data/processed/audio/test/21_03-01-03-02-01-02-21_win0.wav"", ""data/processed/audio/test/21_03-01-03-02-02-01-21_win0.wav"", ""data/processed/audio/test/21_03-01-03-02-02-02-21_win0.wav"", ""data/processed/audio/test/21_03-01-04-01-01-01-21_win0.wav""]","[0, 0, 0, 0]",0,0,test
seq_000557,21,18,"[""21_03-01-03-02-02-01-21"", ""21_03-01-03-02-02-02-21"", ""21_03-01-04-01-01-01-21"", ""21_03-01-04-01-01-02-21""]","[""data/processed/audio/test/21_03-01-03-02-02-01-21_win0.wav"", ""data/processed/audio/test/21_03-01-03-02-02-02-21_win0.wav"", ""data/processed/audio/test/21_03-01-04-01-01-01-21_win0.wav"", ""data/processed/audio/test/21_03-01-04-01-01-02-21_win0.wav""]","[0, 0, 0, 0]",0,0,test
seq_000558,21,19,"[""21_03-01-03-02-02-02-21"", ""21_03-01-04-01-01-01-21"", ""21_03-01-04-01-01-02-21"", ""21_03-01-04-01-02-01-21""]","[""data/processed/audio/test/21_03-01-03-02-02-02-21_win0.wav"", ""data/processed/audio/test/21_03-01-04-01-01-01-21_win0.wav"", ""data/processed/audio/test/21_03-01-04-01-01-02-21_win0.wav"", ""data/processed/audio/test/21_03-01-04-01-02-01-21_win0.wav""]","[0, 0, 0, 0]",0,0,test
seq_000559,21,20,"[""21_03-01-04-01-01-01-21"", ""21_03-01-04-01-01-02-21"", ""21_03-01-04-01-02-01-21"", ""21_03-01-04-01-02-02-21""]","[""data/processed/audio/test/21_03-01-04-01-01-01-21_win0.wav"", ""data/processed/audio/test/21_03-01-04-01-01-02-21_win0.wav"", ""data/processed/audio/test/21_03-01-04-01-02-01-21_win0.wav"", ""data/processed/audio/test/21_03-01-04-01-02-02-21_win0.wav""]","[0, 0, 0, 0]",0,0,test
seq_000560,21,21,"[""21_03-01-04-01-01-02-21"", ""21_03-01-04-01-02-01-21"", ""21_03-01-04-01-02-02-21"", ""21_03-01-04-02-01-01-21""]","[""data/processed/audio/test/21_03-01-04-01-01-02-21_win0.wav"", ""data/processed/audio/test/21_03-01-04-01-02-01-21_win0.wav"", ""data/processed/audio/test/21_03-01-04-01-02-02-21_win0.wav"", ""data/processed/audio/test/21_03-01-04-02-01-01-21_win0.wav""]","[0, 0, 0, 0]",0,0,test
seq_000561,21,22,"[""21_03-01-04-01-02-01-21"", ""21_03-01-04-01-02-02-21"", ""21_03-01-04-02-01-01-21"", ""21_03-01-04-02-01-02-21""]","[""data/processed/audio/test/21_03-01-04-01-02-01-21_win0.wav"", ""data/processed/audio/test/21_03-01-04-01-02-02-21_win0.wav"", ""data/processed/audio/test/21_03-01-04-02-01-01-21_win0.wav"", ""data/processed/audio/test/21_03-01-04-02-01-02-21_win0.wav""]","[0, 0, 0, 0]",0,0,test
seq_000562,21,23,"[""21_03-01-04-01-02-02-21"", ""21_03-01-04-02-01-01-21"", ""21_03-01-04-02-01-02-21"", ""21_03-01-04-02-02-01-21""]","[""data/processed/audio/test/21_03-01-04-01-02-02-21_win0.wav"", ""data/processed/audio/test/21_03-01-04-02-01-01-21_win0.wav"", ""data/processed/audio/test/21_03-01-04-02-01-02-21_win0.wav"", ""data/processed/audio/test/21_03-01-04-02-02-01-21_win0.wav""]","[0, 0, 0, 0]",0,0,test
seq_000563,21,24,"[""21_03-01-04-02-01-01-21"", ""21_03-01-04-02-01-02-21"", ""21_03-01-04-02-02-01-21"", ""21_03-01-04-02-02-02-21""]","[""data/processed/audio/test/21_03-01-04-02-01-01-21_win0.wav"", ""data/processed/audio/test/21_03-01-04-02-01-02-21_win0.wav"", ""data/processed/audio/test/21_03-01-04-02-02-01-21_win0.wav"", ""data/processed/audio/test/21_03-01-04-02-02-02-21_win0.wav""]","[0, 0, 0, 0]",0,0,test
seq_000564,21,25,"[""21_03-01-04-02-01-02-21"", ""21_03-01-04-02-02-01-21"", ""21_03-01-04-02-02-02-21"", ""21_03-01-05-01-01-01-21""]","[""data/processed/audio/test/21_03-01-04-02-01-02-21_win0.wav"", ""data/processed/audio/test/21_03-01-04-02-02-01-21_win0.wav"", ""data/processed/audio/test/21_03-01-04-02-02-02-21_win0.wav"", ""data/processed/audio/test/21_03-01-05-01-01-01-21_win0.wav""]","[0, 0, 0, 1]",1,0,test
seq_000565,21,26,"[""21_03-01-04-02-02-01-21"", ""21_03-01-04-02-02-02-21"", ""21_03-01-05-01-01-01-21"", ""21_03-01-05-01-01-02-21""]","[""data/processed/audio/test/21_03-01-04-02-02-01-21_win0.wav"", ""data/processed/audio/test/21_03-01-04-02-02-02-21_win0.wav"", ""data/processed/audio/test/21_03-01-05-01-01-01-21_win0.wav"", ""data/processed/audio/test/21_03-01-05-01-01-02-21_win0.wav""]","[0, 0, 1, 1]",1,1,test
seq_000566,21,27,"[""21_03-01-04-02-02-02-21"", ""21_03-01-05-01-01-01-21"", ""21_03-01-05-01-01-02-21"", ""21_03-01-05-01-02-01-21""]","[""data/processed/audio/test/21_03-01-04-02-02-02-21_win0.wav"", ""data/processed/audio/test/21_03-01-05-01-01-01-21_win0.wav"", ""data/processed/audio/test/21_03-01-05-01-01-02-21_win0.wav"", ""data/processed/audio/test/21_03-01-05-01-02-01-21_win0.wav""]","[0, 1, 1, 1]",1,1,test
seq_000567,21,28,"[""21_03-01-05-01-01-01-21"", ""21_03-01-05-01-01-02-21"", ""21_03-01-05-01-02-01-21"", ""21_03-01-05-01-02-02-21""]","[""data/processed/audio/test/21_03-01-05-01-01-01-21_win0.wav"", ""data/processed/audio/test/21_03-01-05-01-01-02-21_win0.wav"", ""data/processed/audio/test/21_03-01-05-01-02-01-21_win0.wav"", ""data/processed/audio/test/21_03-01-05-01-02-02-21_win0.wav""]","[1, 1, 1, 1]",1,0,test
seq_000568,21,29,"[""21_03-01-05-01-01-02-21"", ""21_03-01-05-01-02-01-21"", ""21_03-01-05-01-02-02-21"", ""21_03-01-05-02-01-01-21""]","[""data/processed/audio/test/21_03-01-05-01-01-02-21_win0.wav"", ""data/processed/audio/test/21_03-01-05-01-02-01-21_win0.wav"", ""data/processed/audio/test/21_03-01-05-01-02-02-21_win0.wav"", ""data/processed/audio/test/21_03-01-05-02-01-01-21_win0.wav""]","[1, 1, 1, 1]",1,0,test
seq_000569,21,30,"[""21_03-01-05-01-02-01-21"", ""21_03-01-05-01-02-02-21"", ""21_03-01-05-02-01-01-21"", ""21_03-01-05-02-01-02-21""]","[""data/processed/audio/test/21_03-01-05-01-02-01-21_win0.wav"", ""data/processed/audio/test/21_03-01-05-01-02-02-21_win0.wav"", ""data/processed/audio/test/21_03-01-05-02-01-01-21_win0.wav"", ""data/processed/audio/test/21_03-01-05-02-01-02-21_win0.wav""]","[1, 1, 1, 1]",1,0,test
seq_000570,21,31,"[""21_03-01-05-01-02-02-21"", ""21_03-01-05-02-01-01-21"", ""21_03-01-05-02-01-02-21"", ""21_03-01-05-02-02-01-21""]","[""data/processed/audio/test/21_03-01-05-01-02-02-21_win0.wav"", ""data/processed/audio/test/21_03-01-05-02-01-01-21_win0.wav"", ""data/processed/audio/test/21_03-01-05-02-01-02-21_win0.wav"", ""data/processed/audio/test/21_03-01-05-02-02-01-21_win0.wav""]","[1, 1, 1, 1]",1,0,test
seq_000571,21,32,"[""21_03-01-05-02-01-01-21"", ""21_03-01-05-02-01-02-21"", ""21_03-01-05-02-02-01-21"", ""21_03-01-05-02-02-02-21""]","[""data/processed/audio/test/21_03-01-05-02-01-01-21_win0.wav"", ""data/processed/audio/test/21_03-01-05-02-01-02-21_win0.wav"", ""data/processed/audio/test/21_03-01-05-02-02-01-21_win0.wav"", ""data/processed/audio/test/21_03-01-05-02-02-02-21_win0.wav""]","[1, 1, 1, 1]",1,0,test
seq_000572,21,33,"[""21_03-01-05-02-01-02-21"", ""21_03-01-05-02-02-01-21"", ""21_03-01-05-02-02-02-21"", ""21_03-01-06-01-01-01-21""]","[""data/processed/audio/test/21_03-01-05-02-01-02-21_win0.wav"", ""data/processed/audio/test/21_03-01-05-02-02-01-21_win0.wav"", ""data/processed/audio/test/21_03-01-05-02-02-02-21_win0.wav"", ""data/processed/audio/test/21_03-01-06-01-01-01-21_win0.wav""]","[1, 1, 1, 1]",1,0,test
seq_000573,21,34,"[""21_03-01-05-02-02-01-21"", ""21_03-01-05-02-02-02-21"", ""21_03-01-06-01-01-01-21"", ""21_03-01-06-01-01-02-21""]","[""data/processed/audio/test/21_03-01-05-02-02-01-21_win0.wav"", ""data/processed/audio/test/21_03-01-05-02-02-02-21_win0.wav"", ""data/processed/audio/test/21_03-01-06-01-01-01-21_win0.wav"", ""data/processed/audio/test/21_03-01-06-01-01-02-21_win0.wav""]","[1, 1, 1, 1]",1,0,test
seq_000574,21,35,"[""21_03-01-05-02-02-02-21"", ""21_03-01-06-01-01-01-21"", ""21_03-01-06-01-01-02-21"", ""21_03-01-06-01-02-01-21""]","[""data/processed/audio/test/21_03-01-05-02-02-02-21_win0.wav"", ""data/processed/audio/test/21_03-01-06-01-01-01-21_win0.wav"", ""data/processed/audio/test/21_03-01-06-01-01-02-21_win0.wav"", ""data/processed/audio/test/21_03-01-06-01-02-01-21_win0.wav""]","[1, 1, 1, 1]",1,0,test
seq_000575,21,36,"[""21_03-01-06-01-01-01-21"", ""21_03-01-06-01-01-02-21"", ""21_03-01-06-01-02-01-21"", ""21_03-01-06-01-02-02-21""]","[""data/processed/audio/test/21_03-01-06-01-01-01-21_win0.wav"", ""data/processed/audio/test/21_03-01-06-01-01-02-21_win0.wav"", ""data/processed/audio/test/21_03-01-06-01-02-01-21_win0.wav"", ""data/processed/audio/test/21_03-01-06-01-02-02-21_win0.wav""]","[1, 1, 1, 1]",1,0,test
seq_000576,21,37,"[""21_03-01-06-01-01-02-21"", ""21_03-01-06-01-02-01-21"", ""21_03-01-06-01-02-02-21"", ""21_03-01-06-02-01-01-21""]","[""data/processed/audio/test/21_03-01-06-01-01-02-21_win0.wav"", ""data/processed/audio/test/21_03-01-06-01-02-01-21_win0.wav"", ""data/processed/audio/test/21_03-01-06-01-02-02-21_win0.wav"", ""data/processed/audio/test/21_03-01-06-02-01-01-21_win0.wav""]","[1, 1, 1, 1]",1,0,test
seq_000577,21,38,"[""21_03-01-06-01-02-01-21"", ""21_03-01-06-01-02-02-21"", ""21_03-01-06-02-01-01-21"", ""21_03-01-06-02-01-02-21""]","[""data/processed/audio/test/21_03-01-06-01-02-01-21_win0.wav"", ""data/processed/audio/test/21_03-01-06-01-02-02-21_win0.wav"", ""data/processed/audio/test/21_03-01-06-02-01-01-21_win0.wav"", ""data/processed/audio/test/21_03-01-06-02-01-02-21_win0.wav""]","[1, 1, 1, 1]",1,0,test
seq_000578,21,39,"[""21_03-01-06-01-02-02-21"", ""21_03-01-06-02-01-01-21"", ""21_03-01-06-02-01-02-21"", ""21_03-01-06-02-02-01-21""]","[""data/processed/audio/test/21_03-01-06-01-02-02-21_win0.wav"", ""data/processed/audio/test/21_03-01-06-02-01-01-21_win0.wav"", ""data/processed/audio/test/21_03-01-06-02-01-02-21_win0.wav"", ""data/processed/audio/test/21_03-01-06-02-02-01-21_win0.wav""]","[1, 1, 1, 1]",1,0,test
seq_000579,21,40,"[""21_03-01-06-02-01-01-21"", ""21_03-01-06-02-01-02-21"", ""21_03-01-06-02-02-01-21"", ""21_03-01-06-02-02-02-21""]","[""data/processed/audio/test/21_03-01-06-02-01-01-21_win0.wav"", ""data/processed/audio/test/21_03-01-06-02-01-02-21_win0.wav"", ""data/processed/audio/test/21_03-01-06-02-02-01-21_win0.wav"", ""data/processed/audio/test/21_03-01-06-02-02-02-21_win0.wav""]","[1, 1, 1, 1]",1,0,test
seq_000580,21,41,"[""21_03-01-06-02-01-02-21"", ""21_03-01-06-02-02-01-21"", ""21_03-01-06-02-02-02-21"", ""21_03-01-07-01-01-01-21""]","[""data/processed/audio/test/21_03-01-06-02-01-02-21_win0.wav"", ""data/processed/audio/test/21_03-01-06-02-02-01-21_win0.wav"", ""data/processed/audio/test/21_03-01-06-02-02-02-21_win0.wav"", ""data/processed/audio/test/21_03-01-07-01-01-01-21_win0.wav""]","[1, 1, 1, 1]",1,0,test
seq_000581,21,42,"[""21_03-01-06-02-02-01-21"", ""21_03-01-06-02-02-02-21"", ""21_03-01-07-01-01-01-21"", ""21_03-01-07-01-01-02-21""]","[""data/processed/audio/test/21_03-01-06-02-02-01-21_win0.wav"", ""data/processed/audio/test/21_03-01-06-02-02-02-21_win0.wav"", ""data/processed/audio/test/21_03-01-07-01-01-01-21_win0.wav"", ""data/processed/audio/test/21_03-01-07-01-01-02-21_win0.wav""]","[1, 1, 1, 1]",1,0,test
seq_000582,21,43,"[""21_03-01-06-02-02-02-21"", ""21_03-01-07-01-01-01-21"", ""21_03-01-07-01-01-02-21"", ""21_03-01-07-01-02-01-21""]","[""data/processed/audio/test/21_03-01-06-02-02-02-21_win0.wav"", ""data/processed/audio/test/21_03-01-07-01-01-01-21_win0.wav"", ""data/processed/audio/test/21_03-01-07-01-01-02-21_win0.wav"", ""data/processed/audio/test/21_03-01-07-01-02-01-21_win0.wav""]","[1, 1, 1, 1]",1,0,test
seq_000583,21,44,"[""21_03-01-07-01-01-01-21"", ""21_03-01-07-01-01-02-21"", ""21_03-01-07-01-02-01-21"", ""21_03-01-07-01-02-02-21""]","[""data/processed/audio/test/21_03-01-07-01-01-01-21_win0.wav"", ""data/processed/audio/test/21_03-01-07-01-01-02-21_win0.wav"", ""data/processed/audio/test/21_03-01-07-01-02-01-21_win0.wav"", ""data/processed/audio/test/21_03-01-07-01-02-02-21_win0.wav""]","[1, 1, 1, 1]",1,0,test
seq_000584,21,45,"[""21_03-01-07-01-01-02-21"", ""21_03-01-07-01-02-01-21"", ""21_03-01-07-01-02-02-21"", ""21_03-01-07-02-01-01-21""]","[""data/processed/audio/test/21_03-01-07-01-01-02-21_win0.wav"", ""data/processed/audio/test/21_03-01-07-01-02-01-21_win0.wav"", ""data/processed/audio/test/21_03-01-07-01-02-02-21_win0.wav"", ""data/processed/audio/test/21_03-01-07-02-01-01-21_win0.wav""]","[1, 1, 1, 1]",1,0,test
seq_000585,21,46,"[""21_03-01-07-01-02-01-21"", ""21_03-01-07-01-02-02-21"", ""21_03-01-07-02-01-01-21"", ""21_03-01-07-02-01-02-21""]","[""data/processed/audio/test/21_03-01-07-01-02-01-21_win0.wav"", ""data/processed/audio/test/21_03-01-07-01-02-02-21_win0.wav"", ""data/processed/audio/test/21_03-01-07-02-01-01-21_win0.wav"", ""data/processed/audio/test/21_03-01-07-02-01-02-21_win0.wav""]","[1, 1, 1, 1]",1,0,test
seq_000586,21,47,"[""21_03-01-07-01-02-02-21"", ""21_03-01-07-02-01-01-21"", ""21_03-01-07-02-01-02-21"", ""21_03-01-07-02-02-01-21""]","[""data/processed/audio/test/21_03-01-07-01-02-02-21_win0.wav"", ""data/processed/audio/test/21_03-01-07-02-01-01-21_win0.wav"", ""data/processed/audio/test/21_03-01-07-02-01-02-21_win0.wav"", ""data/processed/audio/test/21_03-01-07-02-02-01-21_win0.wav""]","[1, 1, 1, 1]",1,0,test
seq_000587,21,48,"[""21_03-01-07-02-01-01-21"", ""21_03-01-07-02-01-02-21"", ""21_03-01-07-02-02-01-21"", ""21_03-01-07-02-02-02-21""]","[""data/processed/audio/test/21_03-01-07-02-01-01-21_win0.wav"", ""data/processed/audio/test/21_03-01-07-02-01-02-21_win0.wav"", ""data/processed/audio/test/21_03-01-07-02-02-01-21_win0.wav"", ""data/processed/audio/test/21_03-01-07-02-02-02-21_win0.wav""]","[1, 1, 1, 1]",1,0,test
seq_000588,22,0,"[""22_03-01-01-01-01-01-22"", ""22_03-01-01-01-01-02-22"", ""22_03-01-01-01-02-01-22"", ""22_03-01-01-01-02-02-22""]","[""data/processed/audio/train/22_03-01-01-01-01-01-22_win0.wav"", ""data/processed/audio/train/22_03-01-01-01-01-02-22_win0.wav"", ""data/processed/audio/train/22_03-01-01-01-02-01-22_win0.wav"", ""data/processed/audio/train/22_03-01-01-01-02-02-22_win0.wav""]","[0, 0, 0, 0]",0,0,train
seq_000589,22,1,"[""22_03-01-01-01-01-02-22"", ""22_03-01-01-01-02-01-22"", ""22_03-01-01-01-02-02-22"", ""22_03-01-02-01-01-01-22""]","[""data/processed/audio/train/22_03-01-01-01-01-02-22_win0.wav"", ""data/processed/audio/train/22_03-01-01-01-02-01-22_win0.wav"", ""data/processed/audio/train/22_03-01-01-01-02-02-22_win0.wav"", ""data/processed/audio/train/22_03-01-02-01-01-01-22_win0.wav""]","[0, 0, 0, 0]",0,0,train
seq_000590,22,2,"[""22_03-01-01-01-02-01-22"", ""22_03-01-01-01-02-02-22"", ""22_03-01-02-01-01-01-22"", ""22_03-01-02-01-01-02-22""]","[""data/processed/audio/train/22_03-01-01-01-02-01-22_win0.wav"", ""data/processed/audio/train/22_03-01-01-01-02-02-22_win0.wav"", ""data/processed/audio/train/22_03-01-02-01-01-01-22_win0.wav"", ""data/processed/audio/train/22_03-01-02-01-01-02-22_win0.wav""]","[0, 0, 0, 0]",0,0,train
seq_000591,22,3,"[""22_03-01-01-01-02-02-22"", ""22_03-01-02-01-01-01-22"", ""22_03-01-02-01-01-02-22"", ""22_03-01-02-01-02-01-22""]","[""data/processed/audio/train/22_03-01-01-01-02-02-22_win0.wav"", ""data/processed/audio/train/22_03-01-02-01-01-01-22_win0.wav"", ""data/processed/audio/train/22_03-01-02-01-01-02-22_win0.wav"", ""data/processed/audio/train/22_03-01-02-01-02-01-22_win0.wav""]","[0, 0, 0, 0]",0,0,train
seq_000592,22,4,"[""22_03-01-02-01-01-01-22"", ""22_03-01-02-01-01-02-22"", ""22_03-01-02-01-02-01-22"", ""22_03-01-02-01-02-02-22""]","[""data/processed/audio/train/22_03-01-02-01-01-01-22_win0.wav"", ""data/processed/audio/train/22_03-01-02-01-01-02-22_win0.wav"", ""data/processed/audio/train/22_03-01-02-01-02-01-22_win0.wav"", ""data/processed/audio/train/22_03-01-02-01-02-02-22_win0.wav""]","[0, 0, 0, 0]",0,0,train
seq_000593,22,5,"[""22_03-01-02-01-01-02-22"", ""22_03-01-02-01-02-01-22"", ""22_03-01-02-01-02-02-22"", ""22_03-01-02-02-01-01-22""]","[""data/processed/audio/train/22_03-01-02-01-01-02-22_win0.wav"", ""data/processed/audio/train/22_03-01-02-01-02-01-22_win0.wav"", ""data/processed/audio/train/22_03-01-02-01-02-02-22_win0.wav"", ""data/processed/audio/train/22_03-01-02-02-01-01-22_win0.wav""]","[0, 0, 0, 0]",0,0,train
seq_000594,22,6,"[""22_03-01-02-01-02-01-22"", ""22_03-01-02-01-02-02-22"", ""22_03-01-02-02-01-01-22"", ""22_03-01-02-02-01-02-22""]","[""data/processed/audio/train/22_03-01-02-01-02-01-22_win0.wav"", ""data/processed/audio/train/22_03-01-02-01-02-02-22_win0.wav"", ""data/processed/audio/train/22_03-01-02-02-01-01-22_win0.wav"", ""data/processed/audio/train/22_03-01-02-02-01-02-22_win0.wav""]","[0, 0, 0, 0]",0,0,train
seq_000595,22,7,"[""22_03-01-02-01-02-02-22"", ""22_03-01-02-02-01-01-22"", ""22_03-01-02-02-01-02-22"", ""22_03-01-02-02-02-01-22""]","[""data/processed/audio/train/22_03-01-02-01-02-02-22_win0.wav"", ""data/processed/audio/train/22_03-01-02-02-01-01-22_win0.wav"", ""data/processed/audio/train/22_03-01-02-02-01-02-22_win0.wav"", ""data/processed/audio/train/22_03-01-02-02-02-01-22_win0.wav""]","[0, 0, 0, 0]",0,0,train
seq_000596,22,8,"[""22_03-01-02-02-01-01-22"", ""22_03-01-02-02-01-02-22"", ""22_03-01-02-02-02-01-22"", ""22_03-01-02-02-02-02-22""]","[""data/processed/audio/train/22_03-01-02-02-01-01-22_win0.wav"", ""data/processed/audio/train/22_03-01-02-02-01-02-22_win0.wav"", ""data/processed/audio/train/22_03-01-02-02-02-01-22_win0.wav"", ""data/processed/audio/train/22_03-01-02-02-02-02-22_win0.wav""]","[0, 0, 0, 0]",0,0,train
seq_000597,22,9,"[""22_03-01-02-02-01-02-22"", ""22_03-01-02-02-02-01-22"", ""22_03-01-02-02-02-02-22"", ""22_03-01-03-01-01-01-22""]","[""data/processed/audio/train/22_03-01-02-02-01-02-22_win0.wav"", ""data/processed/audio/train/22_03-01-02-02-02-01-22_win0.wav"", ""data/processed/audio/train/22_03-01-02-02-02-02-22_win0.wav"", ""data/processed/audio/train/22_03-01-03-01-01-01-22_win0.wav""]","[0, 0, 0, 0]",0,0,train
seq_000598,22,10,"[""22_03-01-02-02-02-01-22"", ""22_03-01-02-02-02-02-22"", ""22_03-01-03-01-01-01-22"", ""22_03-01-03-01-01-02-22""]","[""data/processed/audio/train/22_03-01-02-02-02-01-22_win0.wav"", ""data/processed/audio/train/22_03-01-02-02-02-02-22_win0.wav"", ""data/processed/audio/train/22_03-01-03-01-01-01-22_win0.wav"", ""data/processed/audio/train/22_03-01-03-01-01-02-22_win0.wav""]","[0, 0, 0, 0]",0,0,train
seq_000599,22,11,"[""22_03-01-02-02-02-02-22"", ""22_03-01-03-01-01-01-22"", ""22_03-01-03-01-01-02-22"", ""22_03-01-03-01-02-01-22""]","[""data/processed/audio/train/22_03-01-02-02-02-02-22_win0.wav"", ""data/processed/audio/train/22_03-01-03-01-01-01-22_win0.wav"", ""data/processed/audio/train/22_03-01-03-01-01-02-22_win0.wav"", ""data/processed/audio/train/22_03-01-03-01-02-01-22_win0.wav""]","[0, 0, 0, 0]",0,0,train
seq_000600,22,12,"[""22_03-01-03-01-01-01-22"", ""22_03-01-03-01-01-02-22"", ""22_03-01-03-01-02-01-22"", ""22_03-01-03-01-02-02-22""]","[""data/processed/audio/train/22_03-01-03-01-01-01-22_win0.wav"", ""data/processed/audio/train/22_03-01-03-01-01-02-22_win0.wav"", ""data/processed/audio/train/22_03-01-03-01-02-01-22_win0.wav"", ""data/processed/audio/train/22_03-01-03-01-02-02-22_win0.wav""]","[0, 0, 0, 0]",0,0,train
seq_000601,22,13,"[""22_03-01-03-01-01-02-22"", ""22_03-01-03-01-02-01-22"", ""22_03-01-03-01-02-02-22"", ""22_03-01-03-02-01-01-22""]","[""data/processed/audio/train/22_03-01-03-01-01-02-22_win0.wav"", ""data/processed/audio/train/22_03-01-03-01-02-01-22_win0.wav"", ""data/processed/audio/train/22_03-01-03-01-02-02-22_win0.wav"", ""data/processed/audio/train/22_03-01-03-02-01-01-22_win0.wav""]","[0, 0, 0, 0]",0,0,train
seq_000602,22,14,"[""22_03-01-03-01-02-01-22"", ""22_03-01-03-01-02-02-22"", ""22_03-01-03-02-01-01-22"", ""22_03-01-03-02-01-02-22""]","[""data/processed/audio/train/22_03-01-03-01-02-01-22_win0.wav"", ""data/processed/audio/train/22_03-01-03-01-02-02-22_win0.wav"", ""data/processed/audio/train/22_03-01-03-02-01-01-22_win0.wav"", ""data/processed/audio/train/22_03-01-03-02-01-02-22_win0.wav""]","[0, 0, 0, 0]",0,0,train
seq_000603,22,15,"[""22_03-01-03-01-02-02-22"", ""22_03-01-03-02-01-01-22"", ""22_03-01-03-02-01-02-22"", ""22_03-01-03-02-02-01-22""]","[""data/processed/audio/train/22_03-01-03-01-02-02-22_win0.wav"", ""data/processed/audio/train/22_03-01-03-02-01-01-22_win0.wav"", ""data/processed/audio/train/22_03-01-03-02-01-02-22_win0.wav"", ""data/processed/audio/train/22_03-01-03-02-02-01-22_win0.wav""]","[0, 0, 0, 0]",0,0,train
seq_000604,22,16,"[""22_03-01-03-02-01-01-22"", ""22_03-01-03-02-01-02-22"", ""22_03-01-03-02-02-01-22"", ""22_03-01-03-02-02-02-22""]","[""data/processed/audio/train/22_03-01-03-02-01-01-22_win0.wav"", ""data/processed/audio/train/22_03-01-03-02-01-02-22_win0.wav"", ""data/processed/audio/train/22_03-01-03-02-02-01-22_win0.wav"", ""data/processed/audio/train/22_03-01-03-02-02-02-22_win0.wav""]","[0, 0, 0, 0]",0,0,train
seq_000605,22,17,"[""22_03-01-03-02-01-02-22"", ""22_03-01-03-02-02-01-22"", ""22_03-01-03-02-02-02-22"", ""22_03-01-04-01-01-01-22""]","[""data/processed/audio/train/22_03-01-03-02-01-02-22_win0.wav"", ""data/processed/audio/train/22_03-01-03-02-02-01-22_win0.wav"", ""data/processed/audio/train/22_03-01-03-02-02-02-22_win0.wav"", ""data/processed/audio/train/22_03-01-04-01-01-01-22_win0.wav""]","[0, 0, 0, 0]",0,0,train
seq_000606,22,18,"[""22_03-01-03-02-02-01-22"", ""22_03-01-03-02-02-02-22"", ""22_03-01-04-01-01-01-22"", ""22_03-01-04-01-01-02-22""]","[""data/processed/audio/train/22_03-01-03-02-02-01-22_win0.wav"", ""data/processed/audio/train/22_03-01-03-02-02-02-22_win0.wav"", ""data/processed/audio/train/22_03-01-04-01-01-01-22_win0.wav"", ""data/processed/audio/train/22_03-01-04-01-01-02-22_win0.wav""]","[0, 0, 0, 0]",0,0,train
seq_000607,22,19,"[""22_03-01-03-02-02-02-22"", ""22_03-01-04-01-01-01-22"", ""22_03-01-04-01-01-02-22"", ""22_03-01-04-01-02-01-22""]","[""data/processed/audio/train/22_03-01-03-02-02-02-22_win0.wav"", ""data/processed/audio/train/22_03-01-04-01-01-01-22_win0.wav"", ""data/processed/audio/train/22_03-01-04-01-01-02-22_win0.wav"", ""data/processed/audio/train/22_03-01-04-01-02-01-22_win0.wav""]","[0, 0, 0, 0]",0,0,train
seq_000608,22,20,"[""22_03-01-04-01-01-01-22"", ""22_03-01-04-01-01-02-22"", ""22_03-01-04-01-02-01-22"", ""22_03-01-04-01-02-02-22""]","[""data/processed/audio/train/22_03-01-04-01-01-01-22_win0.wav"", ""data/processed/audio/train/22_03-01-04-01-01-02-22_win0.wav"", ""data/processed/audio/train/22_03-01-04-01-02-01-22_win0.wav"", ""data/processed/audio/train/22_03-01-04-01-02-02-22_win0.wav""]","[0, 0, 0, 0]",0,0,train
seq_000609,22,21,"[""22_03-01-04-01-01-02-22"", ""22_03-01-04-01-02-01-22"", ""22_03-01-04-01-02-02-22"", ""22_03-01-04-02-01-01-22""]","[""data/processed/audio/train/22_03-01-04-01-01-02-22_win0.wav"", ""data/processed/audio/train/22_03-01-04-01-02-01-22_win0.wav"", ""data/processed/audio/train/22_03-01-04-01-02-02-22_win0.wav"", ""data/processed/audio/train/22_03-01-04-02-01-01-22_win0.wav""]","[0, 0, 0, 0]",0,0,train
seq_000610,22,22,"[""22_03-01-04-01-02-01-22"", ""22_03-01-04-01-02-02-22"", ""22_03-01-04-02-01-01-22"", ""22_03-01-04-02-01-02-22""]","[""data/processed/audio/train/22_03-01-04-01-02-01-22_win0.wav"", ""data/processed/audio/train/22_03-01-04-01-02-02-22_win0.wav"", ""data/processed/audio/train/22_03-01-04-02-01-01-22_win0.wav"", ""data/processed/audio/train/22_03-01-04-02-01-02-22_win0.wav""]","[0, 0, 0, 0]",0,0,train
seq_000611,22,23,"[""22_03-01-04-01-02-02-22"", ""22_03-01-04-02-01-01-22"", ""22_03-01-04-02-01-02-22"", ""22_03-01-04-02-02-01-22""]","[""data/processed/audio/train/22_03-01-04-01-02-02-22_win0.wav"", ""data/processed/audio/train/22_03-01-04-02-01-01-22_win0.wav"", ""data/processed/audio/train/22_03-01-04-02-01-02-22_win0.wav"", ""data/processed/audio/train/22_03-01-04-02-02-01-22_win0.wav""]","[0, 0, 0, 0]",0,0,train
seq_000612,22,24,"[""22_03-01-04-02-01-01-22"", ""22_03-01-04-02-01-02-22"", ""22_03-01-04-02-02-01-22"", ""22_03-01-04-02-02-02-22""]","[""data/processed/audio/train/22_03-01-04-02-01-01-22_win0.wav"", ""data/processed/audio/train/22_03-01-04-02-01-02-22_win0.wav"", ""data/processed/audio/train/22_03-01-04-02-02-01-22_win0.wav"", ""data/processed/audio/train/22_03-01-04-02-02-02-22_win0.wav""]","[0, 0, 0, 0]",0,0,train
seq_000613,22,25,"[""22_03-01-04-02-01-02-22"", ""22_03-01-04-02-02-01-22"", ""22_03-01-04-02-02-02-22"", ""22_03-01-05-01-01-01-22""]","[""data/processed/audio/train/22_03-01-04-02-01-02-22_win0.wav"", ""data/processed/audio/train/22_03-01-04-02-02-01-22_win0.wav"", ""data/processed/audio/train/22_03-01-04-02-02-02-22_win0.wav"", ""data/processed/audio/train/22_03-01-05-01-01-01-22_win0.wav""]","[0, 0, 0, 1]",1,0,train
seq_000614,22,26,"[""22_03-01-04-02-02-01-22"", ""22_03-01-04-02-02-02-22"", ""22_03-01-05-01-01-01-22"", ""22_03-01-05-01-01-02-22""]","[""data/processed/audio/train/22_03-01-04-02-02-01-22_win0.wav"", ""data/processed/audio/train/22_03-01-04-02-02-02-22_win0.wav"", ""data/processed/audio/train/22_03-01-05-01-01-01-22_win0.wav"", ""data/processed/audio/train/22_03-01-05-01-01-02-22_win0.wav""]","[0, 0, 1, 1]",1,1,train
seq_000615,22,27,"[""22_03-01-04-02-02-02-22"", ""22_03-01-05-01-01-01-22"", ""22_03-01-05-01-01-02-22"", ""22_03-01-05-01-02-01-22""]","[""data/processed/audio/train/22_03-01-04-02-02-02-22_win0.wav"", ""data/processed/audio/train/22_03-01-05-01-01-01-22_win0.wav"", ""data/processed/audio/train/22_03-01-05-01-01-02-22_win0.wav"", ""data/processed/audio/train/22_03-01-05-01-02-01-22_win0.wav""]","[0, 1, 1, 1]",1,1,train
seq_000616,22,28,"[""22_03-01-05-01-01-01-22"", ""22_03-01-05-01-01-02-22"", ""22_03-01-05-01-02-01-22"", ""22_03-01-05-01-02-02-22""]","[""data/processed/audio/train/22_03-01-05-01-01-01-22_win0.wav"", ""data/processed/audio/train/22_03-01-05-01-01-02-22_win0.wav"", ""data/processed/audio/train/22_03-01-05-01-02-01-22_win0.wav"", ""data/processed/audio/train/22_03-01-05-01-02-02-22_win0.wav""]","[1, 1, 1, 1]",1,0,train
seq_000617,22,29,"[""22_03-01-05-01-01-02-22"", ""22_03-01-05-01-02-01-22"", ""22_03-01-05-01-02-02-22"", ""22_03-01-05-02-01-01-22""]","[""data/processed/audio/train/22_03-01-05-01-01-02-22_win0.wav"", ""data/processed/audio/train/22_03-01-05-01-02-01-22_win0.wav"", ""data/processed/audio/train/22_03-01-05-01-02-02-22_win0.wav"", ""data/processed/audio/train/22_03-01-05-02-01-01-22_win0.wav""]","[1, 1, 1, 1]",1,0,train
seq_000618,22,30,"[""22_03-01-05-01-02-01-22"", ""22_03-01-05-01-02-02-22"", ""22_03-01-05-02-01-01-22"", ""22_03-01-05-02-01-02-22""]","[""data/processed/audio/train/22_03-01-05-01-02-01-22_win0.wav"", ""data/processed/audio/train/22_03-01-05-01-02-02-22_win0.wav"", ""data/processed/audio/train/22_03-01-05-02-01-01-22_win0.wav"", ""data/processed/audio/train/22_03-01-05-02-01-02-22_win0.wav""]","[1, 1, 1, 1]",1,0,train
seq_000619,22,31,"[""22_03-01-05-01-02-02-22"", ""22_03-01-05-02-01-01-22"", ""22_03-01-05-02-01-02-22"", ""22_03-01-05-02-02-01-22""]","[""data/processed/audio/train/22_03-01-05-01-02-02-22_win0.wav"", ""data/processed/audio/train/22_03-01-05-02-01-01-22_win0.wav"", ""data/processed/audio/train/22_03-01-05-02-01-02-22_win0.wav"", ""data/processed/audio/train/22_03-01-05-02-02-01-22_win0.wav""]","[1, 1, 1, 1]",1,0,train
seq_000620,22,32,"[""22_03-01-05-02-01-01-22"", ""22_03-01-05-02-01-02-22"", ""22_03-01-05-02-02-01-22"", ""22_03-01-05-02-02-02-22""]","[""data/processed/audio/train/22_03-01-05-02-01-01-22_win0.wav"", ""data/processed/audio/train/22_03-01-05-02-01-02-22_win0.wav"", ""data/processed/audio/train/22_03-01-05-02-02-01-22_win0.wav"", ""data/processed/audio/train/22_03-01-05-02-02-02-22_win0.wav""]","[1, 1, 1, 1]",1,0,train
seq_000621,22,33,"[""22_03-01-05-02-01-02-22"", ""22_03-01-05-02-02-01-22"", ""22_03-01-05-02-02-02-22"", ""22_03-01-06-01-01-01-22""]","[""data/processed/audio/train/22_03-01-05-02-01-02-22_win0.wav"", ""data/processed/audio/train/22_03-01-05-02-02-01-22_win0.wav"", ""data/processed/audio/train/22_03-01-05-02-02-02-22_win0.wav"", ""data/processed/audio/train/22_03-01-06-01-01-01-22_win0.wav""]","[1, 1, 1, 1]",1,0,train
seq_000622,22,34,"[""22_03-01-05-02-02-01-22"", ""22_03-01-05-02-02-02-22"", ""22_03-01-06-01-01-01-22"", ""22_03-01-06-01-01-02-22""]","[""data/processed/audio/train/22_03-01-05-02-02-01-22_win0.wav"", ""data/processed/audio/train/22_03-01-05-02-02-02-22_win0.wav"", ""data/processed/audio/train/22_03-01-06-01-01-01-22_win0.wav"", ""data/processed/audio/train/22_03-01-06-01-01-02-22_win0.wav""]","[1, 1, 1, 1]",1,0,train
seq_000623,22,35,"[""22_03-01-05-02-02-02-22"", ""22_03-01-06-01-01-01-22"", ""22_03-01-06-01-01-02-22"", ""22_03-01-06-01-02-01-22""]","[""data/processed/audio/train/22_03-01-05-02-02-02-22_win0.wav"", ""data/processed/audio/train/22_03-01-06-01-01-01-22_win0.wav"", ""data/processed/audio/train/22_03-01-06-01-01-02-22_win0.wav"", ""data/processed/audio/train/22_03-01-06-01-02-01-22_win0.wav""]","[1, 1, 1, 1]",1,0,train
seq_000624,22,36,"[""22_03-01-06-01-01-01-22"", ""22_03-01-06-01-01-02-22"", ""22_03-01-06-01-02-01-22"", ""22_03-01-06-01-02-02-22""]","[""data/processed/audio/train/22_03-01-06-01-01-01-22_win0.wav"", ""data/processed/audio/train/22_03-01-06-01-01-02-22_win0.wav"", ""data/processed/audio/train/22_03-01-06-01-02-01-22_win0.wav"", ""data/processed/audio/train/22_03-01-06-01-02-02-22_win0.wav""]","[1, 1, 1, 1]",1,0,train
seq_000625,22,37,"[""22_03-01-06-01-01-02-22"", ""22_03-01-06-01-02-01-22"", ""22_03-01-06-01-02-02-22"", ""22_03-01-06-02-01-01-22""]","[""data/processed/audio/train/22_03-01-06-01-01-02-22_win0.wav"", ""data/processed/audio/train/22_03-01-06-01-02-01-22_win0.wav"", ""data/processed/audio/train/22_03-01-06-01-02-02-22_win0.wav"", ""data/processed/audio/train/22_03-01-06-02-01-01-22_win0.wav""]","[1, 1, 1, 1]",1,0,train
seq_000626,22,38,"[""22_03-01-06-01-02-01-22"", ""22_03-01-06-01-02-02-22"", ""22_03-01-06-02-01-01-22"", ""22_03-01-06-02-01-02-22""]","[""data/processed/audio/train/22_03-01-06-01-02-01-22_win0.wav"", ""data/processed/audio/train/22_03-01-06-01-02-02-22_win0.wav"", ""data/processed/audio/train/22_03-01-06-02-01-01-22_win0.wav"", ""data/processed/audio/train/22_03-01-06-02-01-02-22_win0.wav""]","[1, 1, 1, 1]",1,0,train
seq_000627,22,39,"[""22_03-01-06-01-02-02-22"", ""22_03-01-06-02-01-01-22"", ""22_03-01-06-02-01-02-22"", ""22_03-01-06-02-02-01-22""]","[""data/processed/audio/train/22_03-01-06-01-02-02-22_win0.wav"", ""data/processed/audio/train/22_03-01-06-02-01-01-22_win0.wav"", ""data/processed/audio/train/22_03-01-06-02-01-02-22_win0.wav"", ""data/processed/audio/train/22_03-01-06-02-02-01-22_win0.wav""]","[1, 1, 1, 1]",1,0,train
seq_000628,22,40,"[""22_03-01-06-02-01-01-22"", ""22_03-01-06-02-01-02-22"", ""22_03-01-06-02-02-01-22"", ""22_03-01-06-02-02-02-22""]","[""data/processed/audio/train/22_03-01-06-02-01-01-22_win0.wav"", ""data/processed/audio/train/22_03-01-06-02-01-02-22_win0.wav"", ""data/processed/audio/train/22_03-01-06-02-02-01-22_win0.wav"", ""data/processed/audio/train/22_03-01-06-02-02-02-22_win0.wav""]","[1, 1, 1, 1]",1,0,train
seq_000629,22,41,"[""22_03-01-06-02-01-02-22"", ""22_03-01-06-02-02-01-22"", ""22_03-01-06-02-02-02-22"", ""22_03-01-07-01-01-01-22""]","[""data/processed/audio/train/22_03-01-06-02-01-02-22_win0.wav"", ""data/processed/audio/train/22_03-01-06-02-02-01-22_win0.wav"", ""data/processed/audio/train/22_03-01-06-02-02-02-22_win0.wav"", ""data/processed/audio/train/22_03-01-07-01-01-01-22_win0.wav""]","[1, 1, 1, 1]",1,0,train
seq_000630,22,42,"[""22_03-01-06-02-02-01-22"", ""22_03-01-06-02-02-02-22"", ""22_03-01-07-01-01-01-22"", ""22_03-01-07-01-01-02-22""]","[""data/processed/audio/train/22_03-01-06-02-02-01-22_win0.wav"", ""data/processed/audio/train/22_03-01-06-02-02-02-22_win0.wav"", ""data/processed/audio/train/22_03-01-07-01-01-01-22_win0.wav"", ""data/processed/audio/train/22_03-01-07-01-01-02-22_win0.wav""]","[1, 1, 1, 1]",1,0,train
seq_000631,22,43,"[""22_03-01-06-02-02-02-22"", ""22_03-01-07-01-01-01-22"", ""22_03-01-07-01-01-02-22"", ""22_03-01-07-01-02-01-22""]","[""data/processed/audio/train/22_03-01-06-02-02-02-22_win0.wav"", ""data/processed/audio/train/22_03-01-07-01-01-01-22_win0.wav"", ""data/processed/audio/train/22_03-01-07-01-01-02-22_win0.wav"", ""data/processed/audio/train/22_03-01-07-01-02-01-22_win0.wav""]","[1, 1, 1, 1]",1,0,train
seq_000632,22,44,"[""22_03-01-07-01-01-01-22"", ""22_03-01-07-01-01-02-22"", ""22_03-01-07-01-02-01-22"", ""22_03-01-07-01-02-02-22""]","[""data/processed/audio/train/22_03-01-07-01-01-01-22_win0.wav"", ""data/processed/audio/train/22_03-01-07-01-01-02-22_win0.wav"", ""data/processed/audio/train/22_03-01-07-01-02-01-22_win0.wav"", ""data/processed/audio/train/22_03-01-07-01-02-02-22_win0.wav""]","[1, 1, 1, 1]",1,0,train
seq_000633,22,45,"[""22_03-01-07-01-01-02-22"", ""22_03-01-07-01-02-01-22"", ""22_03-01-07-01-02-02-22"", ""22_03-01-07-02-01-01-22""]","[""data/processed/audio/train/22_03-01-07-01-01-02-22_win0.wav"", ""data/processed/audio/train/22_03-01-07-01-02-01-22_win0.wav"", ""data/processed/audio/train/22_03-01-07-01-02-02-22_win0.wav"", ""data/processed/audio/train/22_03-01-07-02-01-01-22_win0.wav""]","[1, 1, 1, 1]",1,0,train
seq_000634,22,46,"[""22_03-01-07-01-02-01-22"", ""22_03-01-07-01-02-02-22"", ""22_03-01-07-02-01-01-22"", ""22_03-01-07-02-01-02-22""]","[""data/processed/audio/train/22_03-01-07-01-02-01-22_win0.wav"", ""data/processed/audio/train/22_03-01-07-01-02-02-22_win0.wav"", ""data/processed/audio/train/22_03-01-07-02-01-01-22_win0.wav"", ""data/processed/audio/train/22_03-01-07-02-01-02-22_win0.wav""]","[1, 1, 1, 1]",1,0,train
seq_000635,22,47,"[""22_03-01-07-01-02-02-22"", ""22_03-01-07-02-01-01-22"", ""22_03-01-07-02-01-02-22"", ""22_03-01-07-02-02-01-22""]","[""data/processed/audio/train/22_03-01-07-01-02-02-22_win0.wav"", ""data/processed/audio/train/22_03-01-07-02-01-01-22_win0.wav"", ""data/processed/audio/train/22_03-01-07-02-01-02-22_win0.wav"", ""data/processed/audio/train/22_03-01-07-02-02-01-22_win0.wav""]","[1, 1, 1, 1]",1,0,train
seq_000636,22,48,"[""22_03-01-07-02-01-01-22"", ""22_03-01-07-02-01-02-22"", ""22_03-01-07-02-02-01-22"", ""22_03-01-07-02-02-02-22""]","[""data/processed/audio/train/22_03-01-07-02-01-01-22_win0.wav"", ""data/processed/audio/train/22_03-01-07-02-01-02-22_win0.wav"", ""data/processed/audio/train/22_03-01-07-02-02-01-22_win0.wav"", ""data/processed/audio/train/22_03-01-07-02-02-02-22_win0.wav""]","[1, 1, 1, 1]",1,0,train
seq_000637,23,0,"[""23_03-01-01-01-01-01-23"", ""23_03-01-01-01-01-02-23"", ""23_03-01-01-01-02-01-23"", ""23_03-01-01-01-02-02-23""]","[""data/processed/audio/val/23_03-01-01-01-01-01-23_win0.wav"", ""data/processed/audio/val/23_03-01-01-01-01-02-23_win0.wav"", ""data/processed/audio/val/23_03-01-01-01-02-01-23_win0.wav"", ""data/processed/audio/val/23_03-01-01-01-02-02-23_win0.wav""]","[0, 0, 0, 0]",0,0,val
seq_000638,23,1,"[""23_03-01-01-01-01-02-23"", ""23_03-01-01-01-02-01-23"", ""23_03-01-01-01-02-02-23"", ""23_03-01-02-01-01-01-23""]","[""data/processed/audio/val/23_03-01-01-01-01-02-23_win0.wav"", ""data/processed/audio/val/23_03-01-01-01-02-01-23_win0.wav"", ""data/processed/audio/val/23_03-01-01-01-02-02-23_win0.wav"", ""data/processed/audio/val/23_03-01-02-01-01-01-23_win0.wav""]","[0, 0, 0, 0]",0,0,val
seq_000639,23,2,"[""23_03-01-01-01-02-01-23"", ""23_03-01-01-01-02-02-23"", ""23_03-01-02-01-01-01-23"", ""23_03-01-02-01-01-02-23""]","[""data/processed/audio/val/23_03-01-01-01-02-01-23_win0.wav"", ""data/processed/audio/val/23_03-01-01-01-02-02-23_win0.wav"", ""data/processed/audio/val/23_03-01-02-01-01-01-23_win0.wav"", ""data/processed/audio/val/23_03-01-02-01-01-02-23_win0.wav""]","[0, 0, 0, 0]",0,0,val
seq_000640,23,3,"[""23_03-01-01-01-02-02-23"", ""23_03-01-02-01-01-01-23"", ""23_03-01-02-01-01-02-23"", ""23_03-01-02-01-02-01-23""]","[""data/processed/audio/val/23_03-01-01-01-02-02-23_win0.wav"", ""data/processed/audio/val/23_03-01-02-01-01-01-23_win0.wav"", ""data/processed/audio/val/23_03-01-02-01-01-02-23_win0.wav"", ""data/processed/audio/val/23_03-01-02-01-02-01-23_win0.wav""]","[0, 0, 0, 0]",0,0,val
seq_000641,23,4,"[""23_03-01-02-01-01-01-23"", ""23_03-01-02-01-01-02-23"", ""23_03-01-02-01-02-01-23"", ""23_03-01-02-01-02-02-23""]","[""data/processed/audio/val/23_03-01-02-01-01-01-23_win0.wav"", ""data/processed/audio/val/23_03-01-02-01-01-02-23_win0.wav"", ""data/processed/audio/val/23_03-01-02-01-02-01-23_win0.wav"", ""data/processed/audio/val/23_03-01-02-01-02-02-23_win0.wav""]","[0, 0, 0, 0]",0,0,val
seq_000642,23,5,"[""23_03-01-02-01-01-02-23"", ""23_03-01-02-01-02-01-23"", ""23_03-01-02-01-02-02-23"", ""23_03-01-02-02-01-01-23""]","[""data/processed/audio/val/23_03-01-02-01-01-02-23_win0.wav"", ""data/processed/audio/val/23_03-01-02-01-02-01-23_win0.wav"", ""data/processed/audio/val/23_03-01-02-01-02-02-23_win0.wav"", ""data/processed/audio/val/23_03-01-02-02-01-01-23_win0.wav""]","[0, 0, 0, 0]",0,0,val
seq_000643,23,6,"[""23_03-01-02-01-02-01-23"", ""23_03-01-02-01-02-02-23"", ""23_03-01-02-02-01-01-23"", ""23_03-01-02-02-01-02-23""]","[""data/processed/audio/val/23_03-01-02-01-02-01-23_win0.wav"", ""data/processed/audio/val/23_03-01-02-01-02-02-23_win0.wav"", ""data/processed/audio/val/23_03-01-02-02-01-01-23_win0.wav"", ""data/processed/audio/val/23_03-01-02-02-01-02-23_win0.wav""]","[0, 0, 0, 0]",0,0,val
seq_000644,23,7,"[""23_03-01-02-01-02-02-23"", ""23_03-01-02-02-01-01-23"", ""23_03-01-02-02-01-02-23"", ""23_03-01-02-02-02-01-23""]","[""data/processed/audio/val/23_03-01-02-01-02-02-23_win0.wav"", ""data/processed/audio/val/23_03-01-02-02-01-01-23_win0.wav"", ""data/processed/audio/val/23_03-01-02-02-01-02-23_win0.wav"", ""data/processed/audio/val/23_03-01-02-02-02-01-23_win0.wav""]","[0, 0, 0, 0]",0,0,val
seq_000645,23,8,"[""23_03-01-02-02-01-01-23"", ""23_03-01-02-02-01-02-23"", ""23_03-01-02-02-02-01-23"", ""23_03-01-02-02-02-02-23""]","[""data/processed/audio/val/23_03-01-02-02-01-01-23_win0.wav"", ""data/processed/audio/val/23_03-01-02-02-01-02-23_win0.wav"", ""data/processed/audio/val/23_03-01-02-02-02-01-23_win0.wav"", ""data/processed/audio/val/23_03-01-02-02-02-02-23_win0.wav""]","[0, 0, 0, 0]",0,0,val
seq_000646,23,9,"[""23_03-01-02-02-01-02-23"", ""23_03-01-02-02-02-01-23"", ""23_03-01-02-02-02-02-23"", ""23_03-01-03-01-01-01-23""]","[""data/processed/audio/val/23_03-01-02-02-01-02-23_win0.wav"", ""data/processed/audio/val/23_03-01-02-02-02-01-23_win0.wav"", ""data/processed/audio/val/23_03-01-02-02-02-02-23_win0.wav"", ""data/processed/audio/val/23_03-01-03-01-01-01-23_win0.wav""]","[0, 0, 0, 0]",0,0,val
seq_000647,23,10,"[""23_03-01-02-02-02-01-23"", ""23_03-01-02-02-02-02-23"", ""23_03-01-03-01-01-01-23"", ""23_03-01-03-01-01-02-23""]","[""data/processed/audio/val/23_03-01-02-02-02-01-23_win0.wav"", ""data/processed/audio/val/23_03-01-02-02-02-02-23_win0.wav"", ""data/processed/audio/val/23_03-01-03-01-01-01-23_win0.wav"", ""data/processed/audio/val/23_03-01-03-01-01-02-23_win0.wav""]","[0, 0, 0, 0]",0,0,val
seq_000648,23,11,"[""23_03-01-02-02-02-02-23"", ""23_03-01-03-01-01-01-23"", ""23_03-01-03-01-01-02-23"", ""23_03-01-03-01-02-01-23""]","[""data/processed/audio/val/23_03-01-02-02-02-02-23_win0.wav"", ""data/processed/audio/val/23_03-01-03-01-01-01-23_win0.wav"", ""data/processed/audio/val/23_03-01-03-01-01-02-23_win0.wav"", ""data/processed/audio/val/23_03-01-03-01-02-01-23_win0.wav""]","[0, 0, 0, 0]",0,0,val
seq_000649,23,12,"[""23_03-01-03-01-01-01-23"", ""23_03-01-03-01-01-02-23"", ""23_03-01-03-01-02-01-23"", ""23_03-01-03-01-02-02-23""]","[""data/processed/audio/val/23_03-01-03-01-01-01-23_win0.wav"", ""data/processed/audio/val/23_03-01-03-01-01-02-23_win0.wav"", ""data/processed/audio/val/23_03-01-03-01-02-01-23_win0.wav"", ""data/processed/audio/val/23_03-01-03-01-02-02-23_win0.wav""]","[0, 0, 0, 0]",0,0,val
seq_000650,23,13,"[""23_03-01-03-01-01-02-23"", ""23_03-01-03-01-02-01-23"", ""23_03-01-03-01-02-02-23"", ""23_03-01-03-02-01-01-23""]","[""data/processed/audio/val/23_03-01-03-01-01-02-23_win0.wav"", ""data/processed/audio/val/23_03-01-03-01-02-01-23_win0.wav"", ""data/processed/audio/val/23_03-01-03-01-02-02-23_win0.wav"", ""data/processed/audio/val/23_03-01-03-02-01-01-23_win0.wav""]","[0, 0, 0, 0]",0,0,val
seq_000651,23,14,"[""23_03-01-03-01-02-01-23"", ""23_03-01-03-01-02-02-23"", ""23_03-01-03-02-01-01-23"", ""23_03-01-03-02-01-02-23""]","[""data/processed/audio/val/23_03-01-03-01-02-01-23_win0.wav"", ""data/processed/audio/val/23_03-01-03-01-02-02-23_win0.wav"", ""data/processed/audio/val/23_03-01-03-02-01-01-23_win0.wav"", ""data/processed/audio/val/23_03-01-03-02-01-02-23_win0.wav""]","[0, 0, 0, 0]",0,0,val
seq_000652,23,15,"[""23_03-01-03-01-02-02-23"", ""23_03-01-03-02-01-01-23"", ""23_03-01-03-02-01-02-23"", ""23_03-01-03-02-02-01-23""]","[""data/processed/audio/val/23_03-01-03-01-02-02-23_win0.wav"", ""data/processed/audio/val/23_03-01-03-02-01-01-23_win0.wav"", ""data/processed/audio/val/23_03-01-03-02-01-02-23_win0.wav"", ""data/processed/audio/val/23_03-01-03-02-02-01-23_win0.wav""]","[0, 0, 0, 0]",0,0,val
seq_000653,23,16,"[""23_03-01-03-02-01-01-23"", ""23_03-01-03-02-01-02-23"", ""23_03-01-03-02-02-01-23"", ""23_03-01-03-02-02-02-23""]","[""data/processed/audio/val/23_03-01-03-02-01-01-23_win0.wav"", ""data/processed/audio/val/23_03-01-03-02-01-02-23_win0.wav"", ""data/processed/audio/val/23_03-01-03-02-02-01-23_win0.wav"", ""data/processed/audio/val/23_03-01-03-02-02-02-23_win0.wav""]","[0, 0, 0, 0]",0,0,val
seq_000654,23,17,"[""23_03-01-03-02-01-02-23"", ""23_03-01-03-02-02-01-23"", ""23_03-01-03-02-02-02-23"", ""23_03-01-04-01-01-01-23""]","[""data/processed/audio/val/23_03-01-03-02-01-02-23_win0.wav"", ""data/processed/audio/val/23_03-01-03-02-02-01-23_win0.wav"", ""data/processed/audio/val/23_03-01-03-02-02-02-23_win0.wav"", ""data/processed/audio/val/23_03-01-04-01-01-01-23_win0.wav""]","[0, 0, 0, 0]",0,0,val
seq_000655,23,18,"[""23_03-01-03-02-02-01-23"", ""23_03-01-03-02-02-02-23"", ""23_03-01-04-01-01-01-23"", ""23_03-01-04-01-01-02-23""]","[""data/processed/audio/val/23_03-01-03-02-02-01-23_win0.wav"", ""data/processed/audio/val/23_03-01-03-02-02-02-23_win0.wav"", ""data/processed/audio/val/23_03-01-04-01-01-01-23_win0.wav"", ""data/processed/audio/val/23_03-01-04-01-01-02-23_win0.wav""]","[0, 0, 0, 0]",0,0,val
seq_000656,23,19,"[""23_03-01-03-02-02-02-23"", ""23_03-01-04-01-01-01-23"", ""23_03-01-04-01-01-02-23"", ""23_03-01-04-01-02-01-23""]","[""data/processed/audio/val/23_03-01-03-02-02-02-23_win0.wav"", ""data/processed/audio/val/23_03-01-04-01-01-01-23_win0.wav"", ""data/processed/audio/val/23_03-01-04-01-01-02-23_win0.wav"", ""data/processed/audio/val/23_03-01-04-01-02-01-23_win0.wav""]","[0, 0, 0, 0]",0,0,val
seq_000657,23,20,"[""23_03-01-04-01-01-01-23"", ""23_03-01-04-01-01-02-23"", ""23_03-01-04-01-02-01-23"", ""23_03-01-04-01-02-02-23""]","[""data/processed/audio/val/23_03-01-04-01-01-01-23_win0.wav"", ""data/processed/audio/val/23_03-01-04-01-01-02-23_win0.wav"", ""data/processed/audio/val/23_03-01-04-01-02-01-23_win0.wav"", ""data/processed/audio/val/23_03-01-04-01-02-02-23_win0.wav""]","[0, 0, 0, 0]",0,0,val
seq_000658,23,21,"[""23_03-01-04-01-01-02-23"", ""23_03-01-04-01-02-01-23"", ""23_03-01-04-01-02-02-23"", ""23_03-01-04-02-01-01-23""]","[""data/processed/audio/val/23_03-01-04-01-01-02-23_win0.wav"", ""data/processed/audio/val/23_03-01-04-01-02-01-23_win0.wav"", ""data/processed/audio/val/23_03-01-04-01-02-02-23_win0.wav"", ""data/processed/audio/val/23_03-01-04-02-01-01-23_win0.wav""]","[0, 0, 0, 0]",0,0,val
seq_000659,23,22,"[""23_03-01-04-01-02-01-23"", ""23_03-01-04-01-02-02-23"", ""23_03-01-04-02-01-01-23"", ""23_03-01-04-02-01-02-23""]","[""data/processed/audio/val/23_03-01-04-01-02-01-23_win0.wav"", ""data/processed/audio/val/23_03-01-04-01-02-02-23_win0.wav"", ""data/processed/audio/val/23_03-01-04-02-01-01-23_win0.wav"", ""data/processed/audio/val/23_03-01-04-02-01-02-23_win0.wav""]","[0, 0, 0, 0]",0,0,val
seq_000660,23,23,"[""23_03-01-04-01-02-02-23"", ""23_03-01-04-02-01-01-23"", ""23_03-01-04-02-01-02-23"", ""23_03-01-04-02-02-01-23""]","[""data/processed/audio/val/23_03-01-04-01-02-02-23_win0.wav"", ""data/processed/audio/val/23_03-01-04-02-01-01-23_win0.wav"", ""data/processed/audio/val/23_03-01-04-02-01-02-23_win0.wav"", ""data/processed/audio/val/23_03-01-04-02-02-01-23_win0.wav""]","[0, 0, 0, 0]",0,0,val
seq_000661,23,24,"[""23_03-01-04-02-01-01-23"", ""23_03-01-04-02-01-02-23"", ""23_03-01-04-02-02-01-23"", ""23_03-01-04-02-02-02-23""]","[""data/processed/audio/val/23_03-01-04-02-01-01-23_win0.wav"", ""data/processed/audio/val/23_03-01-04-02-01-02-23_win0.wav"", ""data/processed/audio/val/23_03-01-04-02-02-01-23_win0.wav"", ""data/processed/audio/val/23_03-01-04-02-02-02-23_win0.wav""]","[0, 0, 0, 0]",0,0,val
seq_000662,23,25,"[""23_03-01-04-02-01-02-23"", ""23_03-01-04-02-02-01-23"", ""23_03-01-04-02-02-02-23"", ""23_03-01-05-01-01-01-23""]","[""data/processed/audio/val/23_03-01-04-02-01-02-23_win0.wav"", ""data/processed/audio/val/23_03-01-04-02-02-01-23_win0.wav"", ""data/processed/audio/val/23_03-01-04-02-02-02-23_win0.wav"", ""data/processed/audio/val/23_03-01-05-01-01-01-23_win0.wav""]","[0, 0, 0, 1]",1,0,val
seq_000663,23,26,"[""23_03-01-04-02-02-01-23"", ""23_03-01-04-02-02-02-23"", ""23_03-01-05-01-01-01-23"", ""23_03-01-05-01-01-02-23""]","[""data/processed/audio/val/23_03-01-04-02-02-01-23_win0.wav"", ""data/processed/audio/val/23_03-01-04-02-02-02-23_win0.wav"", ""data/processed/audio/val/23_03-01-05-01-01-01-23_win0.wav"", ""data/processed/audio/val/23_03-01-05-01-01-02-23_win0.wav""]","[0, 0, 1, 1]",1,1,val
seq_000664,23,27,"[""23_03-01-04-02-02-02-23"", ""23_03-01-05-01-01-01-23"", ""23_03-01-05-01-01-02-23"", ""23_03-01-05-01-02-01-23""]","[""data/processed/audio/val/23_03-01-04-02-02-02-23_win0.wav"", ""data/processed/audio/val/23_03-01-05-01-01-01-23_win0.wav"", ""data/processed/audio/val/23_03-01-05-01-01-02-23_win0.wav"", ""data/processed/audio/val/23_03-01-05-01-02-01-23_win0.wav""]","[0, 1, 1, 1]",1,1,val
seq_000665,23,28,"[""23_03-01-05-01-01-01-23"", ""23_03-01-05-01-01-02-23"", ""23_03-01-05-01-02-01-23"", ""23_03-01-05-01-02-02-23""]","[""data/processed/audio/val/23_03-01-05-01-01-01-23_win0.wav"", ""data/processed/audio/val/23_03-01-05-01-01-02-23_win0.wav"", ""data/processed/audio/val/23_03-01-05-01-02-01-23_win0.wav"", ""data/processed/audio/val/23_03-01-05-01-02-02-23_win0.wav""]","[1, 1, 1, 1]",1,0,val
seq_000666,23,29,"[""23_03-01-05-01-01-02-23"", ""23_03-01-05-01-02-01-23"", ""23_03-01-05-01-02-02-23"", ""23_03-01-05-02-01-01-23""]","[""data/processed/audio/val/23_03-01-05-01-01-02-23_win0.wav"", ""data/processed/audio/val/23_03-01-05-01-02-01-23_win0.wav"", ""data/processed/audio/val/23_03-01-05-01-02-02-23_win0.wav"", ""data/processed/audio/val/23_03-01-05-02-01-01-23_win0.wav""]","[1, 1, 1, 1]",1,0,val
seq_000667,23,30,"[""23_03-01-05-01-02-01-23"", ""23_03-01-05-01-02-02-23"", ""23_03-01-05-02-01-01-23"", ""23_03-01-05-02-01-02-23""]","[""data/processed/audio/val/23_03-01-05-01-02-01-23_win0.wav"", ""data/processed/audio/val/23_03-01-05-01-02-02-23_win0.wav"", ""data/processed/audio/val/23_03-01-05-02-01-01-23_win0.wav"", ""data/processed/audio/val/23_03-01-05-02-01-02-23_win0.wav""]","[1, 1, 1, 1]",1,0,val
seq_000668,23,31,"[""23_03-01-05-01-02-02-23"", ""23_03-01-05-02-01-01-23"", ""23_03-01-05-02-01-02-23"", ""23_03-01-05-02-02-01-23""]","[""data/processed/audio/val/23_03-01-05-01-02-02-23_win0.wav"", ""data/processed/audio/val/23_03-01-05-02-01-01-23_win0.wav"", ""data/processed/audio/val/23_03-01-05-02-01-02-23_win0.wav"", ""data/processed/audio/val/23_03-01-05-02-02-01-23_win0.wav""]","[1, 1, 1, 1]",1,0,val
seq_000669,23,32,"[""23_03-01-05-02-01-01-23"", ""23_03-01-05-02-01-02-23"", ""23_03-01-05-02-02-01-23"", ""23_03-01-05-02-02-02-23""]","[""data/processed/audio/val/23_03-01-05-02-01-01-23_win0.wav"", ""data/processed/audio/val/23_03-01-05-02-01-02-23_win0.wav"", ""data/processed/audio/val/23_03-01-05-02-02-01-23_win0.wav"", ""data/processed/audio/val/23_03-01-05-02-02-02-23_win0.wav""]","[1, 1, 1, 1]",1,0,val
seq_000670,23,33,"[""23_03-01-05-02-01-02-23"", ""23_03-01-05-02-02-01-23"", ""23_03-01-05-02-02-02-23"", ""23_03-01-06-01-01-01-23""]","[""data/processed/audio/val/23_03-01-05-02-01-02-23_win0.wav"", ""data/processed/audio/val/23_03-01-05-02-02-01-23_win0.wav"", ""data/processed/audio/val/23_03-01-05-02-02-02-23_win0.wav"", ""data/processed/audio/val/23_03-01-06-01-01-01-23_win0.wav""]","[1, 1, 1, 1]",1,0,val
seq_000671,23,34,"[""23_03-01-05-02-02-01-23"", ""23_03-01-05-02-02-02-23"", ""23_03-01-06-01-01-01-23"", ""23_03-01-06-01-01-02-23""]","[""data/processed/audio/val/23_03-01-05-02-02-01-23_win0.wav"", ""data/processed/audio/val/23_03-01-05-02-02-02-23_win0.wav"", ""data/processed/audio/val/23_03-01-06-01-01-01-23_win0.wav"", ""data/processed/audio/val/23_03-01-06-01-01-02-23_win0.wav""]","[1, 1, 1, 1]",1,0,val
seq_000672,23,35,"[""23_03-01-05-02-02-02-23"", ""23_03-01-06-01-01-01-23"", ""23_03-01-06-01-01-02-23"", ""23_03-01-06-01-02-01-23""]","[""data/processed/audio/val/23_03-01-05-02-02-02-23_win0.wav"", ""data/processed/audio/val/23_03-01-06-01-01-01-23_win0.wav"", ""data/processed/audio/val/23_03-01-06-01-01-02-23_win0.wav"", ""data/processed/audio/val/23_03-01-06-01-02-01-23_win0.wav""]","[1, 1, 1, 1]",1,0,val
seq_000673,23,36,"[""23_03-01-06-01-01-01-23"", ""23_03-01-06-01-01-02-23"", ""23_03-01-06-01-02-01-23"", ""23_03-01-06-01-02-02-23""]","[""data/processed/audio/val/23_03-01-06-01-01-01-23_win0.wav"", ""data/processed/audio/val/23_03-01-06-01-01-02-23_win0.wav"", ""data/processed/audio/val/23_03-01-06-01-02-01-23_win0.wav"", ""data/processed/audio/val/23_03-01-06-01-02-02-23_win0.wav""]","[1, 1, 1, 1]",1,0,val
seq_000674,23,37,"[""23_03-01-06-01-01-02-23"", ""23_03-01-06-01-02-01-23"", ""23_03-01-06-01-02-02-23"", ""23_03-01-06-02-01-01-23""]","[""data/processed/audio/val/23_03-01-06-01-01-02-23_win0.wav"", ""data/processed/audio/val/23_03-01-06-01-02-01-23_win0.wav"", ""data/processed/audio/val/23_03-01-06-01-02-02-23_win0.wav"", ""data/processed/audio/val/23_03-01-06-02-01-01-23_win0.wav""]","[1, 1, 1, 1]",1,0,val
seq_000675,23,38,"[""23_03-01-06-01-02-01-23"", ""23_03-01-06-01-02-02-23"", ""23_03-01-06-02-01-01-23"", ""23_03-01-06-02-01-02-23""]","[""data/processed/audio/val/23_03-01-06-01-02-01-23_win0.wav"", ""data/processed/audio/val/23_03-01-06-01-02-02-23_win0.wav"", ""data/processed/audio/val/23_03-01-06-02-01-01-23_win0.wav"", ""data/processed/audio/val/23_03-01-06-02-01-02-23_win0.wav""]","[1, 1, 1, 1]",1,0,val
seq_000676,23,39,"[""23_03-01-06-01-02-02-23"", ""23_03-01-06-02-01-01-23"", ""23_03-01-06-02-01-02-23"", ""23_03-01-06-02-02-01-23""]","[""data/processed/audio/val/23_03-01-06-01-02-02-23_win0.wav"", ""data/processed/audio/val/23_03-01-06-02-01-01-23_win0.wav"", ""data/processed/audio/val/23_03-01-06-02-01-02-23_win0.wav"", ""data/processed/audio/val/23_03-01-06-02-02-01-23_win0.wav""]","[1, 1, 1, 1]",1,0,val
seq_000677,23,40,"[""23_03-01-06-02-01-01-23"", ""23_03-01-06-02-01-02-23"", ""23_03-01-06-02-02-01-23"", ""23_03-01-06-02-02-02-23""]","[""data/processed/audio/val/23_03-01-06-02-01-01-23_win0.wav"", ""data/processed/audio/val/23_03-01-06-02-01-02-23_win0.wav"", ""data/processed/audio/val/23_03-01-06-02-02-01-23_win0.wav"", ""data/processed/audio/val/23_03-01-06-02-02-02-23_win0.wav""]","[1, 1, 1, 1]",1,0,val
seq_000678,23,41,"[""23_03-01-06-02-01-02-23"", ""23_03-01-06-02-02-01-23"", ""23_03-01-06-02-02-02-23"", ""23_03-01-07-01-01-01-23""]","[""data/processed/audio/val/23_03-01-06-02-01-02-23_win0.wav"", ""data/processed/audio/val/23_03-01-06-02-02-01-23_win0.wav"", ""data/processed/audio/val/23_03-01-06-02-02-02-23_win0.wav"", ""data/processed/audio/val/23_03-01-07-01-01-01-23_win0.wav""]","[1, 1, 1, 1]",1,0,val
seq_000679,23,42,"[""23_03-01-06-02-02-01-23"", ""23_03-01-06-02-02-02-23"", ""23_03-01-07-01-01-01-23"", ""23_03-01-07-01-01-02-23""]","[""data/processed/audio/val/23_03-01-06-02-02-01-23_win0.wav"", ""data/processed/audio/val/23_03-01-06-02-02-02-23_win0.wav"", ""data/processed/audio/val/23_03-01-07-01-01-01-23_win0.wav"", ""data/processed/audio/val/23_03-01-07-01-01-02-23_win0.wav""]","[1, 1, 1, 1]",1,0,val
seq_000680,23,43,"[""23_03-01-06-02-02-02-23"", ""23_03-01-07-01-01-01-23"", ""23_03-01-07-01-01-02-23"", ""23_03-01-07-01-02-01-23""]","[""data/processed/audio/val/23_03-01-06-02-02-02-23_win0.wav"", ""data/processed/audio/val/23_03-01-07-01-01-01-23_win0.wav"", ""data/processed/audio/val/23_03-01-07-01-01-02-23_win0.wav"", ""data/processed/audio/val/23_03-01-07-01-02-01-23_win0.wav""]","[1, 1, 1, 1]",1,0,val
seq_000681,23,44,"[""23_03-01-07-01-01-01-23"", ""23_03-01-07-01-01-02-23"", ""23_03-01-07-01-02-01-23"", ""23_03-01-07-01-02-02-23""]","[""data/processed/audio/val/23_03-01-07-01-01-01-23_win0.wav"", ""data/processed/audio/val/23_03-01-07-01-01-02-23_win0.wav"", ""data/processed/audio/val/23_03-01-07-01-02-01-23_win0.wav"", ""data/processed/audio/val/23_03-01-07-01-02-02-23_win0.wav""]","[1, 1, 1, 1]",1,0,val
seq_000682,23,45,"[""23_03-01-07-01-01-02-23"", ""23_03-01-07-01-02-01-23"", ""23_03-01-07-01-02-02-23"", ""23_03-01-07-02-01-01-23""]","[""data/processed/audio/val/23_03-01-07-01-01-02-23_win0.wav"", ""data/processed/audio/val/23_03-01-07-01-02-01-23_win0.wav"", ""data/processed/audio/val/23_03-01-07-01-02-02-23_win0.wav"", ""data/processed/audio/val/23_03-01-07-02-01-01-23_win0.wav""]","[1, 1, 1, 1]",1,0,val
seq_000683,23,46,"[""23_03-01-07-01-02-01-23"", ""23_03-01-07-01-02-02-23"", ""23_03-01-07-02-01-01-23"", ""23_03-01-07-02-01-02-23""]","[""data/processed/audio/val/23_03-01-07-01-02-01-23_win0.wav"", ""data/processed/audio/val/23_03-01-07-01-02-02-23_win0.wav"", ""data/processed/audio/val/23_03-01-07-02-01-01-23_win0.wav"", ""data/processed/audio/val/23_03-01-07-02-01-02-23_win0.wav""]","[1, 1, 1, 1]",1,0,val
seq_000684,23,47,"[""23_03-01-07-01-02-02-23"", ""23_03-01-07-02-01-01-23"", ""23_03-01-07-02-01-02-23"", ""23_03-01-07-02-02-01-23""]","[""data/processed/audio/val/23_03-01-07-01-02-02-23_win0.wav"", ""data/processed/audio/val/23_03-01-07-02-01-01-23_win0.wav"", ""data/processed/audio/val/23_03-01-07-02-01-02-23_win0.wav"", ""data/processed/audio/val/23_03-01-07-02-02-01-23_win0.wav""]","[1, 1, 1, 1]",1,0,val
seq_000685,23,48,"[""23_03-01-07-02-01-01-23"", ""23_03-01-07-02-01-02-23"", ""23_03-01-07-02-02-01-23"", ""23_03-01-07-02-02-02-23""]","[""data/processed/audio/val/23_03-01-07-02-01-01-23_win0.wav"", ""data/processed/audio/val/23_03-01-07-02-01-02-23_win0.wav"", ""data/processed/audio/val/23_03-01-07-02-02-01-23_win0.wav"", ""data/processed/audio/val/23_03-01-07-02-02-02-23_win0.wav""]","[1, 1, 1, 1]",1,0,val
seq_000686,24,0,"[""24_03-01-01-01-01-01-24"", ""24_03-01-01-01-01-02-24"", ""24_03-01-01-01-02-01-24"", ""24_03-01-01-01-02-02-24""]","[""data/processed/audio/train/24_03-01-01-01-01-01-24_win0.wav"", ""data/processed/audio/train/24_03-01-01-01-01-02-24_win0.wav"", ""data/processed/audio/train/24_03-01-01-01-02-01-24_win0.wav"", ""data/processed/audio/train/24_03-01-01-01-02-02-24_win0.wav""]","[0, 0, 0, 0]",0,0,train
seq_000687,24,1,"[""24_03-01-01-01-01-02-24"", ""24_03-01-01-01-02-01-24"", ""24_03-01-01-01-02-02-24"", ""24_03-01-02-01-01-01-24""]","[""data/processed/audio/train/24_03-01-01-01-01-02-24_win0.wav"", ""data/processed/audio/train/24_03-01-01-01-02-01-24_win0.wav"", ""data/processed/audio/train/24_03-01-01-01-02-02-24_win0.wav"", ""data/processed/audio/train/24_03-01-02-01-01-01-24_win0.wav""]","[0, 0, 0, 0]",0,0,train
seq_000688,24,2,"[""24_03-01-01-01-02-01-24"", ""24_03-01-01-01-02-02-24"", ""24_03-01-02-01-01-01-24"", ""24_03-01-02-01-01-02-24""]","[""data/processed/audio/train/24_03-01-01-01-02-01-24_win0.wav"", ""data/processed/audio/train/24_03-01-01-01-02-02-24_win0.wav"", ""data/processed/audio/train/24_03-01-02-01-01-01-24_win0.wav"", ""data/processed/audio/train/24_03-01-02-01-01-02-24_win0.wav""]","[0, 0, 0, 0]",0,0,train
seq_000689,24,3,"[""24_03-01-01-01-02-02-24"", ""24_03-01-02-01-01-01-24"", ""24_03-01-02-01-01-02-24"", ""24_03-01-02-01-02-01-24""]","[""data/processed/audio/train/24_03-01-01-01-02-02-24_win0.wav"", ""data/processed/audio/train/24_03-01-02-01-01-01-24_win0.wav"", ""data/processed/audio/train/24_03-01-02-01-01-02-24_win0.wav"", ""data/processed/audio/train/24_03-01-02-01-02-01-24_win0.wav""]","[0, 0, 0, 0]",0,0,train
seq_000690,24,4,"[""24_03-01-02-01-01-01-24"", ""24_03-01-02-01-01-02-24"", ""24_03-01-02-01-02-01-24"", ""24_03-01-02-01-02-02-24""]","[""data/processed/audio/train/24_03-01-02-01-01-01-24_win0.wav"", ""data/processed/audio/train/24_03-01-02-01-01-02-24_win0.wav"", ""data/processed/audio/train/24_03-01-02-01-02-01-24_win0.wav"", ""data/processed/audio/train/24_03-01-02-01-02-02-24_win0.wav""]","[0, 0, 0, 0]",0,0,train
seq_000691,24,5,"[""24_03-01-02-01-01-02-24"", ""24_03-01-02-01-02-01-24"", ""24_03-01-02-01-02-02-24"", ""24_03-01-02-02-01-01-24""]","[""data/processed/audio/train/24_03-01-02-01-01-02-24_win0.wav"", ""data/processed/audio/train/24_03-01-02-01-02-01-24_win0.wav"", ""data/processed/audio/train/24_03-01-02-01-02-02-24_win0.wav"", ""data/processed/audio/train/24_03-01-02-02-01-01-24_win0.wav""]","[0, 0, 0, 0]",0,0,train
seq_000692,24,6,"[""24_03-01-02-01-02-01-24"", ""24_03-01-02-01-02-02-24"", ""24_03-01-02-02-01-01-24"", ""24_03-01-02-02-01-02-24""]","[""data/processed/audio/train/24_03-01-02-01-02-01-24_win0.wav"", ""data/processed/audio/train/24_03-01-02-01-02-02-24_win0.wav"", ""data/processed/audio/train/24_03-01-02-02-01-01-24_win0.wav"", ""data/processed/audio/train/24_03-01-02-02-01-02-24_win0.wav""]","[0, 0, 0, 0]",0,0,train
seq_000693,24,7,"[""24_03-01-02-01-02-02-24"", ""24_03-01-02-02-01-01-24"", ""24_03-01-02-02-01-02-24"", ""24_03-01-02-02-02-01-24""]","[""data/processed/audio/train/24_03-01-02-01-02-02-24_win0.wav"", ""data/processed/audio/train/24_03-01-02-02-01-01-24_win0.wav"", ""data/processed/audio/train/24_03-01-02-02-01-02-24_win0.wav"", ""data/processed/audio/train/24_03-01-02-02-02-01-24_win0.wav""]","[0, 0, 0, 0]",0,0,train
seq_000694,24,8,"[""24_03-01-02-02-01-01-24"", ""24_03-01-02-02-01-02-24"", ""24_03-01-02-02-02-01-24"", ""24_03-01-02-02-02-02-24""]","[""data/processed/audio/train/24_03-01-02-02-01-01-24_win0.wav"", ""data/processed/audio/train/24_03-01-02-02-01-02-24_win0.wav"", ""data/processed/audio/train/24_03-01-02-02-02-01-24_win0.wav"", ""data/processed/audio/train/24_03-01-02-02-02-02-24_win0.wav""]","[0, 0, 0, 0]",0,0,train
seq_000695,24,9,"[""24_03-01-02-02-01-02-24"", ""24_03-01-02-02-02-01-24"", ""24_03-01-02-02-02-02-24"", ""24_03-01-03-01-01-01-24""]","[""data/processed/audio/train/24_03-01-02-02-01-02-24_win0.wav"", ""data/processed/audio/train/24_03-01-02-02-02-01-24_win0.wav"", ""data/processed/audio/train/24_03-01-02-02-02-02-24_win0.wav"", ""data/processed/audio/train/24_03-01-03-01-01-01-24_win0.wav""]","[0, 0, 0, 0]",0,0,train
seq_000696,24,10,"[""24_03-01-02-02-02-01-24"", ""24_03-01-02-02-02-02-24"", ""24_03-01-03-01-01-01-24"", ""24_03-01-03-01-01-02-24""]","[""data/processed/audio/train/24_03-01-02-02-02-01-24_win0.wav"", ""data/processed/audio/train/24_03-01-02-02-02-02-24_win0.wav"", ""data/processed/audio/train/24_03-01-03-01-01-01-24_win0.wav"", ""data/processed/audio/train/24_03-01-03-01-01-02-24_win0.wav""]","[0, 0, 0, 0]",0,0,train
seq_000697,24,11,"[""24_03-01-02-02-02-02-24"", ""24_03-01-03-01-01-01-24"", ""24_03-01-03-01-01-02-24"", ""24_03-01-03-01-02-01-24""]","[""data/processed/audio/train/24_03-01-02-02-02-02-24_win0.wav"", ""data/processed/audio/train/24_03-01-03-01-01-01-24_win0.wav"", ""data/processed/audio/train/24_03-01-03-01-01-02-24_win0.wav"", ""data/processed/audio/train/24_03-01-03-01-02-01-24_win0.wav""]","[0, 0, 0, 0]",0,0,train
seq_000698,24,12,"[""24_03-01-03-01-01-01-24"", ""24_03-01-03-01-01-02-24"", ""24_03-01-03-01-02-01-24"", ""24_03-01-03-01-02-02-24""]","[""data/processed/audio/train/24_03-01-03-01-01-01-24_win0.wav"", ""data/processed/audio/train/24_03-01-03-01-01-02-24_win0.wav"", ""data/processed/audio/train/24_03-01-03-01-02-01-24_win0.wav"", ""data/processed/audio/train/24_03-01-03-01-02-02-24_win0.wav""]","[0, 0, 0, 0]",0,0,train
seq_000699,24,13,"[""24_03-01-03-01-01-02-24"", ""24_03-01-03-01-02-01-24"", ""24_03-01-03-01-02-02-24"", ""24_03-01-03-02-01-01-24""]","[""data/processed/audio/train/24_03-01-03-01-01-02-24_win0.wav"", ""data/processed/audio/train/24_03-01-03-01-02-01-24_win0.wav"", ""data/processed/audio/train/24_03-01-03-01-02-02-24_win0.wav"", ""data/processed/audio/train/24_03-01-03-02-01-01-24_win0.wav""]","[0, 0, 0, 0]",0,0,train
seq_000700,24,14,"[""24_03-01-03-01-02-01-24"", ""24_03-01-03-01-02-02-24"", ""24_03-01-03-02-01-01-24"", ""24_03-01-03-02-01-02-24""]","[""data/processed/audio/train/24_03-01-03-01-02-01-24_win0.wav"", ""data/processed/audio/train/24_03-01-03-01-02-02-24_win0.wav"", ""data/processed/audio/train/24_03-01-03-02-01-01-24_win0.wav"", ""data/processed/audio/train/24_03-01-03-02-01-02-24_win0.wav""]","[0, 0, 0, 0]",0,0,train
seq_000701,24,15,"[""24_03-01-03-01-02-02-24"", ""24_03-01-03-02-01-01-24"", ""24_03-01-03-02-01-02-24"", ""24_03-01-03-02-02-01-24""]","[""data/processed/audio/train/24_03-01-03-01-02-02-24_win0.wav"", ""data/processed/audio/train/24_03-01-03-02-01-01-24_win0.wav"", ""data/processed/audio/train/24_03-01-03-02-01-02-24_win0.wav"", ""data/processed/audio/train/24_03-01-03-02-02-01-24_win0.wav""]","[0, 0, 0, 0]",0,0,train
seq_000702,24,16,"[""24_03-01-03-02-01-01-24"", ""24_03-01-03-02-01-02-24"", ""24_03-01-03-02-02-01-24"", ""24_03-01-03-02-02-02-24""]","[""data/processed/audio/train/24_03-01-03-02-01-01-24_win0.wav"", ""data/processed/audio/train/24_03-01-03-02-01-02-24_win0.wav"", ""data/processed/audio/train/24_03-01-03-02-02-01-24_win0.wav"", ""data/processed/audio/train/24_03-01-03-02-02-02-24_win0.wav""]","[0, 0, 0, 0]",0,0,train
seq_000703,24,17,"[""24_03-01-03-02-01-02-24"", ""24_03-01-03-02-02-01-24"", ""24_03-01-03-02-02-02-24"", ""24_03-01-04-01-01-01-24""]","[""data/processed/audio/train/24_03-01-03-02-01-02-24_win0.wav"", ""data/processed/audio/train/24_03-01-03-02-02-01-24_win0.wav"", ""data/processed/audio/train/24_03-01-03-02-02-02-24_win0.wav"", ""data/processed/audio/train/24_03-01-04-01-01-01-24_win0.wav""]","[0, 0, 0, 0]",0,0,train
seq_000704,24,18,"[""24_03-01-03-02-02-01-24"", ""24_03-01-03-02-02-02-24"", ""24_03-01-04-01-01-01-24"", ""24_03-01-04-01-01-02-24""]","[""data/processed/audio/train/24_03-01-03-02-02-01-24_win0.wav"", ""data/processed/audio/train/24_03-01-03-02-02-02-24_win0.wav"", ""data/processed/audio/train/24_03-01-04-01-01-01-24_win0.wav"", ""data/processed/audio/train/24_03-01-04-01-01-02-24_win0.wav""]","[0, 0, 0, 0]",0,0,train
seq_000705,24,19,"[""24_03-01-03-02-02-02-24"", ""24_03-01-04-01-01-01-24"", ""24_03-01-04-01-01-02-24"", ""24_03-01-04-01-02-01-24""]","[""data/processed/audio/train/24_03-01-03-02-02-02-24_win0.wav"", ""data/processed/audio/train/24_03-01-04-01-01-01-24_win0.wav"", ""data/processed/audio/train/24_03-01-04-01-01-02-24_win0.wav"", ""data/processed/audio/train/24_03-01-04-01-02-01-24_win0.wav""]","[0, 0, 0, 0]",0,0,train
seq_000706,24,20,"[""24_03-01-04-01-01-01-24"", ""24_03-01-04-01-01-02-24"", ""24_03-01-04-01-02-01-24"", ""24_03-01-04-01-02-02-24""]","[""data/processed/audio/train/24_03-01-04-01-01-01-24_win0.wav"", ""data/processed/audio/train/24_03-01-04-01-01-02-24_win0.wav"", ""data/processed/audio/train/24_03-01-04-01-02-01-24_win0.wav"", ""data/processed/audio/train/24_03-01-04-01-02-02-24_win0.wav""]","[0, 0, 0, 0]",0,0,train
seq_000707,24,21,"[""24_03-01-04-01-01-02-24"", ""24_03-01-04-01-02-01-24"", ""24_03-01-04-01-02-02-24"", ""24_03-01-04-02-01-01-24""]","[""data/processed/audio/train/24_03-01-04-01-01-02-24_win0.wav"", ""data/processed/audio/train/24_03-01-04-01-02-01-24_win0.wav"", ""data/processed/audio/train/24_03-01-04-01-02-02-24_win0.wav"", ""data/processed/audio/train/24_03-01-04-02-01-01-24_win0.wav""]","[0, 0, 0, 0]",0,0,train
seq_000708,24,22,"[""24_03-01-04-01-02-01-24"", ""24_03-01-04-01-02-02-24"", ""24_03-01-04-02-01-01-24"", ""24_03-01-04-02-01-02-24""]","[""data/processed/audio/train/24_03-01-04-01-02-01-24_win0.wav"", ""data/processed/audio/train/24_03-01-04-01-02-02-24_win0.wav"", ""data/processed/audio/train/24_03-01-04-02-01-01-24_win0.wav"", ""data/processed/audio/train/24_03-01-04-02-01-02-24_win0.wav""]","[0, 0, 0, 0]",0,0,train
seq_000709,24,23,"[""24_03-01-04-01-02-02-24"", ""24_03-01-04-02-01-01-24"", ""24_03-01-04-02-01-02-24"", ""24_03-01-04-02-02-01-24""]","[""data/processed/audio/train/24_03-01-04-01-02-02-24_win0.wav"", ""data/processed/audio/train/24_03-01-04-02-01-01-24_win0.wav"", ""data/processed/audio/train/24_03-01-04-02-01-02-24_win0.wav"", ""data/processed/audio/train/24_03-01-04-02-02-01-24_win0.wav""]","[0, 0, 0, 0]",0,0,train
seq_000710,24,24,"[""24_03-01-04-02-01-01-24"", ""24_03-01-04-02-01-02-24"", ""24_03-01-04-02-02-01-24"", ""24_03-01-04-02-02-02-24""]","[""data/processed/audio/train/24_03-01-04-02-01-01-24_win0.wav"", ""data/processed/audio/train/24_03-01-04-02-01-02-24_win0.wav"", ""data/processed/audio/train/24_03-01-04-02-02-01-24_win0.wav"", ""data/processed/audio/train/24_03-01-04-02-02-02-24_win0.wav""]","[0, 0, 0, 0]",0,0,train
seq_000711,24,25,"[""24_03-01-04-02-01-02-24"", ""24_03-01-04-02-02-01-24"", ""24_03-01-04-02-02-02-24"", ""24_03-01-05-01-01-01-24""]","[""data/processed/audio/train/24_03-01-04-02-01-02-24_win0.wav"", ""data/processed/audio/train/24_03-01-04-02-02-01-24_win0.wav"", ""data/processed/audio/train/24_03-01-04-02-02-02-24_win0.wav"", ""data/processed/audio/train/24_03-01-05-01-01-01-24_win0.wav""]","[0, 0, 0, 1]",1,0,train
seq_000712,24,26,"[""24_03-01-04-02-02-01-24"", ""24_03-01-04-02-02-02-24"", ""24_03-01-05-01-01-01-24"", ""24_03-01-05-01-01-02-24""]","[""data/processed/audio/train/24_03-01-04-02-02-01-24_win0.wav"", ""data/processed/audio/train/24_03-01-04-02-02-02-24_win0.wav"", ""data/processed/audio/train/24_03-01-05-01-01-01-24_win0.wav"", ""data/processed/audio/train/24_03-01-05-01-01-02-24_win0.wav""]","[0, 0, 1, 1]",1,1,train
seq_000713,24,27,"[""24_03-01-04-02-02-02-24"", ""24_03-01-05-01-01-01-24"", ""24_03-01-05-01-01-02-24"", ""24_03-01-05-01-02-01-24""]","[""data/processed/audio/train/24_03-01-04-02-02-02-24_win0.wav"", ""data/processed/audio/train/24_03-01-05-01-01-01-24_win0.wav"", ""data/processed/audio/train/24_03-01-05-01-01-02-24_win0.wav"", ""data/processed/audio/train/24_03-01-05-01-02-01-24_win0.wav""]","[0, 1, 1, 1]",1,1,train
seq_000714,24,28,"[""24_03-01-05-01-01-01-24"", ""24_03-01-05-01-01-02-24"", ""24_03-01-05-01-02-01-24"", ""24_03-01-05-01-02-02-24""]","[""data/processed/audio/train/24_03-01-05-01-01-01-24_win0.wav"", ""data/processed/audio/train/24_03-01-05-01-01-02-24_win0.wav"", ""data/processed/audio/train/24_03-01-05-01-02-01-24_win0.wav"", ""data/processed/audio/train/24_03-01-05-01-02-02-24_win0.wav""]","[1, 1, 1, 1]",1,0,train
seq_000715,24,29,"[""24_03-01-05-01-01-02-24"", ""24_03-01-05-01-02-01-24"", ""24_03-01-05-01-02-02-24"", ""24_03-01-05-02-01-01-24""]","[""data/processed/audio/train/24_03-01-05-01-01-02-24_win0.wav"", ""data/processed/audio/train/24_03-01-05-01-02-01-24_win0.wav"", ""data/processed/audio/train/24_03-01-05-01-02-02-24_win0.wav"", ""data/processed/audio/train/24_03-01-05-02-01-01-24_win0.wav""]","[1, 1, 1, 1]",1,0,train
seq_000716,24,30,"[""24_03-01-05-01-02-01-24"", ""24_03-01-05-01-02-02-24"", ""24_03-01-05-02-01-01-24"", ""24_03-01-05-02-01-02-24""]","[""data/processed/audio/train/24_03-01-05-01-02-01-24_win0.wav"", ""data/processed/audio/train/24_03-01-05-01-02-02-24_win0.wav"", ""data/processed/audio/train/24_03-01-05-02-01-01-24_win0.wav"", ""data/processed/audio/train/24_03-01-05-02-01-02-24_win0.wav""]","[1, 1, 1, 1]",1,0,train
seq_000717,24,31,"[""24_03-01-05-01-02-02-24"", ""24_03-01-05-02-01-01-24"", ""24_03-01-05-02-01-02-24"", ""24_03-01-05-02-02-01-24""]","[""data/processed/audio/train/24_03-01-05-01-02-02-24_win0.wav"", ""data/processed/audio/train/24_03-01-05-02-01-01-24_win0.wav"", ""data/processed/audio/train/24_03-01-05-02-01-02-24_win0.wav"", ""data/processed/audio/train/24_03-01-05-02-02-01-24_win0.wav""]","[1, 1, 1, 1]",1,0,train
seq_000718,24,32,"[""24_03-01-05-02-01-01-24"", ""24_03-01-05-02-01-02-24"", ""24_03-01-05-02-02-01-24"", ""24_03-01-05-02-02-02-24""]","[""data/processed/audio/train/24_03-01-05-02-01-01-24_win0.wav"", ""data/processed/audio/train/24_03-01-05-02-01-02-24_win0.wav"", ""data/processed/audio/train/24_03-01-05-02-02-01-24_win0.wav"", ""data/processed/audio/train/24_03-01-05-02-02-02-24_win0.wav""]","[1, 1, 1, 1]",1,0,train
seq_000719,24,33,"[""24_03-01-05-02-01-02-24"", ""24_03-01-05-02-02-01-24"", ""24_03-01-05-02-02-02-24"", ""24_03-01-06-01-01-01-24""]","[""data/processed/audio/train/24_03-01-05-02-01-02-24_win0.wav"", ""data/processed/audio/train/24_03-01-05-02-02-01-24_win0.wav"", ""data/processed/audio/train/24_03-01-05-02-02-02-24_win0.wav"", ""data/processed/audio/train/24_03-01-06-01-01-01-24_win0.wav""]","[1, 1, 1, 1]",1,0,train
seq_000720,24,34,"[""24_03-01-05-02-02-01-24"", ""24_03-01-05-02-02-02-24"", ""24_03-01-06-01-01-01-24"", ""24_03-01-06-01-01-02-24""]","[""data/processed/audio/train/24_03-01-05-02-02-01-24_win0.wav"", ""data/processed/audio/train/24_03-01-05-02-02-02-24_win0.wav"", ""data/processed/audio/train/24_03-01-06-01-01-01-24_win0.wav"", ""data/processed/audio/train/24_03-01-06-01-01-02-24_win0.wav""]","[1, 1, 1, 1]",1,0,train
seq_000721,24,35,"[""24_03-01-05-02-02-02-24"", ""24_03-01-06-01-01-01-24"", ""24_03-01-06-01-01-02-24"", ""24_03-01-06-01-02-01-24""]","[""data/processed/audio/train/24_03-01-05-02-02-02-24_win0.wav"", ""data/processed/audio/train/24_03-01-06-01-01-01-24_win0.wav"", ""data/processed/audio/train/24_03-01-06-01-01-02-24_win0.wav"", ""data/processed/audio/train/24_03-01-06-01-02-01-24_win0.wav""]","[1, 1, 1, 1]",1,0,train
seq_000722,24,36,"[""24_03-01-06-01-01-01-24"", ""24_03-01-06-01-01-02-24"", ""24_03-01-06-01-02-01-24"", ""24_03-01-06-01-02-02-24""]","[""data/processed/audio/train/24_03-01-06-01-01-01-24_win0.wav"", ""data/processed/audio/train/24_03-01-06-01-01-02-24_win0.wav"", ""data/processed/audio/train/24_03-01-06-01-02-01-24_win0.wav"", ""data/processed/audio/train/24_03-01-06-01-02-02-24_win0.wav""]","[1, 1, 1, 1]",1,0,train
seq_000723,24,37,"[""24_03-01-06-01-01-02-24"", ""24_03-01-06-01-02-01-24"", ""24_03-01-06-01-02-02-24"", ""24_03-01-06-02-01-01-24""]","[""data/processed/audio/train/24_03-01-06-01-01-02-24_win0.wav"", ""data/processed/audio/train/24_03-01-06-01-02-01-24_win0.wav"", ""data/processed/audio/train/24_03-01-06-01-02-02-24_win0.wav"", ""data/processed/audio/train/24_03-01-06-02-01-01-24_win0.wav""]","[1, 1, 1, 1]",1,0,train
seq_000724,24,38,"[""24_03-01-06-01-02-01-24"", ""24_03-01-06-01-02-02-24"", ""24_03-01-06-02-01-01-24"", ""24_03-01-06-02-01-02-24""]","[""data/processed/audio/train/24_03-01-06-01-02-01-24_win0.wav"", ""data/processed/audio/train/24_03-01-06-01-02-02-24_win0.wav"", ""data/processed/audio/train/24_03-01-06-02-01-01-24_win0.wav"", ""data/processed/audio/train/24_03-01-06-02-01-02-24_win0.wav""]","[1, 1, 1, 1]",1,0,train
seq_000725,24,39,"[""24_03-01-06-01-02-02-24"", ""24_03-01-06-02-01-01-24"", ""24_03-01-06-02-01-02-24"", ""24_03-01-06-02-02-01-24""]","[""data/processed/audio/train/24_03-01-06-01-02-02-24_win0.wav"", ""data/processed/audio/train/24_03-01-06-02-01-01-24_win0.wav"", ""data/processed/audio/train/24_03-01-06-02-01-02-24_win0.wav"", ""data/processed/audio/train/24_03-01-06-02-02-01-24_win0.wav""]","[1, 1, 1, 1]",1,0,train
seq_000726,24,40,"[""24_03-01-06-02-01-01-24"", ""24_03-01-06-02-01-02-24"", ""24_03-01-06-02-02-01-24"", ""24_03-01-06-02-02-02-24""]","[""data/processed/audio/train/24_03-01-06-02-01-01-24_win0.wav"", ""data/processed/audio/train/24_03-01-06-02-01-02-24_win0.wav"", ""data/processed/audio/train/24_03-01-06-02-02-01-24_win0.wav"", ""data/processed/audio/train/24_03-01-06-02-02-02-24_win0.wav""]","[1, 1, 1, 1]",1,0,train
seq_000727,24,41,"[""24_03-01-06-02-01-02-24"", ""24_03-01-06-02-02-01-24"", ""24_03-01-06-02-02-02-24"", ""24_03-01-07-01-01-01-24""]","[""data/processed/audio/train/24_03-01-06-02-01-02-24_win0.wav"", ""data/processed/audio/train/24_03-01-06-02-02-01-24_win0.wav"", ""data/processed/audio/train/24_03-01-06-02-02-02-24_win0.wav"", ""data/processed/audio/train/24_03-01-07-01-01-01-24_win0.wav""]","[1, 1, 1, 1]",1,0,train
seq_000728,24,42,"[""24_03-01-06-02-02-01-24"", ""24_03-01-06-02-02-02-24"", ""24_03-01-07-01-01-01-24"", ""24_03-01-07-01-01-02-24""]","[""data/processed/audio/train/24_03-01-06-02-02-01-24_win0.wav"", ""data/processed/audio/train/24_03-01-06-02-02-02-24_win0.wav"", ""data/processed/audio/train/24_03-01-07-01-01-01-24_win0.wav"", ""data/processed/audio/train/24_03-01-07-01-01-02-24_win0.wav""]","[1, 1, 1, 1]",1,0,train
seq_000729,24,43,"[""24_03-01-06-02-02-02-24"", ""24_03-01-07-01-01-01-24"", ""24_03-01-07-01-01-02-24"", ""24_03-01-07-01-02-01-24""]","[""data/processed/audio/train/24_03-01-06-02-02-02-24_win0.wav"", ""data/processed/audio/train/24_03-01-07-01-01-01-24_win0.wav"", ""data/processed/audio/train/24_03-01-07-01-01-02-24_win0.wav"", ""data/processed/audio/train/24_03-01-07-01-02-01-24_win0.wav""]","[1, 1, 1, 1]",1,0,train
seq_000730,24,44,"[""24_03-01-07-01-01-01-24"", ""24_03-01-07-01-01-02-24"", ""24_03-01-07-01-02-01-24"", ""24_03-01-07-01-02-02-24""]","[""data/processed/audio/train/24_03-01-07-01-01-01-24_win0.wav"", ""data/processed/audio/train/24_03-01-07-01-01-02-24_win0.wav"", ""data/processed/audio/train/24_03-01-07-01-02-01-24_win0.wav"", ""data/processed/audio/train/24_03-01-07-01-02-02-24_win0.wav""]","[1, 1, 1, 1]",1,0,train
seq_000731,24,45,"[""24_03-01-07-01-01-02-24"", ""24_03-01-07-01-02-01-24"", ""24_03-01-07-01-02-02-24"", ""24_03-01-07-02-01-01-24""]","[""data/processed/audio/train/24_03-01-07-01-01-02-24_win0.wav"", ""data/processed/audio/train/24_03-01-07-01-02-01-24_win0.wav"", ""data/processed/audio/train/24_03-01-07-01-02-02-24_win0.wav"", ""data/processed/audio/train/24_03-01-07-02-01-01-24_win0.wav""]","[1, 1, 1, 1]",1,0,train
seq_000732,24,46,"[""24_03-01-07-01-02-01-24"", ""24_03-01-07-01-02-02-24"", ""24_03-01-07-02-01-01-24"", ""24_03-01-07-02-01-02-24""]","[""data/processed/audio/train/24_03-01-07-01-02-01-24_win0.wav"", ""data/processed/audio/train/24_03-01-07-01-02-02-24_win0.wav"", ""data/processed/audio/train/24_03-01-07-02-01-01-24_win0.wav"", ""data/processed/audio/train/24_03-01-07-02-01-02-24_win0.wav""]","[1, 1, 1, 1]",1,0,train
seq_000733,24,47,"[""24_03-01-07-01-02-02-24"", ""24_03-01-07-02-01-01-24"", ""24_03-01-07-02-01-02-24"", ""24_03-01-07-02-02-01-24""]","[""data/processed/audio/train/24_03-01-07-01-02-02-24_win0.wav"", ""data/processed/audio/train/24_03-01-07-02-01-01-24_win0.wav"", ""data/processed/audio/train/24_03-01-07-02-01-02-24_win0.wav"", ""data/processed/audio/train/24_03-01-07-02-02-01-24_win0.wav""]","[1, 1, 1, 1]",1,0,train
seq_000734,24,48,"[""24_03-01-07-02-01-01-24"", ""24_03-01-07-02-01-02-24"", ""24_03-01-07-02-02-01-24"", ""24_03-01-07-02-02-02-24""]","[""data/processed/audio/train/24_03-01-07-02-01-01-24_win0.wav"", ""data/processed/audio/train/24_03-01-07-02-01-02-24_win0.wav"", ""data/processed/audio/train/24_03-01-07-02-02-01-24_win0.wav"", ""data/processed/audio/train/24_03-01-07-02-02-02-24_win0.wav""]","[1, 1, 1, 1]",1,0,train
